MACROAREE,PROVINCIA,COMUNE,CODICE,CODICEWISE,RETE,QUANTI_ESECUTORE,STATO,DATA_INIZIO,ALTRO_CODICE,SOSTITUITO_DA,SOSTITUISCE,X_GB,Y_GB,X_WGS84,Y_WGS84,ORIGINE_COORDINATE,QUOTA_MISURA_SLM (Qr),QUOTA_PC_SLM,H_BP,PROFONDITÃ ,FILTRI_N,FILTRI_TOP,FILTRI_BOTTOM,USO,TIPO,GWB_2015,Codice WISE Corpo idrico,Nome Corpo Idrico,SONDA AUTOMATICA,NOTE,ORIGINE
3.0,BG,ARZAGO D'ADDA,PO0160130R0002,IT03GWBISSMPAO_PO0160130R0002,2.0,,S,,,,PO0160130R0001,1545721,5035382,545694,5035362,2,106.000,106.000,,35.0,,,,DOMESTICO,POZZO,GWB ISS MPAO,IT03GWBISSMPAO,Corpo idrico sotterraneo superficiale di Media pianura Bacino Adda - Oglio,,,PTUA2022
3.0,BG,BERGAMO,PO0160240R0273,IT03GWBISSAPAO_PO0160240R0273,2.0,,M,,,,,1552434,5057641,552407,5057621,1,231.478,231.478,,80.0,,,,INDUSTRIALE,POZZO,GWB ISS APAO,IT03GWBISSAPAO,Corpo idrico sotterraneo superficiale di Alta pianura Bacino Adda - Oglio,,,PTUA2022
3.0,BG,BERGAMO,PO0160240R0296,IT03GWBISSAPAO_PO0160240R0296,1.0,1,S,2011-01-01,,,PO0160240R0273,1552422,5057977,552395,5057957,1,232.000,232.000,0.000,76.0,2,46.000,67.000,MONITORAGGIO BONIFICA,PIEZOMETRO,GWB ISS APAO,IT03GWBISSAPAO,Corpo idrico sotterraneo superficiale di Alta pianura Bacino Adda - Oglio,,,PTUA2022
3.0,BG,BOLGARE,PO0160280R0003,IT03GWBISSAPAO_PO0160280R0003,1.0,1,S,2010-01-01,,,PO0160280RP002,1563297,5053209,563270,5053189,1,192.624,192.474,0.150,22.0,1,10.000,20.000,MONITORAGGIO BONIFICA,PIEZOMETRO,GWB ISS APAO,IT03GWBISSAPAO,Corpo idrico sotterraneo superficiale di Alta pianura Bacino Adda - Oglio,SI,,PTUA2022
3.0,BG,BRIGNANO GERA D'ADDA,PO0160400U0001,IT03GWBISSAPAO_PO0160400U0001,2.0,,M,,,,,1550989,5043697,550962,5043677,2,130.000,130.000,,40.0,1,29.350,38.140,POTABILE,POZZO,GWB ISS APAO,IT03GWBISSAPAO,Corpo idrico sotterraneo superficiale di Alta pianura Bacino Adda - Oglio,,,PTUA2022
3.0,BG,BRUSAPORTO,PO016042NU0001,IT03GWBISSAPAO_PO016042NU0001,3.0,1,M,2012-05-01,,,,1560042,5057541,560015,5057521,1,232.000,232.000,0.000,75.0,1,39.000,69.000,IRRIGUO,POZZO,GWB ISS APAO,IT03GWBISSAPAO,Corpo idrico sotterraneo superficiale di Alta pianura Bacino Adda - Oglio,SI,,PTUA2022
3.0,BG,CAPRIATE SAN GERVASIO,PO0160510R0161,IT03GWBISSAPAO_PO0160510R0161,2.0,,S,,,,PO0160370R0011,1541744,5050891,541717,5050871,1,187.120,187.120,0.000,76.5,1,45.000,50.000,IGIENICO SANITARIO,POZZO,GWB ISS APAO,IT03GWBISSAPAO,Corpo idrico sotterraneo superficiale di Alta pianura Bacino Adda - Oglio,,,PTUA2022
3.0,BG,CISERANO,PO0160750U0002,IT03GWBISSAPAO_PO0160750U0002,2.0,,M,,,,,1546806,5047858,546779,5047838,1,159.316,158.566,0.750,30.0,1,20.000,30.000,IGIENICO SANITARIO,POZZO,GWB ISS APAO,IT03GWBISSAPAO,Corpo idrico sotterraneo superficiale di Alta pianura Bacino Adda - Oglio,,,PTUA2022
3.0,BG,CISERANO,PO0160750U0003,IT03GWBISSAPAO_PO0160750U0003,1.0,2,C,2011-01-01,,,PO0160750U0002,1548113,5048625,548086,5048605,1,159.040,159.040,0.000,20.0,1,5.000,20.000,MONITORAGGIO,PIEZOMETRO,GWB ISS APAO,IT03GWBISSAPAO,Corpo idrico sotterraneo superficiale di Alta pianura Bacino Adda - Oglio,,,PTUA2022
3.0,BG,CIVIDATE AL PIANO,PO0160760R1284,IT03GWBISSAPAO_PO0160760R1284,1.0,1,M,2011-01-01,,,,1565680,5042216,565653,5042196,1,131.500,131.500,0.000,18.0,,,,MONITORAGGIO,PIEZOMETRO,GWB ISS APAO,IT03GWBISSAPAO,Corpo idrico sotterraneo superficiale di Alta pianura Bacino Adda - Oglio,,,PTUA2022
3.0,BG,CORTENUOVA,PO0160830R0001,IT03GWBISSAPAO_PO0160830R0001,2.0,,M,,,,,1561898,5042230,561871,5042210,2,,130.430,,38.0,1,15.000,37.000,IRRIGUO,POZZO,GWB ISS APAO,IT03GWBISSAPAO,Corpo idrico sotterraneo superficiale di Alta pianura Bacino Adda - Oglio,,,PTUA2022
3.0,BG,COVO,PO0160870R0001,IT03GWBISSMPAO_PO0160870R0001,2.0,,M,,,,,1559535,5038855,559508,5038835,2,114.600,114.600,,30.0,1,20.000,25.000,ZOOTECNICO,POZZO,GWB ISS MPAO,IT03GWBISSMPAO,Corpo idrico sotterraneo superficiale di Media pianura Bacino Adda - Oglio,,,PTUA2022
3.0,BG,CURNO,PO0160890R0001,IT03GWBISSAPAO_PO0160890R0001,3.0,1,M,2006-03-01,,,,1546246,5058675,546219,5058655,1,201.044,200.294,0.540,40.0,1,25.000,35.000,IRRIGUO,POZZO,GWB ISS APAO,IT03GWBISSAPAO,Corpo idrico sotterraneo superficiale di Alta pianura Bacino Adda - Oglio,,,PTUA2022
3.0,BG,FARA GERA D'ADDA,PO0160960U0001,IT03GWBISSAPAO_PO0160960U0001,2.0,,M,,,,,1541590,5044959,541563,5044939,2,131.000,131.000,,39.0,1,29.000,37.000,POTABILE,POZZO,GWB ISS APAO,IT03GWBISSAPAO,Corpo idrico sotterraneo superficiale di Alta pianura Bacino Adda - Oglio,,,PTUA2022
3.0,BG,FILAGO,PO0160980R0009,IT03GWBISSAPAO_PO0160980R0009,1.0,2,S,2010-01-01,,,PO0160720R0002,1541822,5054580,541795,5054560,1,202.836,202.836,0.000,70.0,1,50.000,70.000,MONITORAGGIO DISCARICA,PIEZOMETRO,GWB ISS APAO,IT03GWBISSAPAO,Corpo idrico sotterraneo superficiale di Alta pianura Bacino Adda - Oglio,,,PTUA2022
3.0,BG,FONTANELLA,PO0161010R0001,IT03GWBISSMPAO_PO0161010R0001,2.0,,M,,,,,1563895,5036351,563868,5036331,2,,110.020,,28.0,1,25.000,28.000,ANTINCENDIO,POZZO,GWB ISS MPAO,IT03GWBISSMPAO,Corpo idrico sotterraneo superficiale di Media pianura Bacino Adda - Oglio,,,PTUA2022
3.0,BG,GHISALBA,PO0161130R0001,IT03GWBISSAPAO_PO0161130R0001,2.0,,M,,,,,1559921,5049763,559894,5049743,2,,169.000,,35.0,1,18.000,25.000,INDUSTRIALE,POZZO,GWB ISS APAO,IT03GWBISSAPAO,Corpo idrico sotterraneo superficiale di Alta pianura Bacino Adda - Oglio,,,PTUA2022
3.0,BG,GORLE,PO0161150R0118,IT03GWBISSAPAO_PO0161150R0118,2.0,,M,,,,,1555493,5060225,555466,5060205,2,261.500,261.500,,70.5,1,56.000,68.000,INDUSTRIALE,POZZO,GWB ISS APAO,IT03GWBISSAPAO,Corpo idrico sotterraneo superficiale di Alta pianura Bacino Adda - Oglio,,,PTUA2022
3.0,BG,GORLE,PO0161150U0002,IT03GWBISSAPAO_PO0161150U0002,1.0,1,M,2004-05-01,,,,1555777,5060403,555750,5060383,1,262.955,262.955,0.000,65.0,1,41.000,65.000,MONITORAGGIO BONIFICA,PIEZOMETRO,GWB ISS APAO,IT03GWBISSAPAO,Corpo idrico sotterraneo superficiale di Alta pianura Bacino Adda - Oglio,,,PTUA2022
3.0,BG,GRASSOBBIO,PO0161170R0112,IT03GWBISSAPAO_PO0161170R0112,2.0,,M,,,,,1557640,5053380,557613,5053360,2,195.100,195.100,,53.0,1,10.000,53.000,INDUSTRIALE,POZZO,GWB ISS APAO,IT03GWBISSAPAO,Corpo idrico sotterraneo superficiale di Alta pianura Bacino Adda - Oglio,,,PTUA2022
3.0,BG,GRASSOBBIO,PO016117NU0001,IT03GWBISSAPAO_PO016117NU0001,1.0,1,S,2009-03-01,,,PO016117NR0001,1556849,5054086,556822,5054066,1,204.898,204.898,0.000,60.0,1,21.000,60.000,MONITORAGGIO BONIFICA,PIEZOMETRO,GWB ISS APAO,IT03GWBISSAPAO,Corpo idrico sotterraneo superficiale di Alta pianura Bacino Adda - Oglio,,,PTUA2022
3.0,BG,ISSO,PO0161220R0519,IT03GWBISSMPAO_PO0161220R0519,3.0,1,M,2014-11-01,,,,1556780,5036747,556753,5036727,2,104.800,104.800,0.000,35.0,,,,ZOOTECNICO,POZZO,GWB ISS MPAO,IT03GWBISSMPAO,Corpo idrico sotterraneo superficiale di Media pianura Bacino Adda - Oglio,,,PTUA2022
3.0,BG,LALLIO,PO016123NU0001,IT03GWBISSAPAO_PO016123NU0001,3.0,1,M,2012-05-01,,,,1548663,5057222,548636,5057202,1,216.800,216.800,0.000,60.0,1,55.000,60.000,IRRIGUO,POZZO,GWB ISS APAO,IT03GWBISSAPAO,Corpo idrico sotterraneo superficiale di Alta pianura Bacino Adda - Oglio,,,PTUA2022
3.0,BG,LEVATE,PO0161260R0002,IT03GWBISSAPAO_PO0161260R0002,2.0,,M,,,,,1549398,5052203,549371,5052183,2,,183.300,,55.0,2,32.000,53.000,INDUSTRIALE,POZZO,GWB ISS APAO,IT03GWBISSAPAO,Corpo idrico sotterraneo superficiale di Alta pianura Bacino Adda - Oglio,,,PTUA2022
3.0,BG,LURANO,PO0161290R0001,IT03GWBISSAPAO_PO0161290R0001,3.0,1,M,2005-12-01,,,,1550487,5045663,550460,5045643,1,142.426,142.296,0.130,30.0,1,25.000,30.000,INDUSTRIALE,POZZO,GWB ISS APAO,IT03GWBISSAPAO,Corpo idrico sotterraneo superficiale di Alta pianura Bacino Adda - Oglio,,,PTUA2022
3.0,BG,MARTINENGO,PO0161330R0158,IT03GWBISSAPAO_PO0161330R0158,2.0,,M,,,,,1559095,5046594,559068,5046574,2,150.700,150.700,,34.5,,,,INDUSTRIALE,POZZO,GWB ISS APAO,IT03GWBISSAPAO,Corpo idrico sotterraneo superficiale di Alta pianura Bacino Adda - Oglio,,,PTUA2022
3.0,BG,MORENGO,PO0161400R0001,IT03GWBISSAPAO_PO0161400R0001,2.0,,M,,,,,1554070,5044692,554043,5044672,2,139.300,139.300,,35.0,1,17.000,32.000,ZOOTECNICO,POZZO,GWB ISS APAO,IT03GWBISSAPAO,Corpo idrico sotterraneo superficiale di Alta pianura Bacino Adda - Oglio,,,PTUA2022
3.0,BG,OSIO SOTTO,PO0161530R0004,IT03GWBISSAPAO_PO0161530R0004,1.0,1,M,2010-01-01,,,PO0161260U0105,1544489,5052062,544462,5052042,1,182.635,181.915,0.720,50.0,3,24.500,35.200,MONITORAGGIO DISCARICA,PIEZOMETRO,GWB ISS APAO,IT03GWBISSAPAO,Corpo idrico sotterraneo superficiale di Alta pianura Bacino Adda - Oglio,SI,,PTUA2022
3.0,BG,PAGAZZANO,PO0161540R0001,IT03GWBISSAPAO_PO0161540R0001,2.0,,M,,,,,1553584,5042001,553557,5041981,1,122.910,122.730,0.180,42.0,2,21.000,42.000,IRRIGUO,POZZO,GWB ISS APAO,IT03GWBISSAPAO,Corpo idrico sotterraneo superficiale di Alta pianura Bacino Adda - Oglio,,,PTUA2022
3.0,BG,PALOSCO,PO0161570R3380,IT03GWBISSAPAO_PO0161570R3380,3.0,1,N,2002-02-01,,,,1564693,5047606,564666,5047586,1,149.671,149.501,0.170,48.0,1,35.000,44.000,DOMESTICO,POZZO,GWB ISS APAO,IT03GWBISSAPAO,Corpo idrico sotterraneo superficiale di Alta pianura Bacino Adda - Oglio,,,PTUA2022
3.0,BG,PONTIROLO NUOVO,PO0161720U0001,IT03GWBISSAPAO_PO0161720U0001,2.0,,M,,,,,1544767,5046525,544740,5046505,2,,154.400,,42.0,1,33.000,39.000,IRRIGUO,POZZO,GWB ISS APAO,IT03GWBISSAPAO,Corpo idrico sotterraneo superficiale di Alta pianura Bacino Adda - Oglio,,,PTUA2022
3.0,BG,PUMENENGO,PO0161770U0001,IT03GWBISSAPAO_PO0161770U0001,3.0,1,M,2001-05-01,,,,1567775,5036488,567748,5036468,1,110.197,110.197,0.000,60.0,1,42.000,54.000,POTABILE,POZZO,GWB ISS APAO,IT03GWBISSAPAO,Corpo idrico sotterraneo superficiale di Alta pianura Bacino Adda - Oglio,SI,DATI SONDA AUTOMATICA NON VALIDI,PTUA2022
3.0,BG,ROMANO DI LOMBARDIA,PO0161830R0003,IT03GWBISSAPAO_PO0161830R0003,1.0,1,M,2006-02-01,,,,1559087,5041618,559060,5041598,1,124.207,124.207,0.000,62.0,1,55.000,60.000,POTABILE,POZZO,GWB ISS APAO,IT03GWBISSAPAO,Corpo idrico sotterraneo superficiale di Alta pianura Bacino Adda - Oglio,SI,,PTUA2022
3.0,BG,STEZZANO,PO0162070R0001,IT03GWBISSAPAO_PO0162070R0001,2.0,,M,,,,,1551930,5055420,551903,5055400,2,214.000,214.000,,84.0,3,54.000,81.000,IRRIGUO,POZZO,GWB ISS APAO,IT03GWBISSAPAO,Corpo idrico sotterraneo superficiale di Alta pianura Bacino Adda - Oglio,,,PTUA2022
3.0,BG,TELGATE,PO0162120R0001,IT03GWBISSAPAO_PO0162120R0001,3.0,1,M,2014-05-01,,,,1567114,5052583,567087,5052563,2,191.000,190.500,0.500,72.0,1,48.000,72.000,IRRIGUO,POZZO,GWB ISS APAO,IT03GWBISSAPAO,Corpo idrico sotterraneo superficiale di Alta pianura Bacino Adda - Oglio,,,PTUA2022
3.0,BG,TERNO D'ISOLA,PO0162130R0002,IT03GWBISSAPAO_PO0162130R0002,1.0,1,M,2004-08-01,,,,1541535,5059487,541508,5059467,1,230.290,230.290,0.000,58.0,1,30.000,52.000,MONITORAGGIO BONIFICA,PIEZOMETRO,GWB ISS APAO,IT03GWBISSAPAO,Corpo idrico sotterraneo superficiale di Alta pianura Bacino Adda - Oglio,,,PTUA2022
3.0,BG,TREVIGLIO,PO016219NUP001,IT03GWBISSAPAO_PO016219NUP001,3.0,1,M,2015-03-01,338,,,1546081,5041378,546054,5041359,1,127.309,126.559,-0.750,57.0,2,38.000,54.000,POTABILE,POZZO,GWB ISS APAO,IT03GWBISSAPAO,Corpo idrico sotterraneo superficiale di Alta pianura Bacino Adda - Oglio,,,PTUA2022
3.0,BG,VALBREMBO,PO0162240R0001,IT03GWBISSAPAO_PO0162240R0001,2.0,,M,,,,,1546514,5062518,546487,5062498,1,239.214,239.214,0.000,102.0,2,54.000,100.000,ZOOTECNICO,POZZO,GWB ISS APAO,IT03GWBISSAPAO,Corpo idrico sotterraneo superficiale di Alta pianura Bacino Adda - Oglio,,,PTUA2022
4.0,BS,ADRO,PO0170020RC545,IT03GWBISSAPOM_PO0170020RC545,2.0,,N,,,PO0170020U0002,,1573729,5052149,573702,5052129,2,,214.630,,90.0,1,71.000,85.000,IRRIGUO,POZZO,GWB ISS APOM,IT03GWBISSAPOM,Corpo idrico sotterraneo superficiale di Alta pianura Bacino Oglio - Mella,,,PTUA2022
4.0,BS,ADRO,PO0170020U0002,IT03GWBISSAPOM_PO0170020U0002,2.0,,M,,,,PO0170020RC545,,,593093,5030825,2,,,,106.0,1,85.200,103.600,POTABILE,POZZO,GWB ISS APOM,IT03GWBISSAPOM,Corpo idrico sotterraneo superficiale di Alta pianura Bacino Oglio - Mella,,,PTUA2022
4.0,BS,BARBARIGA,PO017122NRP001,IT03GWBISSMPOM_PO017122NRP001,1.0,1,M,2015-07-01,703,,,1583867,5027930,583840,5027911,1,80.260,80.050,-0.210,30.0,1,12.000,30.000,IRRIGUO,POZZO,GWB ISS MPOM,IT03GWBISSMPOM,Corpo idrico sotterraneo superficiale di Media pianura Bacino Oglio - Mincio,,,PTUA2022
4.0,BS,BASSANO BRESCIANO,PO017013NRP001,IT03GWBISSMPOM_PO017013NRP001,2.0,,M,2017-11-01,697,,,1587770,5018673,587743,5018654,1,61.799,62.549,0.750,22.0,,,,IGIENICO/INDUSTRIALE,POZZO,GWB ISS MPOM,IT03GWBISSMPOM,Corpo idrico sotterraneo superficiale di Media pianura Bacino Oglio - Mincio,,,PTUA2022
4.0,BS,BRESCIA,PO0170290RC490,IT03GWBISSAPOM_PO0170290RC490,3.0,2,M,2009-01-01,,,,1600991,5039616,600963,5039596,1,135.480,135.480,0.000,34.0,1,17.000,34.000,ANTINCENDIO,POZZO,GWB ISS APOM,IT03GWBISSAPOM,Corpo idrico sotterraneo superficiale di Alta pianura Bacino Oglio - Mella,SI,,PTUA2022
4.0,BS,BRESCIA,PO0170290UB135,IT03GWBISSAPOM_PO0170290UB135,3.0,1,M,2009-06-01,,,,1591245,5041399,591217,5041379,1,119.620,119.620,0.000,25.0,1,9.000,25.000,MONITORAGGIO BONIFICA,PIEZOMETRO,GWB ISS APOM,IT03GWBISSAPOM,Corpo idrico sotterraneo superficiale di Alta pianura Bacino Oglio - Mella,SI,,PTUA2022
4.0,BS,BRESCIA,PO017029NR0001,IT03GWBISSAPOM_PO017029NR0001,3.0,2,M,2012-01-01,,,,1591999,5038838,591971,5038818,1,107.060,107.060,0.000,12.0,1,3.000,12.000,INDUSTRIALE,PIEZOMETRO,GWB ISS APOM,IT03GWBISSAPOM,Corpo idrico sotterraneo superficiale di Alta pianura Bacino Oglio - Mella,SI,,PTUA2022
4.0,BS,BRESCIA,PO017029NR0003,IT03GWBISSAPOM_PO017029NR0003,1.0,6,N,2014-11-01,,,,1599456,5039831,599429,5039811,,,,,30.0,2,12.000,30.000,MONITORAGGIO,PIEZOMETRO,GWB ISS APOM,IT03GWBISSAPOM,Corpo idrico sotterraneo superficiale di Alta pianura Bacino Oglio - Mella,,,PTUA2022
4.0,BS,BRESCIA,PO017029NU0001,IT03GWBISSAPOM_PO017029NU0001,3.0,1,M,2012-07-01,,,,1593209,5043760,593181,5043740,1,139.770,139.770,0.000,45.0,1,30.000,45.000,MONITORAGGIO BONIFICA,PIEZOMETRO,GWB ISS APOM,IT03GWBISSAPOM,Corpo idrico sotterraneo superficiale di Alta pianura Bacino Oglio - Mella,SI,vicino barriera idraulica Caffaro,PTUA2022
4.0,BS,CALVISANO,PO0170340RC481,IT03GWBISSAPOM_PO0170340RC481,3.0,1,M,2009-07-01,,,,1603526,5027971,603498,5027951,1,85.950,85.800,0.150,10.0,1,4.000,10.000,INDUSTRIALE,PIEZOMETRO,GWB ISS APOM,IT03GWBISSAPOM,Corpo idrico sotterraneo superficiale di Alta pianura Bacino Oglio - Mella,SI,,PTUA2022
4.0,BS,CALVISANO,PO0170340RC483,IT03GWBISSAPOM_PO0170340RC483,1.0,1,M,2009-07-01,,,,1604597,5024878,604569,5024858,1,75.970,75.640,0.330,12.0,1,6.000,12.000,INDUSTRIALE,PIEZOMETRO,GWB ISS APOM,IT03GWBISSAPOM,Corpo idrico sotterraneo superficiale di Alta pianura Bacino Oglio - Mella,SI,,PTUA2022
4.0,BS,CAPRIANO DEL COLLE,PO017037NRP001,IT03GWBISSMPOM_PO017037NRP001,1.0,1,M,2015-07-01,735,,,1589919,5032092,589892,5032072,1,86.237,85.787,-0.450,40.0,1,30.000,33.000,ALTRO MONITORAGGIO,PIEZOMETRO,GWB ISS MPOM,IT03GWBISSMPOM,Corpo idrico sotterraneo superficiale di Media pianura Bacino Oglio - Mincio,SI,,PTUA2022
4.0,BS,CASTEGNATO,PO0170400RC511,IT03GWBISSAPOM_PO0170400RC511,3.0,2,M,2009-01-01,,,,1584432,5046137,584404,5046117,1,157.220,157.280,-0.060,60.0,1,37.500,55.500,INDUSTRIALE,PIEZOMETRO,GWB ISS APOM,IT03GWBISSAPOM,Corpo idrico sotterraneo superficiale di Alta pianura Bacino Oglio - Mella,,,PTUA2022
4.0,BS,CASTREZZATO,PO0170450RC542,IT03GWBISSAPOM_PO0170450RC542,1.0,2,M,2010-02-01,,,,1578823,5040233,578796,5040213,1,129.400,129.920,-0.520,28.0,1,15.000,24.000,INDUSTRIALE,POZZO,GWB ISS APOM,IT03GWBISSAPOM,Corpo idrico sotterraneo superficiale di Alta pianura Bacino Oglio - Mella,,,PTUA2022
4.0,BS,COLOGNE,PO0170590UC609,IT03GWBISSAPOM_PO0170590UC609,2.0,,M,,,,,1573715,5047385,573688,5047365,2,,172.980,,118.0,2,69.000,104.000,POTABILE,POZZO,GWB ISS APOM,IT03GWBISSAPOM,Corpo idrico sotterraneo superficiale di Alta pianura Bacino Oglio - Mella,,,PTUA2022
4.0,BS,COMEZZANO - CIZZAGO,PO0170600UC013,IT03GWBISSMPOM_PO0170600UC013,3.0,2,M,2010-01-01,,,,1574609,5036396,574582,5036376,1,109.540,108.890,0.650,40.0,1,24.000,36.000,POTABILE,POZZO,GWB ISS MPOM,IT03GWBISSMPOM,Corpo idrico sotterraneo superficiale di Media pianura Bacino Oglio - Mincio,,,PTUA2022
4.0,BS,FIESSE,PO0170710RC478,IT03GWBISSMPOM_PO0170710RC478,1.0,1,M,2011-03-01,,,,1604088,5008251,604060,5008231,1,41.500,40.780,0.720,10.0,1,4.000,10.000,INDUSTRIALE,PIEZOMETRO,GWB ISS MPOM,IT03GWBISSMPOM,Corpo idrico sotterraneo superficiale di Media pianura Bacino Oglio - Mincio,SI,,PTUA2022
4.0,BS,GAMBARA,PO017073NUP001,IT03GWBISSMPOM_PO017073NUP001,3.0,1,N,2015-04-01,674,,,1601147,5012366,601119,5012346,1,48.524,48.324,-0.200,15.0,1,10.000,14.000,IRRIGUO,POZZO,GWB ISS MPOM,IT03GWBISSMPOM,Corpo idrico sotterraneo superficiale di Media pianura Bacino Oglio - Mincio,,,PTUA2022
4.0,BS,ISORELLA,PO0170860UC579,IT03GWBISSMPOM_PO0170860UC579,3.0,1,N,2009-09-01,,,,1604146,5018664,604118,5018644,1,55.480,55.780,-0.300,47.0,1,42.000,47.000,IRRIGUO,POZZO,GWB ISS MPOM,IT03GWBISSMPOM,Corpo idrico sotterraneo superficiale di Media pianura Bacino Oglio - Mincio,,,PTUA2022
4.0,BS,LENO,PO0170880RC541,IT03GWBISSMPOM_PO0170880RC541,3.0,1,N,2009-06-01,,,,1596052,5022698,596024,5022678,1,62.160,62.160,0.000,12.0,1,3.000,12.000,INDUSTRIALE,PIEZOMETRO,GWB ISS MPOM,IT03GWBISSMPOM,Corpo idrico sotterraneo superficiale di Media pianura Bacino Oglio - Mincio,SI,,PTUA2022
4.0,BS,MONTICHIARI,PO0171130RC561,IT03GWBISSAPOM_PO0171130RC561,1.0,2,M,2009-01-01,,PO017113NRD106,,1605394,5033615,605366,5033595,2,118.750,120.000,-1.250,56.0,1,25.000,52.000,INDUSTRIALE,PIEZOMETRO,GWB ISS APOM,IT03GWBISSAPOM,Corpo idrico sotterraneo superficiale di Alta pianura Bacino Oglio - Mella,,,PTUA2022
4.0,BS,MONTICHIARI,PO017113NRD106,IT03GWBISSAPOM_PO017113NRD106,3.0,2,C,2012-01-01,,,PO0171130RC561,1605228,5032203,605200,5032183,2,111.680,111.280,0.400,41.8,1,29.800,41.800,INDUSTRIALE,POZZO,GWB ISS APOM,IT03GWBISSAPOM,Corpo idrico sotterraneo superficiale di Alta pianura Bacino Oglio - Mella,,,PTUA2022
4.0,BS,MONTIRONE,PO0171140UC023,IT03GWBISSAPOM_PO0171140UC023,2.0,,M,2009-09-01,,,,1596343,5033180,596315,5033160,1,98.780,100.610,-1.830,55.5,1,22.250,31.250,POTABILE,POZZO,GWB ISS APOM,IT03GWBISSAPOM,Corpo idrico sotterraneo superficiale di Alta pianura Bacino Oglio - Mella,,,PTUA2022
4.0,BS,OFFLAGA,PO0171220R0001,IT03GWBISSMPOM_PO0171220R0001,3.0,1,M,2016-01-01,,,,1586678,5026556,586651,5026537,1,,,,33.0,1,18.000,24.000,ZOOTECNICO,POZZO,GWB ISS MPOM,IT03GWBISSMPOM,Corpo idrico sotterraneo superficiale di Media pianura Bacino Oglio - Mincio,SI,,PTUA2022
4.0,BS,PONTOGLIO,PO0171500UC557,IT03GWBISSAPOM_PO0171500UC557,2.0,,M,,,,,1567026,5046862,566999,5046842,1,154.430,156.230,-1.800,64.5,2,38.000,64.500,POTABILE,POZZO,GWB ISS APOM,IT03GWBISSAPOM,Corpo idrico sotterraneo superficiale di Alta pianura Bacino Oglio - Mella,,,PTUA2022
4.0,BS,RODENGO SAIANO,PO0171630UC032,IT03GWBISSAPOM_PO0171630UC032,2.0,,M,,,,,1586957,5049659,586929,5049639,2,,172.400,,115.0,3,77.000,111.000,POTABILE,POZZO,GWB ISS APOM,IT03GWBISSAPOM,Corpo idrico sotterraneo superficiale di Alta pianura Bacino Oglio - Mella,,,PTUA2022
4.0,BS,ROVATO,PO0171660UC529,IT03GWBISSAPOM_PO0171660UC529,3.0,2,M,2010-02-01,,,,1579399,5046613,579372,5046593,1,176.480,176.480,0.000,81.0,1,63.000,75.000,INDUSTRIALE,POZZO,GWB ISS APOM,IT03GWBISSAPOM,Corpo idrico sotterraneo superficiale di Alta pianura Bacino Oglio - Mella,,,PTUA2022
4.0,BS,VEROLAVECCHIA,PO0171960RC629,IT03GWBISSMPOM_PO0171960RC629,1.0,1,N,2011-02-01,,,,1581582,5015456,581554,5015436,1,49.540,50.090,-0.550,65.0,1,62.000,65.000,ZOOTECNICO,POZZO,GWB ISS MPOM,IT03GWBISSMPOM,Corpo idrico sotterraneo superficiale di Media pianura Bacino Oglio - Mincio,,,PTUA2022
1.0,CO,BINAGO,PO0130230U0003,IT03GWBISSAPTA_PO0130230U0003,3.0,2,M,2001-09-01,,,,1492831,5069906,492805,5069886,1,372.084,373.384,-1.300,30.0,1,20.500,29.500,POTABILE,POZZO,GWB ISS APTA,IT03GWBISSAPTA,Corpo idrico sotterraneo superficiale di Alta pianura Bacino Ticino - Adda,,,PTUA2022
1.0,CO,BREGNANO,PO0130280U0009,IT03GWBISSAPTA_PO0130280U0009,3.0,2,M,2001-09-01,,,,1503977,5061937,503950,5061917,1,281.548,283.013,-1.465,96.0,1,71.000,86.000,POTABILE,POZZO,GWB ISS APTA,IT03GWBISSAPTA,Corpo idrico sotterraneo superficiale di Alta pianura Bacino Ticino - Adda,,,PTUA2022
1.0,CO,BRENNA,PO013029NU0003,IT03GWBISSAPTA_PO013029NU0003,3.0,2,M,2001-06-01,,,,1514944,5064415,514917,5064395,1,340.871,342.371,-1.500,79.0,1,57.000,74.000,POTABILE,POZZO,GWB ISS APTA,IT03GWBISSAPTA,Corpo idrico sotterraneo superficiale di Alta pianura Bacino Ticino - Adda,,,PTUA2022
1.0,CO,CARIMATE,PO0130460U0001,IT03GWBISSAPTA_PO0130460U0001,3.0,2,M,2007-01-01,,,,1508169,5061986,508142,5061966,1,250.348,253.598,-3.250,61.0,3,41.410,58.000,POTABILE,POZZO,GWB ISS APTA,IT03GWBISSAPTA,Corpo idrico sotterraneo superficiale di Alta pianura Bacino Ticino - Adda,,,PTUA2022
1.0,CO,CERMENATE,PO013064NU0002,IT03GWBISSAPTA_PO013064NU0002,3.0,2,M,2001-09-01,,,,1506455,5061527,506428,5061507,1,301.932,304.572,-2.640,110.0,1,98.300,102.300,POTABILE,POZZO,GWB ISS APTA,IT03GWBISSAPTA,Corpo idrico sotterraneo superficiale di Alta pianura Bacino Ticino - Adda,,,PTUA2022
1.0,CO,FENEGRO',PO0131000U0002,IT03GWBISSAPTA_PO0131000U0002,2.0,,M,,,,,1500080,5061944,500053,5061924,1,301.197,300.817,0.380,138.5,1,67.000,85.500,POTABILE,POZZO,GWB ISS APTA,IT03GWBISSAPTA,Corpo idrico sotterraneo superficiale di Alta pianura Bacino Ticino - Adda,,,PTUA2022
1.0,CO,LOCATE VARESINO,PO0131310U0001,IT03GWBISSAPTA_PO0131310U0001,3.0,2,M,2012-03-01,PO0131319U0002,,,1494622,5059677,494595,5059657,1,272.942,273.982,-1.040,58.0,1,50.000,54.000,POTABILE,POZZO,GWB ISS APTA,IT03GWBISSAPTA,Corpo idrico sotterraneo superficiale di Alta pianura Bacino Ticino - Adda,,,PTUA2022
1.0,CO,LOMAZZO,PO0131330U0009,IT03GWBISSAPTA_PO0131330U0009,3.0,2,M,2007-03-01,,,,1502044,5061531,502017,5061511,1,303.805,306.115,-2.310,153.0,1,88.000,91.000,POTABILE,POZZO,GWB ISS APTA,IT03GWBISSAPTA,Corpo idrico sotterraneo superficiale di Alta pianura Bacino Ticino - Adda,,,PTUA2022
1.0,CO,LURATE CACCIVIO,PO013138NU0001,IT03GWBISSAPTA_PO013138NU0001,1.0,6/1,M,2016-01-01,,,,1499675,5067227,499648,5067207,2,324.141,326.341,-2.200,90.0,1,35.000,75.000,POTABILE,POZZO,GWB ISS APTA,IT03GWBISSAPTA,Corpo idrico sotterraneo superficiale di Alta pianura Bacino Ticino - Adda,SI,,PTUA2022
1.0,CO,MARIANO COMENSE,PO013143NUP001,IT03GWBISSAPTA_PO013143NUP001,3.0,2,M,2015-10-01,43,,,1513136,5061586,513110,5061567,1,284.119,285.209,1.090,53.0,1,37.000,47.000,POTABILE,POZZO,GWB ISS APTA,IT03GWBISSAPTA,Corpo idrico sotterraneo superficiale di Alta pianura Bacino Ticino - Adda,,,PTUA2022
1.0,CO,MOZZATE,PO0131590U0001,IT03GWBISSAPTA_PO0131590U0001,3.0,6,M,2009-02-01,,,,1495984,5058535,495957,5058515,2,260.000,261.965,-1.965,102.5,2,40.000,98.000,POTABILE,POZZO,GWB ISS APTA,IT03GWBISSAPTA,Corpo idrico sotterraneo superficiale di Alta pianura Bacino Ticino - Adda,,,PTUA2022
1.0,CO,OLTRONA DI SAN MAMETTE,PO0131690U0001,IT03GWBISSAPTA_PO0131690U0001,2.0,,M,,,,,1497858,5067077,497832,5067057,1,366.316,367.466,-1.150,90.0,1,63.000,79.000,POTABILE,POZZO,GWB ISS APTA,IT03GWBISSAPTA,Corpo idrico sotterraneo superficiale di Alta pianura Bacino Ticino - Adda,,,PTUA2022
3.0,CR,CASALMAGGIORE,PO019021NRA001,IT03GWBISSBPPO_PO019021NRA001,2.0,,M,,,,,1612303,4981188,612274,4981169,1,,23.570,,30.0,1,2.000,20.000,IGIENICO SANITARIO,POZZO,GWB ISS BPPO,IT03GWBISSBPPO,Corpo idrico sotterraneo superficiale di Bassa pianura Bacino PO,,,PTUA2022
3.0,CR,CASTELVISCONTI,PO019027NRA001,IT03GWBISSMPAO_PO019027NRA001,3.0,1,N,2006-02-01,,,,1574426,5015792,574398,5015772,1,65.200,64.480,0.720,18.0,1,2.000,18.000,IRRIGUO,PIEZOMETRO,GWB ISS MPAO,IT03GWBISSMPAO,Corpo idrico sotterraneo superficiale di Media pianura Bacino Adda - Oglio,,,PTUA2022
3.0,CR,CORTE DE' FRATI,PO019033NRA001,IT03GWBISSMPAO_PO019033NRA001,3.0,1,M,2006-02-01,,,,1586592,5006566,586564,5006546,1,48.010,47.830,0.180,15.0,1,1.500,15.000,IRRIGUO,PIEZOMETRO,GWB ISS MPAO,IT03GWBISSMPAO,Corpo idrico sotterraneo superficiale di Media pianura Bacino Adda - Oglio,,,PTUA2022
3.0,CR,CREMA,PO019035NRA001,IT03GWBISSMPAO_PO019035NRA001,3.0,1,M,2006-03-01,,,,1552672,5022953,552645,5022933,1,77.810,77.810,0.000,10.0,1,1.000,10.000,NON DEFINITO,PIEZOMETRO,GWB ISS MPAO,IT03GWBISSMPAO,Corpo idrico sotterraneo superficiale di Media pianura Bacino Adda - Oglio,SI,,PTUA2022
3.0,CR,CREMONA,PO019036NUA001,IT03GWBISSMPAO_PO019036NUA001,3.0,1,M,2006-03-01,,,,1583006,4998561,582978,4998541,1,42.990,43.300,-0.310,20.0,1,2.000,15.000,NON DEFINITO,PIEZOMETRO,GWB ISS MPAO,IT03GWBISSMPAO,Corpo idrico sotterraneo superficiale di Media pianura Bacino Adda - Oglio,,,PTUA2022
3.0,CR,DEROVERE,PO019040NRA001,IT03GWBISSBPPO_PO019040NRA001,3.0,1,M,2006-03-01,,,,1597866,4994960,597838,4994940,1,32.950,32.700,0.250,10.0,1,2.000,10.000,IRRIGUO,PIEZOMETRO,GWB ISS BPPO,IT03GWBISSBPPO,Corpo idrico sotterraneo superficiale di Bassa pianura Bacino PO,,,PTUA2022
3.0,CR,GENIVOLTA,PO019047NRA001,IT03GWBISSMPAO_PO019047NRA001,3.0,1,M,2006-04-01,,,,1568930,5021713,568902,5021693,1,60.780,60.330,0.450,18.0,1,1.000,15.000,IRRIGUO,PIEZOMETRO,GWB ISS MPAO,IT03GWBISSMPAO,Corpo idrico sotterraneo superficiale di Media pianura Bacino Adda - Oglio,,,PTUA2022
3.0,CR,GOMBITO,PO019049NRA001,IT03GWBISSMPAO_PO019049NRA001,2.0,,M,,,,,1556176,5011339,556148,5011319,1,,51.280,,30.0,1,1.000,30.000,NON DEFINITO,POZZO,GWB ISS MPAO,IT03GWBISSMPAO,Corpo idrico sotterraneo superficiale di Media pianura Bacino Adda - Oglio,,,PTUA2022
3.0,CR,GRUMELLO CREMONESE ED UNITI,PO019051NRA001,IT03GWBISSMPAO_PO019051NRA001,3.0,1,M,2012-02-01,,,,1568904,5004763,568876,5004743,1,46.420,46.420,0.000,13.0,,,,IRRIGUO,PIEZOMETRO,GWB ISS MPAO,IT03GWBISSMPAO,Corpo idrico sotterraneo superficiale di Media pianura Bacino Adda - Oglio,,,PTUA2022
3.0,CR,MALAGNINO,PO019056NRA001,IT03GWBISSMPAO_PO019056NRA001,3.0,1,M,2014-06-01,,,,1586970,4998293,586940,4998273,1,41.000,41.000,0.000,29.0,1,13.000,28.000,IRRIGUO,POZZO,GWB ISS MPAO,IT03GWBISSMPAO,Corpo idrico sotterraneo superficiale di Media pianura Bacino Adda - Oglio,,,PTUA2022
3.0,CR,PADERNO PONCHIELLI,PO019065NRA001,IT03GWBISSMPAO_PO019065NRA001,3.0,1,N,2006-03-01,,,,1574466,5010608,574438,5010588,1,58.870,58.210,0.660,24.0,1,4.000,15.000,IRRIGUO,PIEZOMETRO,GWB ISS MPAO,IT03GWBISSMPAO,Corpo idrico sotterraneo superficiale di Media pianura Bacino Adda - Oglio,,,PTUA2022
3.0,CR,PESSINA CREMONESE,PO019070NRA001,IT03GWBISSMPAO_PO019070NRA001,3.0,1,M,2006-03-01,,,,1599806,5003171,599778,5003151,1,39.440,39.300,0.140,12.0,1,1.000,12.000,IRRIGUO,PIEZOMETRO,GWB ISS MPAO,IT03GWBISSMPAO,Corpo idrico sotterraneo superficiale di Media pianura Bacino Adda - Oglio,,,PTUA2022
3.0,CR,PIADENA,PO019071NRA001,IT03GWBISSBPPO_PO019071NRA001,3.0,1,M,2006-03-01,,,,1611031,4998762,611002,4998742,1,26.500,26.140,0.360,10.0,1,1.000,10.000,IRRIGUO,PIEZOMETRO,GWB ISS BPPO,IT03GWBISSBPPO,Corpo idrico sotterraneo superficiale di Bassa pianura Bacino PO,,,PTUA2022
3.0,CR,POZZAGLIO ED UNITI,PO019077NRA001,IT03GWBISSMPAO_PO019077NRA001,3.0,1,M,2006-03-01,,,,1579867,5008365,579839,5008345,1,53.810,53.070,0.740,18.0,1,4.000,17.000,IRRIGUO,PIEZOMETRO,GWB ISS MPAO,IT03GWBISSMPAO,Corpo idrico sotterraneo superficiale di Media pianura Bacino Adda - Oglio,,,PTUA2022
3.0,CR,RIVAROLO DEL RE ED UNITI,PO019083NRA001,IT03GWBISSBPPO_PO019083NRA001,3.0,1,M,2014-06-01,,,,1616532,4988746,616502,4988727,1,21.390,22.000,-0.610,20.0,1,10.000,20.000,ANTINCENDIO,POZZO,GWB ISS BPPO,IT03GWBISSBPPO,Corpo idrico sotterraneo superficiale di Bassa pianura Bacino PO,si,,PTUA2022
3.0,CR,RIVOLTA D'ADDA,PO019084NRA002,IT03GWBISSMPAO_PO019084NRA002,3.0,1,S,2012-02-01,,,PO019084NRA001,1540446,5033610,540419,5033590,1,96.180,95.960,0.220,10.5,1,1.000,10.000,NON DEFINITO,PIEZOMETRO,GWB ISS MPAO,IT03GWBISSMPAO,Corpo idrico sotterraneo superficiale di Media pianura Bacino Adda - Oglio,SI,,PTUA2022
3.0,CR,SAN BASSANO,PO019088NRP001,IT03GWBISSMPAO_PO019088NRP001,3.0,1,M,2015-05-01,432,,,1563745,5010339,563718,5010320,1,50.943,51.343,0.400,31.0,1,22.000,28.000,IRRIGUO,POZZO,GWB ISS MPAO,IT03GWBISSMPAO,Corpo idrico sotterraneo superficiale di Media pianura Bacino Adda - Oglio,,,PTUA2022
3.0,CR,SAN DANIELE PO,PO019089NUA001,IT03GWBISSBPPO_PO019089NUA001,3.0,1,M,2014-06-01,,,,1590562,4991171,590532,4991152,1,33.600,33.600,0.000,25.0,1,13.000,25.000,DIDATTICO/SCIENTIFICO,POZZO,GWB ISS BPPO,IT03GWBISSBPPO,Corpo idrico sotterraneo superficiale di Bassa pianura Bacino PO,,,PTUA2022
3.0,CR,SAN MARTINO DEL LAGO,PO019091NRA001,IT03GWBISSBPPO_PO019091NRA001,3.0,1,M,2006-03-01,,,,1602982,4991142,602954,4991122,1,29.180,28.830,0.350,12.0,1,2.000,12.000,IRRIGUO,PIEZOMETRO,GWB ISS BPPO,IT03GWBISSBPPO,Corpo idrico sotterraneo superficiale di Bassa pianura Bacino PO,,,PTUA2022
3.0,CR,SERGNANO,PO019094NU0944,IT03GWBISSMPAO_PO019094NU0944,3.0,1,M,2004-01-01,,,,1554749,5030589,554722,5030569,1,91.100,90.540,0.560,46.0,1,37.000,42.000,POTABILE,POZZO,GWB ISS MPAO,IT03GWBISSMPAO,Corpo idrico sotterraneo superficiale di Media pianura Bacino Adda - Oglio,,,PTUA2022
3.0,CR,STAGNO LOMBARDO,PO019103NRA001,IT03GWBISSBPPO_PO019103NRA001,3.0,1,M,2006-04-01,,,,1583764,4989711,583736,4989691,1,34.830,34.460,0.370,12.0,1,1.000,12.000,IRRIGUO,PIEZOMETRO,GWB ISS BPPO,IT03GWBISSBPPO,Corpo idrico sotterraneo superficiale di Bassa pianura Bacino PO,,,PTUA2022
3.0,CR,TRIGOLO,PO019110NRA001,IT03GWBISSMPAO_PO019110NRA001,3.0,1,N,2006-03-01,,,,1564950,5019524,564922,5019504,1,70.820,70.160,0.660,23.0,1,2.000,18.000,IRRIGUO,PIEZOMETRO,GWB ISS MPAO,IT03GWBISSMPAO,Corpo idrico sotterraneo superficiale di Media pianura Bacino Adda - Oglio,,,PTUA2022
1.0,LC,CERNUSCO LOMBARDONE,PO0970200U0002,IT03GWBISSAPTA_PO0970200U0002,1.0,6/1,M,2006-02-01,,,,1531046,5060385,531019,5060365,1,254.711,256.570,-1.859,40.0,1,22.000,36.000,POTABILE,POZZO,GWB ISS APTA,IT03GWBISSAPTA,Corpo idrico sotterraneo superficiale di Alta pianura Bacino Ticino - Adda,,,PTUA2022
1.0,LC,CERNUSCO LOMBARDONE,PO0970200U0003,IT03GWBISSAPTA_PO0970200U0003,3.0,6,M,2001-08-01,,,,1530517,5059509,530490,5059489,1,246.905,248.915,-2.010,50.0,1,37.000,43.000,POTABILE,POZZO,GWB ISS APTA,IT03GWBISSAPTA,Corpo idrico sotterraneo superficiale di Alta pianura Bacino Ticino - Adda,,,PTUA2022
1.0,LC,LOMAGNA,PO0970440U0002,IT03GWBISSAPTA_PO0970440U0002,3.0,6,M,2007-02-01,,,,1528378,5057101,528339,5057036,1,252.000,252.000,0.000,155.0,4,56.000,142.000,POTABILE,POZZO,GWB ISS APTA,IT03GWBISSAPTA,Corpo idrico sotterraneo superficiale di Alta pianura Bacino Ticino - Adda,,,PTUA2022
1.0,LC,MERATE,PO0970480U0001,IT03GWBISSAPTA_PO0970480U0001,3.0,6,M,2001-08-01,,,,1531016,5061299,530989,5061279,1,264.704,266.704,-2.000,49.8,1,35.000,44.000,POTABILE,POZZO,GWB ISS APTA,IT03GWBISSAPTA,Corpo idrico sotterraneo superficiale di Alta pianura Bacino Ticino - Adda,,,PTUA2022
1.0,LC,OSNAGO,PO0970610U0001,IT03GWBISSAPTA_PO0970610U0001,2.0,,M,,,,,1530578,5058762,530551,5058742,2,248.594,248.594,0.000,57.0,1,33.000,44.000,POTABILE,POZZO,GWB ISS APTA,IT03GWBISSAPTA,Corpo idrico sotterraneo superficiale di Alta pianura Bacino Ticino - Adda,,,PTUA2022
1.0,LC,OSNAGO,PO0970610U0015,IT03GWBISSAPTA_PO0970610U0015,1.0,6,M,2006-01-01,,,,1529887,5057963,529860,5057943,1,238.515,238.095,0.420,46.6,2,21.400,47.000,POTABILE,POZZO,GWB ISS APTA,IT03GWBISSAPTA,Corpo idrico sotterraneo superficiale di Alta pianura Bacino Ticino - Adda,,,PTUA2022
1.0,LC,VERDERIO SUPERIORE,PO097088NR0002,IT03GWBISSAPTA_PO097088NR0002,2.0,,M,,,,PO0970880R0001,1535595,5057015,535566,5056994,2,250.840,250.840,0.000,80.0,2,47.000,77.000,ZOOTECNICO,POZZO,GWB ISS APTA,IT03GWBISSAPTA,Corpo idrico sotterraneo superficiale di Alta pianura Bacino Ticino - Adda,,,PTUA2022
2.0,LO,BERTONICO,PO098002NR0045,IT03GWBISSMPLAS_PO098002NR0045,1.0,1,M,2003-09-01,,,,1551624,5007982,551597,5007962,1,65.153,64.753,0.400,12.0,,,,PIEZOMETRO,POZZO,GWB ISS MPLAS,IT03GWBISSMPLAS,Corpo idrico sotterraneo superficiale di Media pianura Bacino Lambro - Adda Sud,,,PTUA2022
2.0,LO,BOFFALORA D'ADDA,PO098003NR0063,IT03GWBISSMPAO_PO098003NR0063,1.0,1,M,2012-06-01,,,,1537605,5023199,537578,5023179,1,72.433,72.403,0.030,9.0,1,3.000,9.000,PIEZOMETRO,POZZO,GWB ISS MPAO,IT03GWBISSMPAO,Corpo idrico sotterraneo superficiale di Media pianura Bacino Adda - Oglio,,,PTUA2022
2.0,LO,BORGHETTO LODIGIANO,PO098004NR0044,IT03GWBISSMPLAS_PO098004NR0044,2.0,,M,,,,,1537721,5005153,537694,5005133,2,,58.290,,13.0,,,,DOMESTICO,POZZO,GWB ISS MPLAS,IT03GWBISSMPLAS,Corpo idrico sotterraneo superficiale di Media pianura Bacino Lambro - Adda Sud,,,PTUA2022
2.0,LO,BREMBIO,PO098006NR0030,IT03GWBISSMPLAS_PO098006NR0030,2.0,,M,,,,,1544838,5007947,544811,5007927,2,,67.160,,22.0,,,,ZOOTECNICO,POZZO,GWB ISS MPLAS,IT03GWBISSMPLAS,Corpo idrico sotterraneo superficiale di Media pianura Bacino Lambro - Adda Sud,,,PTUA2022
2.0,LO,CASALETTO LODIGIANO,PO098008NR0025,IT03GWBISSMPTLS_PO098008NR0025,3.0,1,M,2015-06-01,241,,,1528748,5016850,528721,5016831,1,71.308,71.898,0.590,38.0,1,23.000,35.000,INDUSTRIALE,POZZO,GWB ISS MPTLS,IT03GWBISSMPTLS,Corpo idrico sotterraneo superficiale di Media pianura Bacino Ticino - Lambro Sud,SI,SONDA AUTOMATICA GUASTA DA MARZO 2020,PTUA2022
2.0,LO,CASALPUSTERLENGO,PO0980100U0007,IT03GWBISSMPLAS_PO0980100U0007,1.0,2,M,2015-06-01,275,,,1550751,5003654,550724,5003635,1,61.881,63.661,1.780,39.0,1,23.250,35.300,POTABILE,POZZO,GWB ISS MPLAS,IT03GWBISSMPLAS,Corpo idrico sotterraneo superficiale di Media pianura Bacino Lambro - Adda Sud,,,PTUA2022
2.0,LO,CASALPUSTERLENGO,PO0980100U0008,IT03GWBISSMPLAS_PO0980100U0008,2.0,,M,,,,,1550705,5003638,550677,5003618,1,61.881,63.661,,41.7,1,24.700,38.700,POTABILE,POZZO,GWB ISS MPLAS,IT03GWBISSMPLAS,Corpo idrico sotterraneo superficiale di Media pianura Bacino Lambro - Adda Sud,,,PTUA2022
2.0,LO,CASELLE LANDI,PO0980110U0001,IT03GWBISSBPPO_PO0980110U0001,3.0,2,M,2009-03-01,288,,,1562237,4994642,562210,4994623,1,45.233,45.493,0.260,62.3,2,32.500,61.000,POTABILE,POZZO,GWB ISS BPPO,IT03GWBISSBPPO,Corpo idrico sotterraneo superficiale di Bassa pianura Bacino PO,,,PTUA2022
2.0,LO,CASELLE LURANI,PO098012NR0011,IT03GWBISSMPTLS_PO098012NR0011,2.0,,M,,,,,1528191,5011983,528164,5011963,2,,77.600,,14.0,,,,IRRIGUO,POZZO,GWB ISS MPTLS,IT03GWBISSMPTLS,Corpo idrico sotterraneo superficiale di Media pianura Bacino Ticino - Lambro Sud,,,PTUA2022
2.0,LO,CASTIGLIONE D'ADDA,PO098014NR0011,IT03GWBISSMPLAS_PO098014NR0011,2.0,,M,,,,,1556180,5007132,556152,5007112,2,,58.890,,20.0,,,,ZOOTECNICO,POZZO,GWB ISS MPLAS,IT03GWBISSMPLAS,Corpo idrico sotterraneo superficiale di Media pianura Bacino Lambro - Adda Sud,,,PTUA2022
2.0,LO,CAVENAGO D'ADDA,PO098017NR0063,IT03GWBISSMPLAS_PO098017NR0063,2.0,,M,,,,,1544796,5014696,544769,5014676,2,,67.880,,18.0,,,,POTABILE,POZZO,GWB ISS MPLAS,IT03GWBISSMPLAS,Corpo idrico sotterraneo superficiale di Media pianura Bacino Lambro - Adda Sud,,,PTUA2022
2.0,LO,CERVIGNANO D'ADDA,PO0980180U0001,IT03GWBISSMPLAN_PO0980180U0001,3.0,2,M,2000-01-01,,,,1533300,5024638,533273,5024618,1,86.922,87.162,-0.240,55.0,1,41.500,50.500,POTABILE,POZZO,GWB ISS MPLAN,IT03GWBISSMPLAN,Corpo idrico sotterraneo superficiale di Media pianura Bacino Lambro - Adda Nord,,,PTUA2022
2.0,LO,CODOGNO,PO0980190U0008,IT03GWBISSMPLAS_PO0980190U0008,2.0,,M,,,,PO0980190U0003,1555214,5001655,555186,5001635,1,,60.380,,34.5,1,23.000,28.000,ALTRO MONITORAGGIO,POZZO,GWB ISS MPLAS,IT03GWBISSMPLAS,Corpo idrico sotterraneo superficiale di Media pianura Bacino Lambro - Adda Sud,,,PTUA2022
2.0,LO,CODOGNO,PO098019NR0307,IT03GWBISSMPLAS_PO098019NR0307,2.0,,M,,,,,1555645,4999655,555617,4999635,2,,59.430,,22.0,,,,ZOOTECNICO,POZZO,GWB ISS MPLAS,IT03GWBISSMPLAS,Corpo idrico sotterraneo superficiale di Media pianura Bacino Lambro - Adda Sud,,,PTUA2022
2.0,LO,COMAZZO,PO0980200U0003,IT03GWBISSMPLAN_PO0980200U0003,1.0,2,M,2007-03-01,,,,1536250,5032282,536223,5032262,1,99.238,98.783,0.455,41.0,1,29.000,41.000,POTABILE,POZZO,GWB ISS MPLAN,IT03GWBISSMPLAN,Corpo idrico sotterraneo superficiale di Media pianura Bacino Lambro - Adda Nord,,,PTUA2022
2.0,LO,CORTE PALASIO,PO098024NR0018,IT03GWBISSMPLAS_PO098024NR0018,2.0,,M,,,,,1544807,5016814,544779,5016794,2,,63.970,,18.0,,,,ZOOTECNICO,POZZO,GWB ISS MPLAS,IT03GWBISSMPLAS,Corpo idrico sotterraneo superficiale di Media pianura Bacino Lambro - Adda Sud,,,PTUA2022
2.0,LO,CORTE PALASIO,PO098024NR0040,IT03GWBISSMPAO_PO098024NR0040,2.0,,M,,,,,1544926,5019135,544899,5019115,2,,67.440,,28.0,,,,ZOOTECNICO,POZZO,GWB ISS MPAO,IT03GWBISSMPAO,Corpo idrico sotterraneo superficiale di Media pianura Bacino Adda - Oglio,,,PTUA2022
2.0,LO,CORTE PALASIO,PO098024NR0087,IT03GWBISSMPAO_PO098024NR0087,1.0,1,M,2014-05-01,,,,1543975,5018387,543947,5018367,1,66.918,66.918,0.000,10.0,1,3.000,10.000,MONITORAGGIO,PIEZOMETRO,GWB ISS MPAO,IT03GWBISSMPAO,Corpo idrico sotterraneo superficiale di Media pianura Bacino Adda - Oglio,,,PTUA2022
2.0,LO,CRESPIATICA,PO098025NR0110,IT03GWBISSMPAO_PO098025NR0110,1.0,1,M,2014-05-01,,,,1542996,5021730,542968,5021710,1,72.827,72.563,0.264,10.0,1,1.000,10.000,MONITORAGGIO,PIEZOMETRO,GWB ISS MPAO,IT03GWBISSMPAO,Corpo idrico sotterraneo superficiale di Media pianura Bacino Adda - Oglio,,,PTUA2022
2.0,LO,FOMBIO,PO098026NR0074,IT03GWBISSMPLAS_PO098026NR0074,1.0,2,M,2003-01-01,PO0980260U0074,,,1553850,4999561,553822,4999541,1,58.095,57.910,0.185,30.0,1,10.000,30.000,NON DEFINITO,PIEZOMETRO,GWB ISS MPLAS,IT03GWBISSMPLAS,Corpo idrico sotterraneo superficiale di Media pianura Bacino Lambro - Adda Sud,,,PTUA2022
2.0,LO,GRAFFIGNANA,PO098028NR0021,IT03GWBISSMPTLS_PO098028NR0021,2.0,,M,,,,,1535560,5007448,535533,5007428,2,,62.910,,50.0,1,45.000,50.000,ZOOTECNICO,POZZO,GWB ISS MPTLS,IT03GWBISSMPTLS,Corpo idrico sotterraneo superficiale di Media pianura Bacino Ticino - Lambro Sud,,,PTUA2022
2.0,LO,LODI,PO0980310U0014,IT03GWBISSMPLAS_PO0980310U0014,2.0,,M,,,,,1539147,5017594,539120,5017574,2,,76.400,,50.0,1,28.000,45.000,POTABILE,POZZO,GWB ISS MPLAS,IT03GWBISSMPLAS,Corpo idrico sotterraneo superficiale di Media pianura Bacino Lambro - Adda Sud,,,PTUA2022
2.0,LO,LODI,PO0980310U0335,IT03GWBISSMPLAS_PO0980310U0335,2.0,,M,,237,,,1539114,5017565,539087,5017546,1,78.675,79.315,0.640,76.0,3,28.000,64.000,POTABILE,POZZO,GWB ISS MPLAS,IT03GWBISSMPLAS,Corpo idrico sotterraneo superficiale di Media pianura Bacino Lambro - Adda Sud,,,PTUA2022
2.0,LO,LODI,PO098031NR0333,IT03GWBISSMPLAS_PO098031NR0333,3.0,2,M,2015-05-01,236,,,1536116,5018864,536089,5018845,1,81.233,80.783,-0.450,75.0,1,40.000,52.000,POTABILE,POZZO,GWB ISS MPLAS,IT03GWBISSMPLAS,Corpo idrico sotterraneo superficiale di Media pianura Bacino Lambro - Adda Sud,,,PTUA2022
2.0,LO,LODI VECCHIO,PO0980320U0002,IT03GWBISSMPLAS_PO0980320U0002,1.0,2,M,2000-01-01,,,,1532580,5016545,532553,5016525,1,80.442,80.892,-0.450,66.5,3,31.000,61.000,POTABILE,POZZO,GWB ISS MPLAS,IT03GWBISSMPLAS,Corpo idrico sotterraneo superficiale di Media pianura Bacino Lambro - Adda Sud,,,PTUA2022
2.0,LO,ORIO LITTA,PO098042NR0008,IT03GWBISSMPLAS_PO098042NR0008,2.0,,M,,,,,1543632,5001895,543605,5001875,2,,66.650,,25.0,,,,POTABILE,POZZO,GWB ISS MPLAS,IT03GWBISSMPLAS,Corpo idrico sotterraneo superficiale di Media pianura Bacino Lambro - Adda Sud,,,PTUA2022
2.0,LO,SAN ROCCO AL PORTO,PO098049NR0122,IT03GWBISSBPPO_PO098049NR0122,2.0,,M,,,,,1555771,4991330,555742,4991311,2,,51.850,,28.0,,,,INDUSTRIALE,POZZO,GWB ISS BPPO,IT03GWBISSBPPO,Corpo idrico sotterraneo superficiale di Bassa pianura Bacino PO,,,PTUA2022
2.0,LO,SAN ROCCO AL PORTO,PO098049NR0141,IT03GWBISSBPPO_PO098049NR0141,1.0,1,M,2014-05-01,,,,1551005,4994257,550976,4994238,1,49.723,49.747,-0.024,12.0,1,5.200,12.000,MONITORAGGIO,PIEZOMETRO,GWB ISS BPPO,IT03GWBISSBPPO,Corpo idrico sotterraneo superficiale di Bassa pianura Bacino PO,,,PTUA2022
2.0,LO,SANT'ANGELO LODIGIANO,PO098050NR0053,IT03GWBISSMPTLS_PO098050NR0053,2.0,2,M,,,,,1532605,5008576,532578,5008556,2,,75.050,,72.0,1,55.000,65.000,IGIENICO SANITARIO,POZZO,GWB ISS MPTLS,IT03GWBISSMPTLS,Corpo idrico sotterraneo superficiale di Media pianura Bacino Ticino - Lambro Sud,,,PTUA2022
2.0,LO,SANTO STEFANO LODIGIANO,PO0980510U0001,IT03GWBISSMPLAS_PO0980510U0001,3.0,2,M,2015-06-01,282,,,1558501,4998246,558474,4998227,1,51.843,51.013,-0.830,56.6,1,30.750,53.000,POTABILE,POZZO,GWB ISS MPLAS,IT03GWBISSMPLAS,Corpo idrico sotterraneo superficiale di Media pianura Bacino Lambro - Adda Sud,,,PTUA2022
2.0,LO,SECUGNAGO,PO098052NR0037,IT03GWBISSMPLAS_PO098052NR0037,1.0,1,M,2012-06-01,,,,1545743,5007828,545716,5007808,1,67.381,67.437,-0.056,10.0,1,2.000,10.000,MONITORAGGIO BONIFICA,PIEZOMETRO,GWB ISS MPLAS,IT03GWBISSMPLAS,Corpo idrico sotterraneo superficiale di Media pianura Bacino Lambro - Adda Sud,,,PTUA2022
2.0,LO,SENNA LODIGIANA,PO0980530U0003,IT03GWBISSMPLAS_PO0980530U0003,2.0,,M,,,,,1546643,4999930,546615,4999911,2,,60.630,,28.0,1,20.000,23.500,POTABILE,POZZO,GWB ISS MPLAS,IT03GWBISSMPLAS,Corpo idrico sotterraneo superficiale di Media pianura Bacino Lambro - Adda Sud,,,PTUA2022
2.0,LO,TAVAZZANO CON VILLAVESCO,PO098056NR0115,IT03GWBISSMPLAN_PO098056NR0115,2.0,,M,,,,,1531450,5021580,531423,5021560,2,,85.280,,30.0,,,,ZOOTECNICO,POZZO,GWB ISS MPLAN,IT03GWBISSMPLAN,Corpo idrico sotterraneo superficiale di Media pianura Bacino Lambro - Adda Nord,,,PTUA2022
2.0,LO,VILLANOVA DEL SILLARO,PO0980600U0001,IT03GWBISSMPLAS_PO0980600U0001,1.0,2,M,2006-01-01,,,,1536358,5010175,536331,5010155,1,72.786,71.715,1.071,59.0,1,39.000,57.000,POTABILE,POZZO,GWB ISS MPLAS,IT03GWBISSMPLAS,Corpo idrico sotterraneo superficiale di Media pianura Bacino Lambro - Adda Sud,,,PTUA2022
2.0,LO,ZELO BUON PERSICO,PO0980610U0001,IT03GWBISSMPLAN_PO0980610U0001,2.0,,M,,,,,1533979,5028725,533952,5028705,2,,95.030,,61.0,3,31.000,55.000,POTABILE,POZZO,GWB ISS MPLAN,IT03GWBISSMPLAN,Corpo idrico sotterraneo superficiale di Media pianura Bacino Lambro - Adda Nord,,,PTUA2022
2.0,MB,ARCORE,PO108004NR0031,IT03GWBISSAPTA_PO108004NR0031,2.0,,M,,PO015008NR0031,,,1525448,5051287,525421,5051267,2,,185.690,,41.0,2,28.000,39.000,INDUSTRIALE,POZZO,GWB ISS APTA,IT03GWBISSAPTA,Corpo idrico sotterraneo superficiale di Alta pianura Bacino Ticino - Adda,,,PTUA2022
2.0,MB,BARLASSINA,PO108005NU0002,IT03GWBISSAPTA_PO108005NU0002,2.0,,M,,PO0150130U0002,,,1510182,5055898,510155,5055878,1,226.540,226.760,-0.220,75.0,2,55.350,73.800,POTABILE,POZZO,GWB ISS APTA,IT03GWBISSAPTA,Corpo idrico sotterraneo superficiale di Alta pianura Bacino Ticino - Adda,,,PTUA2022
2.0,MB,CAPONAGO,PO1080520U0016,IT03GWBISSAPTA_PO1080520U0016,1.0,2,M,2016-02-01,159; PO0150470U0016,,,1528664,5045748,528638,5045729,1,155.237,157.507,2.270,42.0,1,40.500,42.000,POTABILE,PIEZOMETRO,GWB ISS APTA,IT03GWBISSAPTA,Corpo idrico sotterraneo superficiale di Alta pianura Bacino Ticino - Adda,,,PTUA2022
2.0,MB,CAVENAGO DI BRIANZA,PO108017NR0055,IT03GWBISSAPTA_PO108017NR0055,2.0,,M,,PO015068NR0055,,,1531620,5048380,531593,5048360,2,,174.000,,30.0,1,23.000,30.000,IRRIGUO,POZZO,GWB ISS APTA,IT03GWBISSAPTA,Corpo idrico sotterraneo superficiale di Alta pianura Bacino Ticino - Adda,,,PTUA2022
2.0,MB,CONCOREZZO,PO1080210U0002,IT03GWBISSAPTA_PO1080210U0002,3.0,2,M,2006-03-01,PO0150840U0002,,,1525403,5047377,525376,5047357,1,162.450,162.450,0.000,56.0,1,32.000,47.000,POTABILE,POZZO,GWB ISS APTA,IT03GWBISSAPTA,Corpo idrico sotterraneo superficiale di Alta pianura Bacino Ticino - Adda,,,PTUA2022
2.0,MB,DESIO,PO108023NU0003,IT03GWBISSAPTA_PO108023NU0003,3.0,4,M,2011-03-01,PO1080230U0003,PO0151000U0003,,1516288,5051940,516261,5051920,1,199.167,199.167,0.000,78.0,3,42.000,65.000,POTABILE,POZZO,GWB ISS APTA,IT03GWBISSAPTA,Corpo idrico sotterraneo superficiale di Alta pianura Bacino Ticino - Adda,,,PTUA2022
2.0,MB,LIMBIATE,PO108027NR0020,IT03GWBISSAPTA_PO108027NR0020,2.0,,M,,PO0151210R0020,,PO015121NR0020,1509357,5051500,509330,5051480,2,,207.970,,54.0,1,46.900,52.100,ANTINCENDIO,POZZO,GWB ISS APTA,IT03GWBISSAPTA,Corpo idrico sotterraneo superficiale di Alta pianura Bacino Ticino - Adda,,,PTUA2022
2.0,MB,LISSONE,PO1080280U0004,IT03GWBISSAPTA_PO1080280U0004,2.0,,M,,PO0151230U0004,,,1519324,5051552,519297,5051532,2,,193.190,,75.0,1,29.000,56.000,POTABILE,POZZO,GWB ISS APTA,IT03GWBISSAPTA,Corpo idrico sotterraneo superficiale di Alta pianura Bacino Ticino - Adda,,,PTUA2022
2.0,MB,MEZZAGO,PO1080310U0001,IT03GWBISSAPTA_PO1080310U0001,3.0,2,M,2000-01-01,PO0151450U0001,,,1534739,5052951,534712,5052931,1,220.664,220.664,0.000,75.2,1,54.000,74.650,POTABILE,POZZO,GWB ISS APTA,IT03GWBISSAPTA,Corpo idrico sotterraneo superficiale di Alta pianura Bacino Ticino - Adda,,,PTUA2022
2.0,MB,MONZA,PO108033NR0142,IT03GWBISSAPTA_PO108033NR0142,3.0,1,M,2016-02-01,PO015149NR0142,,,1522648,5051403,522621,5051383,2,178.790,178.790,,42.0,1,10.500,31.500,IRRIGUO,POZZO,GWB ISS APTA,IT03GWBISSAPTA,Corpo idrico sotterraneo superficiale di Alta pianura Bacino Ticino - Adda,,,PTUA2022
2.0,MB,MONZA,PO108033NU0120,IT03GWBISSAPTA_PO108033NU0120,2.0,,S,,PO0151490U0120,,PO0151490U0084,1521583,5048688,521556,5048668,2,,168.550,,51.0,1,35.000,41.000,MONITORAGGIO,PIEZOMETRO,GWB ISS APTA,IT03GWBISSAPTA,Corpo idrico sotterraneo superficiale di Alta pianura Bacino Ticino - Adda,,,PTUA2022
2.0,MB,MONZA,PO108033NU0243,IT03GWBISSAPTA_PO108033NU0243,1.0,1,M,2014-03-01,PO108033NU0243,,,1520754,5045957,520727,5045937,1,163.584,163.584,0.000,50.0,1,22.500,49.500,MONITORAGGIO,PIEZOMETRO,GWB ISS APTA,IT03GWBISSAPTA,Corpo idrico sotterraneo superficiale di Alta pianura Bacino Ticino - Adda,SI,,PTUA2022
2.0,MB,MUGGIO',PO108034NU0036,IT03GWBISSAPTA_PO108034NU0036,2.0,,M,,PO0151520U0036,,PO015152NU0036,1517630,5047880,517603,5047860,2,,171.490,,80.0,1,63.000,75.000,POTABILE,POZZO,GWB ISS APTA,IT03GWBISSAPTA,Corpo idrico sotterraneo superficiale di Alta pianura Bacino Ticino - Adda,,,PTUA2022
2.0,MB,NOVA MILANESE,PO1080350U0024,IT03GWBISSAPTA_PO1080350U0024,1.0,2,M,2000-01-01,PO0151560U0024,,,1514999,5048844,514972,5048824,1,174.020,176.600,-2.580,85.0,2,50.000,79.000,POTABILE,POZZO,GWB ISS APTA,IT03GWBISSAPTA,Corpo idrico sotterraneo superficiale di Alta pianura Bacino Ticino - Adda,,,PTUA2022
2.0,MB,ORNAGO,PO108036NU0001,IT03GWBISSAPTA_PO108036NU0001,2.0,,M,,PO0151610U0001,,,1532857,5049622,532830,5049602,2,,187.690,,71.5,2,30.000,67.100,POTABILE,POZZO,GWB ISS APTA,IT03GWBISSAPTA,Corpo idrico sotterraneo superficiale di Alta pianura Bacino Ticino - Adda,,,PTUA2022
2.0,MB,SEREGNO,PO1080390U0026,IT03GWBISSAPTA_PO1080390U0026,3.0,2,M,2015-04-01,173; PO0152080U0026,,,1516768,5056444,516742,5056425,1,230.749,233.749,3.000,96.0,3,68.000,88.000,POTABILE,POZZO,GWB ISS APTA,IT03GWBISSAPTA,Corpo idrico sotterraneo superficiale di Alta pianura Bacino Ticino - Adda,,,PTUA2022
2.0,MI,ABBIATEGRASSO,PO0150020U0005,IT03GWBISSMPTLN_PO0150020U0005,1.0,2,N,2012-01-01,,,PO0150050U0010,1493737,5027427,493710,5027408,1,120.750,120.750,0.000,73.0,1,34.440,58.000,ALTRO MONITORAGGIO,POZZO,GWB ISS MPTLN,IT03GWBISSMPTLN,Corpo idrico sotterraneo superficiale di Media pianura Bacino Ticino - Lambro Nord,,,PTUA2022
2.0,MI,ABBIATEGRASSO,PO0150020U0014,IT03GWBISSMPTLN_PO0150020U0014,3.0,2,M,2020-05-01,PO015020NU0014,,,,,493116,5028379,2,122,122,,104.0,1,67.000,94.000,POTABILE,POZZO,GWB ISS MPTLN,IT03GWBISSMPTLN,Corpo idrico sotterraneo superficiale di Media pianura Bacino Ticino - Lambro Nord,,,PTUA2022
2.0,MI,BAREGGIO,PO015012NR0072,IT03GWBISSMPTLN_PO015012NR0072,2.0,,M,,,,,1499022,5036506,498995,5036486,2,,140.170,,11.5,,,,IRRIGUO,POZZO,GWB ISS MPTLN,IT03GWBISSMPTLN,Corpo idrico sotterraneo superficiale di Media pianura Bacino Ticino - Lambro Nord,,,PTUA2022
2.0,MI,BASIGLIO,PO0150150U0001,IT03GWBISSMPTLN_PO0150150U0001,1.0,2,N,2009-01-01,,PO015173NR0001,,1512896,5021812,512869,5021793,1,96.789,96.789,0.000,42.0,1,32.000,40.000,ALTRO MONITORAGGIO,POZZO,GWB ISS MPTLN,IT03GWBISSMPTLN,Corpo idrico sotterraneo superficiale di Media pianura Bacino Ticino - Lambro Nord,,,PTUA2022
2.0,MI,BERNATE TICINO,PO015019NR0001,IT03GWBISSAPTA_PO015019NR0001,1.0,2,M,2013-03-01,PO0150190U0001,,,1486533,5037861,486506,5037842,1,151.010,151.130,0.120,63.5,1,40.000,54.250,ALTRO MONITORAGGIO,POZZO,GWB ISS APTA,IT03GWBISSAPTA,Corpo idrico sotterraneo superficiale di Alta pianura Bacino Ticino - Adda,,,PTUA2022
2.0,MI,BERNATE TICINO,PO015019NR0037,IT03GWBISSAPTA_PO015019NR0037,2.0,,M,,,,,,,486234,5036651,2,,147.270,,44.0,1,30.000,40.000,INDUSTRIALE,POZZO,GWB ISS APTA,IT03GWBISSAPTA,Corpo idrico sotterraneo superficiale di Alta pianura Bacino Ticino - Adda,,,PTUA2022
2.0,MI,BOLLATE,PO015027NR0045,IT03GWBISSAPTA_PO015027NR0045,2.0,,M,,,,,1508117,5042493,508090,5042473,2,,148.400,,40.0,2,10.000,31.000,INDUSTRIALE,POZZO,GWB ISS APTA,IT03GWBISSAPTA,Corpo idrico sotterraneo superficiale di Alta pianura Bacino Ticino - Adda,,,PTUA2022
2.0,MI,BUSTO GAROLFO,PO015041NR0075,IT03GWBISSAPTA_PO015041NR0075,1.0,1,M,2014-05-01,0150410075,,,1491363,5042033,491337,5042014,1,171.640,172.010,-0.370,30.0,1,15.000,30.000,MONITORAGGIO,PIEZOMETRO,GWB ISS APTA,IT03GWBISSAPTA,Corpo idrico sotterraneo superficiale di Alta pianura Bacino Ticino - Adda,SI,,PTUA2022
2.0,MI,CARUGATE,PO015051NR0012,IT03GWBISSAPTA_PO015051NR0012,3.0,1,M,2016-02-01,0150510012,,,1526121,5045232,526092,5045211,2,,153.000,,40.0,2,22.000,37.000,INDUSTRIALE,POZZO,GWB ISS APTA,IT03GWBISSAPTA,Corpo idrico sotterraneo superficiale di Alta pianura Bacino Ticino - Adda,SI,,PTUA2022
2.0,MI,CASSANO D'ADDA,PO015059NR0135,IT03GWBISSAPTA_PO015059NR0135,2.0,,M,,PO0150590R0135,,,,,539584,5043353,2,,128.019,,50.0,,,,ANTINCENDIO,POZZO,GWB ISS APTA,IT03GWBISSAPTA,Corpo idrico sotterraneo superficiale di Alta pianura Bacino Ticino - Adda,,,PTUA2022
2.0,MI,CASSINA DE' PECCHI,PO015060NU0070,IT03GWBISSAPTA_PO015060NU0070,1.0,1,M,2014-05-01,0150600070,,,1528584,5041396,528555,5041375,1,134.130,134.130,0.000,43.0,,,,MONITORAGGIO,PIEZOMETRO,GWB ISS APTA,IT03GWBISSAPTA,Corpo idrico sotterraneo superficiale di Alta pianura Bacino Ticino - Adda,,,PTUA2022
2.0,MI,CASTANO PRIMO,PO015062NR0026,IT03GWBISSAPTA_PO015062NR0026,2.0,,M,,,,,1482274,5043044,482247,5043025,2,,173.380,,48.0,1,35.000,44.000,INDUSTRIALE,POZZO,GWB ISS APTA,IT03GWBISSAPTA,Corpo idrico sotterraneo superficiale di Alta pianura Bacino Ticino - Adda,,,PTUA2022
2.0,MI,CASTANO PRIMO,PO015062NR0071,IT03GWBISSAPTA_PO015062NR0071,1.0,1,M,2014-05-01,0150620071,,,1479280,5043827,479252,5043806,1,170.690,170.640,0.050,35.0,1,20.000,35.000,MONITORAGGIO,PIEZOMETRO,GWB ISS APTA,IT03GWBISSAPTA,Corpo idrico sotterraneo superficiale di Alta pianura Bacino Ticino - Adda,,,PTUA2022
2.0,MI,COLOGNO MONZESE,PO015081NR0044,IT03GWBISSAPTA_PO015081NR0044,2.0,,S,,PO0150810R0127,,PO015081NR0127,1521245,5042340,521218,5042320,2,,135.520,,48.0,3,30.000,46.000,INDUSTRIALE,POZZO,GWB ISS APTA,IT03GWBISSAPTA,Corpo idrico sotterraneo superficiale di Alta pianura Bacino Ticino - Adda,,,PTUA2022
2.0,MI,CORNAREDO,PO0150870U0001,IT03GWBISSMPTLN_PO0150870U0001,1.0,2,M,2009-01-01,,,,1501585,5037867,501558,5037847,1,142.840,142.840,0.000,66.7,2,30.700,62.700,POTABILE,POZZO,GWB ISS MPTLN,IT03GWBISSMPTLN,Corpo idrico sotterraneo superficiale di Media pianura Bacino Ticino - Lambro Nord,,,PTUA2022
2.0,MI,GORGONZOLA,PO0151080U0002,IT03GWBISSAPTA_PO0151080U0002,3.0,2,M,2016-02-01,PO015108NU0002,,,1532076,5042267,532049,5042247,2,,134.370,,90.0,1,33.050,46.600,POTABILE,POZZO,GWB ISS APTA,IT03GWBISSAPTA,Corpo idrico sotterraneo superficiale di Alta pianura Bacino Ticino - Adda,,"fino al 2018 misure manuali; successiva transizione a misure con sonde automatiche, i cui dati non sono stati inseriti in quanto non validi",PTUA2022
2.0,MI,INVERUNO,PO015113NUP001,IT03GWBISSAPTA_PO015113NUP001,1.0,1,M,2016-02-01,85,,,1489324,5039486,489298,5039467,1,158.606,158.826,0.220,25.0,1,9.000,25.000,ALTRO MONITORAGGIO,PIEZOMETRO,GWB ISS APTA,IT03GWBISSAPTA,Corpo idrico sotterraneo superficiale di Alta pianura Bacino Ticino - Adda,,,PTUA2022
2.0,MI,LAINATE,PO015116NR0026,IT03GWBISSAPTA_PO015116NR0026,2.0,,M,,0151160026,,,1502338,5046935,502310,5046914,2,,180.000,,45.0,1,28.000,38.000,INDUSTRIALE,POZZO,GWB ISS APTA,IT03GWBISSAPTA,Corpo idrico sotterraneo superficiale di Alta pianura Bacino Ticino - Adda,,,PTUA2022
2.0,MI,LEGNANO,PO015118NR0049,IT03GWBISSAPTA_PO015118NR0049,2.0,,M,,0151180049,,,1491387,5049806,491359,5049785,2,,217.800,,67.0,1,40.000,62.000,INDUSTRIALE,POZZO,GWB ISS APTA,IT03GWBISSAPTA,Corpo idrico sotterraneo superficiale di Alta pianura Bacino Ticino - Adda,,,PTUA2022
2.0,MI,MELEGNANO,PO0151400R0048,IT03GWBISSMPTLN_PO0151400R0048,2.0,,M,,PO015140NR0048,,,,,523570,5021899,2,,91.716,,51.0,1,33.000,39.000,IRRIGUO,POZZO,GWB ISS MPTLN,IT03GWBISSMPTLN,Corpo idrico sotterraneo superficiale di Media pianura Bacino Ticino - Lambro Nord,,,PTUA2022
2.0,MI,MELEGNANO,PO015140NR0109,IT03GWBISSMPTLN_PO015140NR0109,1.0,1,M,2015-03-01,0151400109,,,1525126,5022191,525097,5022171,1,90.340,90.520,-0.180,21.0,1,9.000,20.000,MONITORAGGIO,PIEZOMETRO,GWB ISS MPTLN,IT03GWBISSMPTLN,Corpo idrico sotterraneo superficiale di Media pianura Bacino Ticino - Lambro Nord,SI,,PTUA2022
2.0,MI,MILANO,PO0151460U1638,IT03GWBISSAPTA_PO0151460U1638,2.0,,M,,,,,1514275,5033534,514248,5033514,2,,115.280,,40.0,1,25.000,35.500,IRRIGUO,POZZO,GWB ISS APTA,IT03GWBISSAPTA,Corpo idrico sotterraneo superficiale di Alta pianura Bacino Ticino - Adda,,,PTUA2022
2.0,MI,MILANO,PO015146NR0699,IT03GWBISSAPTA_PO015146NR0699,2.0,,M,,PO0151460R0699,,,1514998,5041116,514971,5041096,2,,137.190,,30.0,1,21.590,27.600,INDUSTRIALE,POZZO,GWB ISS APTA,IT03GWBISSAPTA,Corpo idrico sotterraneo superficiale di Alta pianura Bacino Ticino - Adda,,,PTUA2022
2.0,MI,MILANO,PO015146NR1105,IT03GWBISSAPTA_PO015146NR1105,2.0,,M,,PO0151460R1105,,,1509892,5039399,509865,5039379,2,,135.320,,41.0,1,29.000,37.000,INDUSTRIALE,POZZO,GWB ISS APTA,IT03GWBISSAPTA,Corpo idrico sotterraneo superficiale di Alta pianura Bacino Ticino - Adda,,,PTUA2022
2.0,MI,MILANO,PO015146NR2600,IT03GWBISSAPTA_PO015146NR2600,2.0,,M,,PO0151460R2600,,,1519050,5036610,519023,5036590,2,,117.190,,20.0,1,13.000,20.000,INDUSTRIALE,POZZO,GWB ISS APTA,IT03GWBISSAPTA,Corpo idrico sotterraneo superficiale di Alta pianura Bacino Ticino - Adda,,,PTUA2022
2.0,MI,MILANO,PO015146NU1120,IT03GWBISSAPTA_PO015146NU1120,1.0,2,M,2008-01-01,,,,1513631,5033934,513604,5033914,1,117.370,117.370,0.000,17.0,,,,ALTRO MONITORAGGIO,PIEZOMETRO,GWB ISS APTA,IT03GWBISSAPTA,Corpo idrico sotterraneo superficiale di Alta pianura Bacino Ticino - Adda,,,PTUA2022
2.0,MI,MILANO,PO015146NU1313,IT03GWBISSAPTA_PO015146NU1313,1.0,2,M,2008-01-01,PO0151460U1313,,,1519778,5037955,519751,5037935,1,118.845,118.845,0.000,19.0,,,,ALTRO MONITORAGGIO,PIEZOMETRO,GWB ISS APTA,IT03GWBISSAPTA,Corpo idrico sotterraneo superficiale di Alta pianura Bacino Ticino - Adda,,,PTUA2022
2.0,MI,MILANO,PO015146NU1353,IT03GWBISSAPTA_PO015146NU1353,1.0,2,M,2012-01-01,,,,1519822,5033800,519795,5033780,1,108.811,108.811,0.000,16.0,,,,ALTRO MONITORAGGIO,PIEZOMETRO,GWB ISS APTA,IT03GWBISSAPTA,Corpo idrico sotterraneo superficiale di Alta pianura Bacino Ticino - Adda,,,PTUA2022
2.0,MI,MILANO,PO015146NU1378,IT03GWBISSMPTLN_PO015146NU1378,1.0,2,M,2012-01-01,,,,1515314,5031525,515287,5031505,1,111.174,111.174,0.000,14.0,,,,ALTRO MONITORAGGIO,PIEZOMETRO,GWB ISS MPTLN,IT03GWBISSMPTLN,Corpo idrico sotterraneo superficiale di Media pianura Bacino Ticino - Lambro Nord,,,PTUA2022
2.0,MI,MILANO,PO015146NU1379,IT03GWBISSMPTLN_PO015146NU1379,1.0,2,M,2008-01-01,PO0151460U1379,,,1518797,5029392,518770,5029372,1,103.009,103.009,0.000,7.0,,,,ALTRO MONITORAGGIO,PIEZOMETRO,GWB ISS MPTLN,IT03GWBISSMPTLN,Corpo idrico sotterraneo superficiale di Media pianura Bacino Ticino - Lambro Nord,,,PTUA2022
2.0,MI,MILANO,PO015146NU1435,IT03GWBISSMPTLN_PO015146NU1435,1.0,2,M,2005-11-01,PO0151460U1435,,,1509889,5031683,509862,5031663,1,115.102,115.102,0.000,9.0,,,,ALTRO MONITORAGGIO,PIEZOMETRO,GWB ISS MPTLN,IT03GWBISSMPTLN,Corpo idrico sotterraneo superficiale di Media pianura Bacino Ticino - Lambro Nord,,,PTUA2022
2.0,MI,MILANO,PO015146NU1489,IT03GWBISSMPTLN_PO015146NU1489,1.0,2,N,2012-01-01,,,,1505573,5032814,505546,5032794,1,122.041,122.041,0.000,12.0,,,,ALTRO MONITORAGGIO,PIEZOMETRO,GWB ISS MPTLN,IT03GWBISSMPTLN,Corpo idrico sotterraneo superficiale di Media pianura Bacino Ticino - Lambro Nord,,,PTUA2022
2.0,MI,MILANO,PO015146NU1496,IT03GWBISSMPTLN_PO015146NU1496,1.0,2,M,2012-01-01,,,,1506100,5037850,506073,5037830,1,135.680,135.680,0.000,15.0,,,,ALTRO MONITORAGGIO,PIEZOMETRO,GWB ISS MPTLN,IT03GWBISSMPTLN,Corpo idrico sotterraneo superficiale di Media pianura Bacino Ticino - Lambro Nord,,,PTUA2022
2.0,MI,MILANO,PO015146NU1534,IT03GWBISSAPTA_PO015146NU1534,1.0,2,M,2002-01-01,PO0151460U1534,,,1510150,5040217,510123,5040197,1,138.950,138.830,0.120,24.0,,,,ALTRO MONITORAGGIO,PIEZOMETRO,GWB ISS APTA,IT03GWBISSAPTA,Corpo idrico sotterraneo superficiale di Alta pianura Bacino Ticino - Adda,,,PTUA2022
2.0,MI,MILANO,PO015146NU1536,IT03GWBISSAPTA_PO015146NU1536,1.0,2,M,2012-01-01,,,,1511891,5036706,511864,5036686,1,125.200,125.200,0.000,19.0,,,,ALTRO MONITORAGGIO,PIEZOMETRO,GWB ISS APTA,IT03GWBISSAPTA,Corpo idrico sotterraneo superficiale di Alta pianura Bacino Ticino - Adda,,,PTUA2022
2.0,MI,MILANO,PO015146NU1557,IT03GWBISSAPTA_PO015146NU1557,1.0,2,M,2012-01-01,,,,1514421,5036858,514394,5036838,1,123.760,123.700,0.060,30.0,,,,ALTRO MONITORAGGIO,POZZO,GWB ISS APTA,IT03GWBISSAPTA,Corpo idrico sotterraneo superficiale di Alta pianura Bacino Ticino - Adda,,,PTUA2022
2.0,MI,MOTTA VISCONTI,PO015151NUP001,IT03GWBISSMPTLN_PO015151NUP001,2.0,,M,,861,,,1499639,5015128,499612,5015109,1,99.129,101.149,-2.361,42.0,1,30.000,42.000,PUBBLICO,PIEZOMETRO,GWB ISS MPTLN,IT03GWBISSMPTLN,Corpo idrico sotterraneo superficiale di Media pianura Bacino Ticino - Lambro Nord,,,PTUA2022
2.0,MI,NERVIANO,PO015154NR0013,IT03GWBISSAPTA_PO015154NR0013,2.0,,M,,,,PO015168NR0023,1497725,5042642,497698,5042622,2,,169.040,,80.0,1,46.000,66.000,ALTRO MONITORAGGIO,POZZO,GWB ISS APTA,IT03GWBISSAPTA,Corpo idrico sotterraneo superficiale di Alta pianura Bacino Ticino - Adda,,,PTUA2022
2.0,MI,OPERA,PO015159NR0012,IT03GWBISSMPTLN_PO015159NR0012,2.0,,S,,,,PO0151590R0009,1516247,5024024,516220,5024004,2,,97.980,,49.5,3,20.000,45.000,INDUSTRIALE,POZZO,GWB ISS MPTLN,IT03GWBISSMPTLN,Corpo idrico sotterraneo superficiale di Media pianura Bacino Ticino - Lambro Nord,,,PTUA2022
2.0,MI,PADERNO DUGNANO,PO0151660U0001,IT03GWBISSAPTA_PO0151660U0001,2.0,,M,,,,,1512878,5046798,512851,5046778,2,,165.690,,63.0,1,39.000,63.000,POTABILE,POZZO,GWB ISS APTA,IT03GWBISSAPTA,Corpo idrico sotterraneo superficiale di Alta pianura Bacino Ticino - Adda,,,PTUA2022
2.0,MI,PERO,PO015170NR0021,IT03GWBISSAPTA_PO015170NR0021,2.0,,N,,PO0151700R0021,PO015170NR0099,,1506133,5038908,506106,5038888,2,,141.020,,42.0,2,26.000,40.000,INDUSTRIALE,POZZO,GWB ISS APTA,IT03GWBISSAPTA,Corpo idrico sotterraneo superficiale di Alta pianura Bacino Ticino - Adda,,,PTUA2022
2.0,MI,PERO,PO015170NR0099,IT03GWBISSAPTA_PO015170NR0099,2.0,,M,,,,PO0151700R0021,1505670,5039510,505725,5039688,2,,142.290,,34.0,0,0.000,0.000,MONITORAGGIO,PIEZOMETRO,GWB ISS APTA,IT03GWBISSAPTA,Corpo idrico sotterraneo superficiale di Alta pianura Bacino Ticino - Adda,,,PTUA2022
2.0,MI,PIEVE EMANUELE,PO015173NR0001,IT03GWBISSMPTLN_PO015173NR0001,1.0,1,M,2018-07-01,,,PO0150150U0001,1515750,5020780,515723,5020760,,94.740,94.740,0.000,30.0,1,6.000,27.000,ALTRO MONITORAGGIO,POZZO,GWB ISS MPTLN,IT03GWBISSMPTLN,Corpo idrico sotterraneo superficiale di Media pianura Bacino Ticino - Lambro Nord,,,PTUA2022
2.0,MI,PIOLTELLO,PO015175NR0150,IT03GWBISSAPTA_PO015175NR0150,2.0,,M,,,,,1526065,5037018,526038,5036998,2,,120.580,,50.0,1,13.200,50.000,INDUSTRIALE,POZZO,GWB ISS APTA,IT03GWBISSAPTA,Corpo idrico sotterraneo superficiale di Alta pianura Bacino Ticino - Adda,,,PTUA2022
2.0,MI,RESCALDINA,PO0151810U0001,IT03GWBISSAPTA_PO0151810U0001,1.0,2,M,2005-01-01,,,,1496137,5051418,496110,5051398,1,222.440,222.540,-0.100,81.7,2,51.700,73.700,POTABILE,POZZO,GWB ISS APTA,IT03GWBISSAPTA,Corpo idrico sotterraneo superficiale di Alta pianura Bacino Ticino - Adda,,,PTUA2022
2.0,MI,RHO,PO015182NR0018,IT03GWBISSAPTA_PO015182NR0018,2.0,,S,,,,PO015182NR0019,1502727,5042389,502700,5042369,2,,159.410,,49.5,1,41.000,45.500,INDUSTRIALE,POZZO,GWB ISS APTA,IT03GWBISSAPTA,Corpo idrico sotterraneo superficiale di Alta pianura Bacino Ticino - Adda,,,PTUA2022
2.0,MI,ROZZANO,PO015189NR0143,IT03GWBISSMPTLN_PO015189NR0143,2.0,,M,,,,,1514822,5025586,514795,5025566,2,,100.600,,51.0,1,32.000,47.000,IRRIGUO,POZZO,GWB ISS MPTLN,IT03GWBISSMPTLN,Corpo idrico sotterraneo superficiale di Media pianura Bacino Ticino - Lambro Nord,,,PTUA2022
2.0,MI,SAN DONATO MILANESE,PO015192NR0212,IT03GWBISSMPTLN_PO015192NR0212,2.0,,M,,,,PO0151950U0012,1520262,5028345,520235,5028325,2,,99.240,,30.0,1,18.000,27.000,INDUSTRIALE,POZZO,GWB ISS MPTLN,IT03GWBISSMPTLN,Corpo idrico sotterraneo superficiale di Media pianura Bacino Ticino - Lambro Nord,,,PTUA2022
2.0,MI,SAN GIORGIO SU LEGNANO,PO015194NR0015,IT03GWBISSAPTA_PO015194NR0015,2.0,,M,,PO015194RN0015,,,1493421,5046619,493394,5046599,2,,196.760,,60.0,1,35.000,55.000,INDUSTRIALE,POZZO,GWB ISS APTA,IT03GWBISSAPTA,Corpo idrico sotterraneo superficiale di Alta pianura Bacino Ticino - Adda,,,PTUA2022
2.0,MI,SAN GIORGIO SU LEGNANO,PO015194NU0017,IT03GWBISSAPTA_PO015194NU0017,1.0,1,M,2014-05-01,0151940017,,,1492959,5045915,492931,5045894,1,191.600,191.650,-0.050,50.0,1,28.000,50.000,MONITORAGGIO,PIEZOMETRO,GWB ISS APTA,IT03GWBISSAPTA,Corpo idrico sotterraneo superficiale di Alta pianura Bacino Ticino - Adda,,,PTUA2022
2.0,MI,SAN VITTORE OLONA,PO015201NR0013,IT03GWBISSAPTA_PO015201NR0013,2.0,,M,,PO0152010R0013,,,1496458,5047149,496431,5047129,2,,189.570,,50.0,1,30.000,50.000,INDUSTRIALE,POZZO,GWB ISS APTA,IT03GWBISSAPTA,Corpo idrico sotterraneo superficiale di Alta pianura Bacino Ticino - Adda,,,PTUA2022
2.0,MI,SAN ZENONE AL LAMBRO,PO0152020U0025,IT03GWBISSMPLAS_PO0152020U0025,3.0,2,M,2015-05-01,222,,,1528317,5018901,528291,5018882,1,84.866,84.686,-0.180,28.0,1,22.000,28.000,POTABILE,PIEZOMETRO,GWB ISS MPLAS,IT03GWBISSMPLAS,Corpo idrico sotterraneo superficiale di Media pianura Bacino Lambro - Adda Sud,,"fino al 2018 misure manuali; successiva transizione a misure con sonde automatiche, i cui dati non sono stati inseriti in quanto non validi",PTUA2022
2.0,MI,SEGRATE,PO0152050R0052,IT03GWBISSAPTA_PO0152050R0052,2.0,,M,,,,,,,522133,5034224,2,,108.98,,36.0,1,6.000,34.000,INDUSTRIALE,POZZO,GWB ISS APTA,IT03GWBISSAPTA,Corpo idrico sotterraneo superficiale di Alta pianura Bacino Ticino - Adda,,,PTUA2022
2.0,MI,SENAGO,PO0152060U0004,IT03GWBISSAPTA_PO0152060U0004,3.0,2,M,2005-01-01,PO015206U00004,,,1510321,5047258,510294,5047238,1,169.780,169.780,0.000,104.0,2,41.290,64.110,POTABILE,POZZO,GWB ISS APTA,IT03GWBISSAPTA,Corpo idrico sotterraneo superficiale di Alta pianura Bacino Ticino - Adda,,"fino al 2018 misure manuali; successiva transizione a misure con sonde automatiche, i cui dati non sono stati inseriti in quanto non validi",PTUA2022
2.0,MI,SETTALA,PO0152100U0004,IT03GWBISSMPLAN_PO0152100U0004,1.0,2,M,2005-01-01,,,,1530941,5030996,530914,5030976,1,97.739,97.739,0.000,43.0,4,14.000,39.000,INDUSTRIALE,POZZO,GWB ISS MPLAN,IT03GWBISSMPLAN,Corpo idrico sotterraneo superficiale di Media pianura Bacino Lambro - Adda Nord,,,PTUA2022
2.0,MI,SETTALA,PO015210NR0022,IT03GWBISSMPLAN_PO015210NR0022,2.0,,M,,PO0152100R0022,,,1529749,5030685,529722,5030665,2,,98.760,,40.0,2,18.000,38.500,IRRIGUO,POZZO,GWB ISS MPLAN,IT03GWBISSMPLAN,Corpo idrico sotterraneo superficiale di Media pianura Bacino Lambro - Adda Nord,,,PTUA2022
2.0,MI,SETTIMO MILANESE,PO015211NUP001,IT03GWBISSMPTLN_PO015211NUP001,3.0,2,M,2015-05-01,124,,,1503725,5038360,503699,5038341,1,141.431,141.341,-0.090,54.0,,,,POTABILE,PIEZOMETRO,GWB ISS MPTLN,IT03GWBISSMPTLN,Corpo idrico sotterraneo superficiale di Media pianura Bacino Ticino - Lambro Nord,,"fino al 2018 misure manuali; successiva transizione a misure con sonde automatiche, i cui dati non sono stati inseriti in quanto non validi",PTUA2022
2.0,MI,TREZZANO ROSA,PO015219NU0009,IT03GWBISSAPTA_PO015219NU0009,1.0,2,M,2015-05-01,199,,,1537546,5047790,537519,5047771,1,168.999,170.379,1.380,45.0,1,34.000,40.500,POTABILE,PIEZOMETRO,GWB ISS APTA,IT03GWBISSAPTA,Corpo idrico sotterraneo superficiale di Alta pianura Bacino Ticino - Adda,,"fino al 2018 misure manuali; successiva transizione a misure con sonde automatiche, i cui dati non sono stati inseriti in quanto non validi",PTUA2022
2.0,MI,TREZZO SULL'ADDA,PO0152210U0001,IT03GWBISSAPTA_PO0152210U0001,3.0,2,M,2000-01-01,PO015221NU0001,,,1540538,5051087,540511,5051067,1,150.393,150.393,0.000,32.98,1,17.000,32.000,POTABILE,POZZO,GWB ISS APTA,IT03GWBISSAPTA,Corpo idrico sotterraneo superficiale di Alta pianura Bacino Ticino - Adda,,"fino al 2018 misure manuali; successiva transizione a misure con sonde automatiche, i cui dati non sono stati inseriti in quanto non validi",PTUA2022
2.0,MI,TRIBIANO,PO015222NR0015,IT03GWBISSMPLAN_PO015222NR0015,2.0,,M,,,,PO0151390R0024,1528210,5028450,528183,5028430,2,,95.390,,40.0,1,26.000,38.000,INDUSTRIALE,POZZO,GWB ISS MPLAN,IT03GWBISSMPLAN,Corpo idrico sotterraneo superficiale di Media pianura Bacino Lambro - Adda Nord,,,PTUA2022
2.0,MI,VANZAGHELLO,PO0152490U0002,IT03GWBISSAPTA_PO0152490U0002,1.0,2,M,2005-01-01,,,,1482359,5046739,482332,5046719,1,191.913,191.913,0.000,60.0,1,54.000,58.000,ALTRO MONITORAGGIO,PIEZOMETRO,GWB ISS APTA,IT03GWBISSAPTA,Corpo idrico sotterraneo superficiale di Alta pianura Bacino Ticino - Adda,,"fino al 2018 misure manuali; successiva transizione a misure con sonde automatiche, i cui dati non sono stati inseriti in quanto non validi",PTUA2022
2.0,MI,VAPRIO D'ADDA,PO0152300U0056,IT03GWBISSAPTA_PO0152300U0056,2.0,,M,,0152300056,,,1541265,5047750,541236,5047729,2,,165.550,,45.0,1,35.000,40.000,POTABILE,POZZO,GWB ISS APTA,IT03GWBISSAPTA,Corpo idrico sotterraneo superficiale di Alta pianura Bacino Ticino - Adda,,,PTUA2022
2.0,MI,VERMEZZO,PO0152350U0001,IT03GWBISSMPTLN_PO0152350U0001,1.0,2,M,2005-01-01,,,,1498620,5026505,498593,5026486,1,115.420,115.420,0.000,61.96,2,40.410,59.760,POTABILE,POZZO,GWB ISS MPTLN,IT03GWBISSMPTLN,Corpo idrico sotterraneo superficiale di Media pianura Bacino Ticino - Lambro Nord,,"fino al 2018 misure manuali; successiva transizione a misure con sonde automatiche, i cui dati non sono stati inseriti in quanto non validi",PTUA2022
2.0,MI,VITTUONE,PO015243NUP001,IT03GWBISSAPTA_PO015243NUP001,1.0,2,M,2016-02-01,98,,,1496237,5037337,496211,5037318,1,147.213,146.463,-0.750,50.0,1,30.000,50.000,POTABILE,PIEZOMETRO,GWB ISS APTA,IT03GWBISSAPTA,Corpo idrico sotterraneo superficiale di Alta pianura Bacino Ticino - Adda,,"fino al 2018 misure manuali; successiva transizione a misure con sonde automatiche, i cui dati non sono stati inseriti in quanto non validi",PTUA2022
2.0,MI,ZIBIDO S. GIACOMO,PO015247NR0185,IT03GWBISSMPTLN_PO015247NR0185,1.0,2,M,2015-02-01,127,,,1505622,5026895,505596,5026876,1,110.000,110.000,0.000,35.0,3,3.000,35.000,MONITORAGGIO,PIEZOMETRO,GWB ISS MPTLN,IT03GWBISSMPTLN,Corpo idrico sotterraneo superficiale di Media pianura Bacino Ticino - Lambro Nord,,,PTUA2022
4.0,MN,ASOLA,PO0200020R0002,IT03GWBISSMPOM_PO0200020R0002,2.0,,N,,,,,1614140,5011190,614112,5011170,2,43.478,43.478,,33.0,,,,IRRIGUO,POZZO,GWB ISS MPOM,IT03GWBISSMPOM,Corpo idrico sotterraneo superficiale di Media pianura Bacino Oglio - Mincio,,,PTUA2022
4.0,MN,BAGNOLO SAN VITO,PO0200030R0001,IT03GWBISSMPOM_PO0200030R0001,2.0,,M,,,,,1645576,4995414,645547,4995394,2,18.473,18.473,,18.0,,,,IRRIGUO,POZZO,GWB ISS MPOM,IT03GWBISSMPOM,Corpo idrico sotterraneo superficiale di Media pianura Bacino Oglio - Mincio,,,PTUA2022
4.0,MN,BAGNOLO SAN VITO,PO0200030R0002,IT03GWBISSBPPO_PO0200030R0002,1.0,1,M,2005-10-01,,,,1645256,4994437,645227,4994417,1,17.258,17.258,0.000,52.3,,,,IGIENICO,POZZO,GWB ISS BPPO,IT03GWBISSBPPO,Corpo idrico sotterraneo superficiale di Bassa pianura Bacino PO,SI,,PTUA2022
4.0,MN,BIGARELLO,PO020004NR0001,IT03GWBISSMPBM_PO020004NR0001,3.0,1,S,2010-02-01,,,PO0200040U0001,1649445,5004843,649416,5004823,1,26.300,26.300,0.000,15.0,1,5.000,15.000,NON DEFINITO,PIEZOMETRO,GWB ISS MPBM,IT03GWBISSMPBM,Corpo idrico sotterraneo superficiale di Media pianura Bacino Basso Mincio,SI,,PTUA2022
4.0,MN,BORGO VIRGILIO,PO0200710U0001,IT03GWBISSBPPO_PO0200710U0001,2.0,,M,,PO0200050U0001,,,1637385,4990375,637356,4990355,2,19.800,19.800,,20.0,1,15.000,20.000,IRRIGUO,POZZO,GWB ISS BPPO,IT03GWBISSBPPO,Corpo idrico sotterraneo superficiale di Bassa pianura Bacino PO,,,PTUA2022
4.0,MN,CASTEL GOFFREDO,PO0200150R0001,IT03GWBISSMPOM_PO0200150R0001,2.0,,M,,,,,1612194,5017637,612166,5017617,2,51.500,51.500,,36.0,1,32.000,36.000,IGIENICO,POZZO,GWB ISS MPOM,IT03GWBISSMPOM,Corpo idrico sotterraneo superficiale di Media pianura Bacino Oglio - Mincio,,,PTUA2022
4.0,MN,CASTEL GOFFREDO,PO0200150R0002,IT03GWBISSMPOM_PO0200150R0002,1.0,1,M,2009-10-01,,,,1612186,5017592,612158,5017572,1,51.500,51.500,0.000,6.0,1,4.000,6.000,NON DEFINITO,PIEZOMETRO,GWB ISS MPOM,IT03GWBISSMPOM,Corpo idrico sotterraneo superficiale di Media pianura Bacino Oglio - Mincio,SI,,PTUA2022
4.0,MN,CASTIGLIONE DELLE STIVIERE,PO0200170R0001,IT03GWBISSAPOM_PO0200170R0001,3.0,2,M,2005-01-01,,,,1615395,5028487,615368,5028467,1,105.253,105.253,0.000,28.0,1,18.000,28.000,NON DEFINITO,PIEZOMETRO,GWB ISS APOM,IT03GWBISSAPOM,Corpo idrico sotterraneo superficiale di Alta pianura Bacino Oglio - Mella,,,PTUA2022
4.0,MN,CASTIGLIONE DELLE STIVIERE,PO020017NU0005,IT03GWBISSAPOM_PO020017NU0005,3.0,1,M,2013-12-01,,,,1618089,5027983,618058,5027963,1,112.830,112.690,0.140,60.0,1,48.000,58.000,NON DEFINITO,PIEZOMETRO,GWB ISS APOM,IT03GWBISSAPOM,Corpo idrico sotterraneo superficiale di Alta pianura Bacino Oglio - Mella,SI,,PTUA2022
4.0,MN,CAVRIANA,PO0200180R0037,IT03GWBISSMPOM_PO0200180R0037,2.0,,M,,,,,1625500,5020470,625471,5020450,2,61.280,61.280,,50.0,,,,INDUSTRIALE,POZZO,GWB ISS MPOM,IT03GWBISSMPOM,Corpo idrico sotterraneo superficiale di Media pianura Bacino Oglio - Mincio,,,PTUA2022
4.0,MN,CAVRIANA,PO020018NU0004,IT03GWBISSMPOM_PO020018NU0004,3.0,1,M,2013-12-01,,,,1625433,5021576,625402,5021557,1,76.160,76.340,-0.180,40.0,1,27.000,39.000,NON DEFINITO,PIEZOMETRO,GWB ISS MPOM,IT03GWBISSMPOM,Corpo idrico sotterraneo superficiale di Media pianura Bacino Oglio - Mincio,SI,,PTUA2022
4.0,MN,CURTATONE,PO0200210R0045,IT03GWBISSMPOM_PO0200210R0045,1.0,1,M,2008-01-01,,,,1639414,4998598,639385,4998578,1,22.963,22.963,0.000,30.0,,,,ANTINCENDIO,POZZO,GWB ISS MPOM,IT03GWBISSMPOM,Corpo idrico sotterraneo superficiale di Media pianura Bacino Oglio - Mincio,,,PTUA2022
4.0,MN,CURTATONE,PO020021NRP001,IT03GWBISSBPPO_PO020021NRP001,1.0,1,M,2015-05-01,650,,,1633547,4994891,633518,4994872,1,20.444,21.694,1.250,40.0,1,34.000,40.000,IRRIGUO,POZZO,GWB ISS BPPO,IT03GWBISSBPPO,Corpo idrico sotterraneo superficiale di Bassa pianura Bacino PO,,,PTUA2022
4.0,MN,FELONICA,PO020023NUP001,IT03GWBISSBPPO_PO020023NUP001,3.0,1,M,2015-05-01,55,,,1685874,4983503,685844,4983484,1,,8.700,,50.0,1,14.000,50.000,MONITORAGGIO,PIEZOMETRO,GWB ISS BPPO,IT03GWBISSBPPO,Corpo idrico sotterraneo superficiale di Bassa pianura Bacino PO,SI,,PTUA2022
4.0,MN,GAZOLDO DEGLI IPPOLITI,PO0200240R0001,IT03GWBISSMPOM_PO0200240R0001,3.0,2,M,2005-12-01,,,,1624059,5006866,624030,5006846,1,34.614,34.614,0.000,15.0,1,6.000,12.000,NON DEFINITO,PIEZOMETRO,GWB ISS MPOM,IT03GWBISSMPOM,Corpo idrico sotterraneo superficiale di Media pianura Bacino Oglio - Mincio,,,PTUA2022
4.0,MN,GOITO,PO0200260R0001,IT03GWBISSMPBM_PO0200260R0001,2.0,,M,,,,,1631563,5012419,631534,5012399,2,31.750,31.750,,25.0,,,,NON DEFINITO,POZZO,GWB ISS MPBM,IT03GWBISSMPBM,Corpo idrico sotterraneo superficiale di Media pianura Bacino Basso Mincio,,,PTUA2022
4.0,MN,GONZAGA,PO0200270R0053,IT03GWBISSBPPO_PO0200270R0053,3.0,1,M,2001-03-01,,,,1646282,4978469,646253,4978449,1,17.841,17.841,0.000,19.0,,,,NON DEFINITO,POZZO,GWB ISS BPPO,IT03GWBISSBPPO,Corpo idrico sotterraneo superficiale di Bassa pianura Bacino PO,,,PTUA2022
4.0,MN,GONZAGA,PO020027NR0004,IT03GWBISSBPPO_PO020027NR0004,2.0,,M,,,,,1641600,4982258,641569,4982239,2,,17.850,,45.0,1,25.000,45.000,INDUSTRIALE,POZZO,GWB ISS BPPO,IT03GWBISSBPPO,Corpo idrico sotterraneo superficiale di Bassa pianura Bacino PO,,,PTUA2022
4.0,MN,GUIDIZZOLO,PO0200280R0056,IT03GWBISSMPOM_PO0200280R0056,3.0,1,M,2006-08-01,,,,1624093,5020113,624064,5020093,1,65.270,65.270,0.000,54.0,1,44.000,54.000,NON DEFINITO,POZZO,GWB ISS MPOM,IT03GWBISSMPOM,Corpo idrico sotterraneo superficiale di Media pianura Bacino Oglio - Mincio,SI,,PTUA2022
4.0,MN,MAGNACAVALLO,PO0200290R0002,IT03GWBISSBPPO_PO0200290R0002,3.0,1,M,2012-02-01,,,,1668136,4985315,668106,4985295,1,13.000,13.000,0.000,15.0,1,13.000,15.000,NON DEFINITO,PIEZOMETRO,GWB ISS BPPO,IT03GWBISSBPPO,Corpo idrico sotterraneo superficiale di Bassa pianura Bacino PO,,,PTUA2022
4.0,MN,MANTOVA,PO020030NU0002,IT03GWBISSMPOM_PO020030NU0002,2.0,,M,,,,,1637331,5000823,637302,5000803,2,24.728,24.728,,36.0,1,25.000,36.000,NON DEFINITO,POZZO,GWB ISS MPOM,IT03GWBISSMPOM,Corpo idrico sotterraneo superficiale di Media pianura Bacino Oglio - Mincio,,,PTUA2022
4.0,MN,MANTOVA,PO020030NU0004,IT03GWBISSMPOM_PO020030NU0004,1.0,1,M,2008-01-01,,,,1640787,5001200,640758,5001180,1,17.900,17.900,0.000,16.0,1,9.000,15.000,NON DEFINITO,PIEZOMETRO,GWB ISS MPOM,IT03GWBISSMPOM,Corpo idrico sotterraneo superficiale di Media pianura Bacino Oglio - Mincio,SI,,PTUA2022
4.0,MN,MARCARIA,PO0200310R0062,IT03GWBISSBPPO_PO0200310R0062,1.0,1,M,2001-06-01,,,,1627768,4991897,627739,4991877,1,21.824,21.824,0.000,8.0,,,,IRRIGUO,POZZO,GWB ISS BPPO,IT03GWBISSBPPO,Corpo idrico sotterraneo superficiale di Bassa pianura Bacino PO,,,PTUA2022
4.0,MN,MARIANA MANTOVANA,PO020032NR0001,IT03GWBISSMPOM_PO020032NR0001,3.0,2,M,2006-01-01,,,,1616398,5003336,616370,5003316,1,33.008,33.008,0.000,25.0,1,12.000,24.000,NON DEFINITO,PIEZOMETRO,GWB ISS MPOM,IT03GWBISSMPOM,Corpo idrico sotterraneo superficiale di Media pianura Bacino Oglio - Mincio,,,PTUA2022
4.0,MN,MARMIROLO,PO0200330R0002,IT03GWBISSMPBM_PO0200330R0002,3.0,1,M,2006-01-01,,,,1639094,5008536,639065,5008516,1,31.883,31.883,0.000,38.0,,,,NON DEFINITO,POZZO,GWB ISS MPBM,IT03GWBISSMPBM,Corpo idrico sotterraneo superficiale di Media pianura Bacino Basso Mincio,,,PTUA2022
4.0,MN,MEDOLE,PO0200340R0001,IT03GWBISSMPOM_PO0200340R0001,2.0,,M,,,,,1618552,5022295,618524,5022275,2,71.500,71.500,,46.0,,,,NON DEFINITO,POZZO,GWB ISS MPOM,IT03GWBISSMPOM,Corpo idrico sotterraneo superficiale di Media pianura Bacino Oglio - Mincio,,,PTUA2022
4.0,MN,MEDOLE,PO020034NU0002,IT03GWBISSMPOM_PO020034NU0002,3.0,1,M,2013-12-01,,,,1620141,5022665,620111,5022646,1,83.110,83.160,-0.050,40.0,1,27.000,39.000,NON DEFINITO,PIEZOMETRO,GWB ISS MPOM,IT03GWBISSMPOM,Corpo idrico sotterraneo superficiale di Media pianura Bacino Oglio - Mincio,SI,,PTUA2022
4.0,MN,MOTTEGGIANA,PO0200370R0002,IT03GWBISSBPPO_PO0200370R0002,1.0,1,M,2012-11-01,,,PO0200270U0001,1634467,4988270,634438,4988250,1,18.000,18.000,0.000,13.0,1,10.000,13.000,NON DEFINITO,PIEZOMETRO,GWB ISS BPPO,IT03GWBISSBPPO,Corpo idrico sotterraneo superficiale di Bassa pianura Bacino PO,SI,,PTUA2022
4.0,MN,PIEVE DI CORIANO,PO0200400R0001,IT03GWBISSBPPO_PO0200400R0001,3.0,1,N,2005-05-01,,PO0200720R0001,,1664204,4988439,664174,4988419,1,11.817,11.817,0.000,51.0,,,,NON DEFINITO,PIEZOMETRO,GWB ISS BPPO,IT03GWBISSBPPO,Corpo idrico sotterraneo superficiale di Bassa pianura Bacino PO,SI,HA PRESO NOME BORGO MANTOVANO,PTUA2022
4.0,MN,BORGO MANTOVANO,PO0200720R0001,IT03GWBISSBPPO_PO0200720R0001,3.0,1,S,2019-04-01,,,PO0200400R0001,1664204,4988439,664174,4988419,1,11.817,11.817,0.000,51.0,,,,NON DEFINITO,PIEZOMETRO,GWB ISS BPPO,IT03GWBISSBPPO,Corpo idrico sotterraneo superficiale di Bassa pianura Bacino PO,SI,,PTUA2022
4.0,MN,POGGIO RUSCO,PO0200420R0001,IT03GWBISSBPPO_PO0200420R0001,3.0,2,M,2005-05-01,,,,1669005,4982270,668975,4982250,1,10.859,10.859,0.000,6.0,,,,IRRIGUO,POZZO,GWB ISS BPPO,IT03GWBISSBPPO,Corpo idrico sotterraneo superficiale di Bassa pianura Bacino PO,,,PTUA2022
4.0,MN,PORTO MANTOVANO,PO0200450R0001,IT03GWBISSMPBM_PO0200450R0001,2.0,,M,,,,,1641311,5006839,641282,5006819,2,29.869,29.869,,41.0,1,36.000,41.000,IRRIGUO,POZZO,GWB ISS MPBM,IT03GWBISSMPBM,Corpo idrico sotterraneo superficiale di Media pianura Bacino Basso Mincio,,,PTUA2022
4.0,MN,QUISTELLO,PO0200470R0001,IT03GWBISSBPPO_PO0200470R0001,2.0,,N,,,PO020047NU0001,,1658417,4988381,658387,4988361,2,15.000,15.000,,20.0,1,18.000,20.000,IRRIGUO,POZZO,GWB ISS BPPO,IT03GWBISSBPPO,Corpo idrico sotterraneo superficiale di Bassa pianura Bacino PO,,,PTUA2022
4.0,MN,QUISTELLO,PO020047NU0001,IT03GWBISSBPPO_PO020047NU0001,2.0,,M,,,,PO0200470R0001,,,656257,4986322,2,,,,30.0,0,,,IRRIGUO,POZZO,GWB ISS BPPO,IT03GWBISSBPPO,Corpo idrico sotterraneo superficiale di Bassa pianura Bacino PO,,,PTUA2022
4.0,MN,REVERE,PO0200490R0085,IT03GWBISSBPPO_PO0200490R0085,2.0,,N,,,PO0200720R0002,,1667680,4989800,667650,4989780,2,12.883,12.883,,30.0,,,,ANTINCENDIO,POZZO,GWB ISS BPPO,IT03GWBISSBPPO,Corpo idrico sotterraneo superficiale di Bassa pianura Bacino PO,,,PTUA2022
4.0,MN,BORGO MANTOVANO,PO0200720R0002,IT03GWBISSBPPO_PO0200720R0002,2.0,,M,,,,PO0200490R0085,1667680,4989800,667650,4989780,2,12.883,12.883,,30.0,,,,ANTINCENDIO,POZZO,GWB ISS BPPO,IT03GWBISSBPPO,Corpo idrico sotterraneo superficiale di Bassa pianura Bacino PO,,,PTUA2022
4.0,MN,RODIGO,PO0200510R0001,IT03GWBISSMPOM_PO0200510R0001,2.0,,M,,,,,1631128,5005164,631099,5005144,2,32.600,32.600,,40.0,1,35.000,40.000,IGIENICO SANITARIO,POZZO,GWB ISS MPOM,IT03GWBISSMPOM,Corpo idrico sotterraneo superficiale di Media pianura Bacino Oglio - Mincio,,,PTUA2022
4.0,MN,RODIGO,PO0200510R0002,IT03GWBISSMPOM_PO0200510R0002,1.0,1,M,2012-02-01,,,,1631201,5004984,631172,5004964,1,31.000,31.000,0.000,17.0,1,15.000,17.000,NON DEFINITO,PIEZOMETRO,GWB ISS MPOM,IT03GWBISSMPOM,Corpo idrico sotterraneo superficiale di Media pianura Bacino Oglio - Mincio,,,PTUA2022
4.0,MN,RONCOFERRARO,PO0200520U0001,IT03GWBISSMPBM_PO0200520U0001,2.0,,N,,,,,1653458,4999211,653428,4999191,2,17.144,17.144,,30.0,1,27.000,30.000,NON DEFINITO,POZZO,GWB ISS MPBM,IT03GWBISSMPBM,Corpo idrico sotterraneo superficiale di Media pianura Bacino Basso Mincio,,,PTUA2022
4.0,MN,ROVERBELLA,PO0200530R0089,IT03GWBISSMPBM_PO0200530R0089,3.0,1,N,2001-03-01,,PO0200530U0001 solo per il qualitativo,,1641735,5013604,641706,5013584,1,35.415,35.415,0.000,30.0,,,,ANTINCENDIO,POZZO,GWB ISS MPBM,IT03GWBISSMPBM,Corpo idrico sotterraneo superficiale di Media pianura Bacino Basso Mincio,,,PTUA2022
4.0,MN,ROVERBELLA,PO0200530U0001,IT03GWBISSMPBM_PO0200530U0001,2.0,1,M,,,,PO0200530R0089,,,638912,5014612,1,,44.000,,25.0,,,,IRRIGUO,POZZO,GWB ISS MPBM,IT03GWBISSMPBM,Corpo idrico sotterraneo superficiale di Media pianura Bacino Basso Mincio,,,PTUA2022
4.0,MN,SABBIONETA,PO0200540R0001,IT03GWBISSBPPO_PO0200540R0001,2.0,,M,,,,,1619450,4984070,619421,4984050,2,21.426,21.426,,20.0,,,,NON DEFINITO,POZZO,GWB ISS BPPO,IT03GWBISSBPPO,Corpo idrico sotterraneo superficiale di Bassa pianura Bacino PO,,,PTUA2022
4.0,MN,SAN BENEDETTO PO,PO0200550R0002,IT03GWBISSBPPO_PO0200550R0002,2.0,,M,,,,,1647354,4989921,647325,4989901,2,19.172,19.172,,20.0,,,,NON DEFINITO,POZZO,GWB ISS BPPO,IT03GWBISSBPPO,Corpo idrico sotterraneo superficiale di Bassa pianura Bacino PO,,,PTUA2022
4.0,MN,SAN GIORGIO DI MANTOVA,PO0200570R0001,IT03GWBISSMPBM_PO0200570R0001,2.0,,M,,,,,1645227,5002860,645198,5002840,2,23.940,23.940,,19.0,,,,IRRIGUO,POZZO,GWB ISS MPBM,IT03GWBISSMPBM,Corpo idrico sotterraneo superficiale di Media pianura Bacino Basso Mincio,,,PTUA2022
4.0,MN,SAN GIORGIO DI MANTOVA,PO0200570U0002,IT03GWBISSMPBM_PO0200570U0002,1.0,1,M,2005-01-01,,,,1645860,5002560,645831,5002540,1,23.443,23.443,0.000,10.5,1,3.000,9.000,NON DEFINITO,POZZO,GWB ISS MPBM,IT03GWBISSMPBM,Corpo idrico sotterraneo superficiale di Media pianura Bacino Basso Mincio,SI,,PTUA2022
4.0,MN,SERMIDE,PO020061NR0001,IT03GWBISSBPPO_PO020061NR0001,3.0,2,M,2002-11-01,,,,1677827,4988216,677797,4988196,1,10.650,10.650,0.000,10.0,1,9.000,10.000,NON DEFINITO,PIEZOMETRO,GWB ISS BPPO,IT03GWBISSBPPO,Corpo idrico sotterraneo superficiale di Bassa pianura Bacino PO,,,PTUA2022
4.0,MN,SERMIDE,PO020061NUP001,IT03GWBISSBPPO_PO020061NUP001,1.0,1,M,2015-05-01,48,,,1680954,4986633,680924,4986614,1,,11.660,,50.0,1,28.000,50.000,MONITORAGGIO,PIEZOMETRO,GWB ISS BPPO,IT03GWBISSBPPO,Corpo idrico sotterraneo superficiale di Bassa pianura Bacino PO,SI,,PTUA2022
4.0,MN,SOLFERINO,PO020063NU0002,IT03GWBISSMPOM_PO020063NU0002,3.0,1,M,2013-12-01,,,,1622298,5023921,622268,5023902,1,105.620,105.760,-0.140,43.0,1,33.000,43.000,NON DEFINITO,PIEZOMETRO,GWB ISS MPOM,IT03GWBISSMPOM,Corpo idrico sotterraneo superficiale di Media pianura Bacino Oglio - Mincio,,,PTUA2022
4.0,MN,SUZZARA,PO0200650R0001,IT03GWBISSBPPO_PO0200650R0001,2.0,,N,,,,,1635950,4986070,635921,4986050,2,19.409,19.409,,23.0,,,,INDUSTRIALE,POZZO,GWB ISS BPPO,IT03GWBISSBPPO,Corpo idrico sotterraneo superficiale di Bassa pianura Bacino PO,,,PTUA2022
4.0,MN,SUZZARA,PO0200650R0002,IT03GWBISSBPPO_PO0200650R0002,1.0,1,M,2005-12-01,,,,1636053,4984924,636024,4984904,1,19.420,19.420,0.000,10.0,1,9.000,10.000,NON DEFINITO,PIEZOMETRO,GWB ISS BPPO,IT03GWBISSBPPO,Corpo idrico sotterraneo superficiale di Bassa pianura Bacino PO,,,PTUA2022
4.0,MN,VIADANA,PO0200660R0003,IT03GWBISSBPPO_PO0200660R0003,2.0,,M,,,,,1619629,4976840,619600,4976821,2,22.064,22.064,,45.0,,,,NON DEFINITO,POZZO,GWB ISS BPPO,IT03GWBISSBPPO,Corpo idrico sotterraneo superficiale di Bassa pianura Bacino PO,,,PTUA2022
4.0,MN,VIADANA,PO020066NU0004,IT03GWBISSBPPO_PO020066NU0004,2.0,,M,,,,,1630250,4984869,630221,4984849,1,18.499,18.499,0.000,60.0,1,50.000,55.000,POTABILE,POZZO,GWB ISS BPPO,IT03GWBISSBPPO,Corpo idrico sotterraneo superficiale di Bassa pianura Bacino PO,,,PTUA2022
4.0,MN,VOLTA MANTOVANA,PO0200700R0002,IT03GWBISSMPOM_PO0200700R0002,1.0,1,M,2012-02-01,,,,1628694,5019389,628665,5019369,2,57.050,57.050,0.000,15.0,1,13.000,15.000,NON DEFINITO,PIEZOMETRO,GWB ISS MPOM,IT03GWBISSMPOM,Corpo idrico sotterraneo superficiale di Media pianura Bacino Oglio - Mincio,SI,,PTUA2022
2.0,PV,ALBONESE,PO018003NR0009,IT03GWBISSMPP_PO018003NR0009,3.0,2,M,2016-01-01,,,PO018003NR0005,1477825,5014790,477798,5014771,,113.490,113.490,0.000,19.0,1,1.000,15.000,MONITORAGGIO,PIEZOMETRO,GWB ISS MPP,IT03GWBISSMPP,Corpo idrico sotterraneo superficiale di Media pianura Bacino Pavese,,,PTUA2022
2.0,PV,BELGIOIOSO,PO0180130U0005,IT03GWBISSMPTLS_PO0180130U0005,3.0,2,N,2008-01-01,,PO0180130U0006,,1523791,5000857,523764,5000838,1,74.964,74.964,0.000,60.0,1,25.000,47.000,POTABILE,POZZO,GWB ISS MPTLS,IT03GWBISSMPTLS,Corpo idrico sotterraneo superficiale di Media pianura Bacino Ticino - Lambro Sud,,,PTUA2022
2.0,PV,BELGIOIOSO,PO0180130U0006,IT03GWBISSMPTLS_PO0180130U0006,3.0,2,M,,,,PO0180130U0005,1523793,5000869,523766,5000850,2,73.99,74.96,-0.970,65.0,1,25.000,45.000,POTABILE,POZZO,GWB ISS MPTLS,IT03GWBISSMPTLS,Corpo idrico sotterraneo superficiale di Media pianura Bacino Ticino - Lambro Sud,,NON CI SONO ANCORA VALORI,PTUA2022
2.0,PV,BEREGUARDO,PO018014NRP001,IT03GWBISSMPTLS_PO018014NRP001,3.0,1,M,2015-06-01,295,,,1501219,5013371,501192,5013352,1,96.110,97.180,1.070,47.0,1,35.000,41.000,POTABILE,POZZO,GWB ISS MPTLS,IT03GWBISSMPTLS,Corpo idrico sotterraneo superficiale di Media pianura Bacino Ticino - Lambro Sud,,,PTUA2022
2.0,PV,CASATISMA,PO018032NR0001,IT03GWBISSMPOP_PO018032NR0001,3.0,3,M,2010-08-01,,,,1508594,4988343,508567,4988324,1,75.728,75.728,0.000,17.0,1,15.200,16.400,NON DEFINITO,PIEZOMETRO,GWB ISS MPOP,IT03GWBISSMPOP,Corpo idrico sotterraneo superficiale di Bassa pianura Bacino Oltrepo Pavese,,,PTUA2022
2.0,PV,CASSOLNOVO,PO0180350U0002,IT03GWBISSMPP_PO0180350U0002,3.0,2,M,2014-05-01,,,,1485430,5022640,485404,5022621,2,117.580,117.360,0.220,46.5,1,30.500,40.500,POTABILE,POZZO,GWB ISS MPP,IT03GWBISSMPP,Corpo idrico sotterraneo superficiale di Media pianura Bacino Pavese,,,PTUA2022
2.0,PV,CASTELLO D'AGOGNA,PO018039NRP001,IT03GWBISSMPP_PO018039NRP001,1.0,1,N,2016-02-01,564,PO018039NR0001,,1474648,5007966,474622,5007947,1,107.215,108.345,1.130,58.0,1,33.460,51.460,ANTINCENDIO,POZZO,GWB ISS MPP,IT03GWBISSMPP,Corpo idrico sotterraneo superficiale di Media pianura Bacino Pavese,,,PTUA2022
2.0,PV,CASTELLO D'AGOGNA,PO018039NR0001,IT03GWBISSMPP_PO018039NR0001,1.0,1,M,2018-11-01,564,,PO018039NRP001,1476520,5010591,476494,5010571,1,108.154,107.906,0.248,51.5,2,27.000,48.000,ANTINCENDIO,POZZO,GWB ISS MPP,IT03GWBISSMPP,Corpo idrico sotterraneo superficiale di Media pianura Bacino Pavese,,,PTUA2022
2.0,PV,CERANOVA,PO018043NUP001,IT03GWBISSMPTLS_PO018043NUP001,1.0,2,M,2016-03-01,308,,,1518454,5011562,518427,5011543,1,82.743,82.303,-0.440,15.0,,,,POTABILE,PIEZOMETRO,GWB ISS MPTLS,IT03GWBISSMPTLS,Corpo idrico sotterraneo superficiale di Media pianura Bacino Ticino - Lambro Sud,,,PTUA2022
2.0,PV,CERVESINA,PO0180470U0001,IT03GWBISSBPPO_PO0180470U0001,3.0,3,M,2008-02-01,,,,1501315,4989892,501288,4989873,1,71.908,71.718,0.190,81.0,2,42.000,77.000,POTABILE,POZZO,GWB ISS BPPO,IT03GWBISSBPPO,Corpo idrico sotterraneo superficiale di Bassa pianura Bacino PO,,,PTUA2022
2.0,PV,CERVESINA,PO018047NR0001,IT03GWBISSMPOP_PO018047NR0001,3.0,4,M,2008-01-01,,,,1499984,4986746,499957,4986727,1,74.589,74.089,0.500,22.5,1,12.000,21.000,NON DEFINITO,PIEZOMETRO,GWB ISS MPOP,IT03GWBISSMPOP,Corpo idrico sotterraneo superficiale di Bassa pianura Bacino Oltrepo Pavese,,,PTUA2022
2.0,PV,CHIGNOLO PO,PO0180480U0004,IT03GWBISSMPTLS_PO0180480U0004,3.0,2,M,2013-05-01,,,PO0180480U0002,1539670,5000573,539643,5000554,1,58.810,57.660,1.150,20.0,2,8.000,14.000,POTABILE,POZZO,GWB ISS MPTLS,IT03GWBISSMPTLS,Corpo idrico sotterraneo superficiale di Media pianura Bacino Ticino - Lambro Sud,,,PTUA2022
2.0,PV,CHIGNOLO PO,PO018048NRP001,IT03GWBISSMPTLS_PO018048NRP001,1.0,2,M,2016-02-01,321,,,1522307,5003738,522280,5003719,1,74.871,75.341,0.470,13.0,1,10.500,12.500,IRRIGUO,POZZO,GWB ISS MPTLS,IT03GWBISSMPTLS,Corpo idrico sotterraneo superficiale di Media pianura Bacino Ticino - Lambro Sud,,,PTUA2022
2.0,PV,CIGOGNOLA,PO0180490U0003,IT03GWBISSMPOP_PO0180490U0003,3.0,2,M,2008-01-01,,,,1520368,4986395,520341,4986376,1,107.259,107.259,0.000,10.0,1,4.500,9.500,POTABILE,POZZO,GWB ISS MPOP,IT03GWBISSMPOP,Corpo idrico sotterraneo superficiale di Bassa pianura Bacino Oltrepo Pavese,,,PTUA2022
2.0,PV,CILAVEGNA,PO0180500U0002,IT03GWBISSMPP_PO0180500U0002,3.0,2,N,2008-01-01,,,,1480201,5017506,480174,5017487,1,115.897,115.897,0.000,50.0,1,41.000,48.800,POTABILE,POZZO,GWB ISS MPP,IT03GWBISSMPP,Corpo idrico sotterraneo superficiale di Media pianura Bacino Pavese,,,PTUA2022
2.0,PV,FERRERA ERBOGNONE,PO018062NRD002,IT03GWBISSMPP_PO018062NRD002,3.0,4,M,2008-01-01,,,,1489220,4993828,489193,4993809,1,86.799,86.459,0.340,20.0,1,1.000,15.000,NON DEFINITO,POZZO,GWB ISS MPP,IT03GWBISSMPP,Corpo idrico sotterraneo superficiale di Media pianura Bacino Pavese,,,PTUA2022
2.0,PV,FRASCAROLO,PO018065NRG001,IT03GWBISSMPP_PO018065NRG001,3.0,1,M,2014-05-01,,,,1476436,4987921,476409,4987902,2,86.660,86.660,0.000,10.0,,,,INDUSTRIALE,PIEZOMETRO,GWB ISS MPP,IT03GWBISSMPP,Corpo idrico sotterraneo superficiale di Media pianura Bacino Pavese,,,PTUA2022
2.0,PV,GAMBOLO',PO018068NRP001,IT03GWBISSMPP_PO018068NRP001,3.0,4,M,2008-01-01,,,,1492884,5011602,492857,5011583,1,100.934,100.934,0.000,53.5,1,46.000,49.000,NON DEFINITO,PIEZOMETRO,GWB ISS MPP,IT03GWBISSMPP,Corpo idrico sotterraneo superficiale di Media pianura Bacino Pavese,,,PTUA2022
2.0,PV,GARLASCO,PO0180690U0002,IT03GWBISSMPP_PO0180690U0002,3.0,2,M,2008-01-01,,,,1494040,5004979,494013,5004960,1,92.741,92.741,0.000,57.0,2,28.000,51.000,POTABILE,POZZO,GWB ISS MPP,IT03GWBISSMPP,Corpo idrico sotterraneo superficiale di Media pianura Bacino Pavese,,,PTUA2022
2.0,PV,GIUSSAGO,PO018072NUP001,IT03GWBISSMPTLS_PO018072NUP001,3.0,2,M,2015-07-01,305,,,1512591,5011176,512564,5011157,1,87.134,87.134,0.000,20.0,,,,POTABILE,PIEZOMETRO,GWB ISS MPTLS,IT03GWBISSMPTLS,Corpo idrico sotterraneo superficiale di Media pianura Bacino Ticino - Lambro Sud,,,PTUA2022
2.0,PV,LINAROLO,PO0180810U0111,IT03GWBISSMPTLS_PO0180810U0111,3.0,2,M,2014-05-01,,,,1521158,5000567,521130,5000547,2,74.970,74.450,0.520,20.0,1,10.000,20.000,PIEZOMETRO SUPERFICIALE ASSOCIATO A POZZO PROFONDO,PIEZOMETRO,GWB ISS MPTLS,IT03GWBISSMPTLS,Corpo idrico sotterraneo superficiale di Media pianura Bacino Ticino - Lambro Sud,,,PTUA2022
2.0,PV,LOMELLO,PO018083NR0001,IT03GWBISSMPP_PO018083NR0001,2.0,,N,,,PO018083NR0005,,1483026,4995682,482999,4995663,2,,91.170,,15.0,1,6.100,15.100,NON DEFINITO,PIEZOMETRO,GWB ISS MPP,IT03GWBISSMPP,Corpo idrico sotterraneo superficiale di Media pianura Bacino Pavese,,,PTUA2022
2.0,PV,LOMELLO,PO018083NR0005,IT03GWBISSMPP_PO018083NR0005,2.0,,S,,,,PO018083NR0001,1482994,4995759,,,2,,91.170,,15.0,1,6.100,15.100,NON DEFINITO,PIEZOMETRO,GWB ISS MPP,IT03GWBISSMPP,Corpo idrico sotterraneo superficiale di Media pianura Bacino Pavese,,,PTUA2022
2.0,PV,MEDE,PO0180880U0001,IT03GWBISSMPP_PO0180880U0001,3.0,1,M,2008-01-01,,,,1479576,4993826,479549,4993807,1,92.936,92.936,0.000,53.0,1,30.000,48.000,POTABILE,POZZO,GWB ISS MPP,IT03GWBISSMPP,Corpo idrico sotterraneo superficiale di Media pianura Bacino Pavese,,,PTUA2022
2.0,PV,MIRADOLO TERME,PO0180930U0006,IT03GWBISSMPTLS_PO0180930U0006,2.0,,M,,,,,1535401,5001695,535374,5001676,2,,67.740,,25.0,1,15.500,21.500,POTABILE,POZZO,GWB ISS MPTLS,IT03GWBISSMPTLS,Corpo idrico sotterraneo superficiale di Media pianura Bacino Ticino - Lambro Sud,,,PTUA2022
2.0,PV,PALESTRO,PO0181070U0003,IT03GWBISSMPP_PO0181070U0003,2.0,,M,,,,,1464846,5015880,464819,5015860,2,121.040,120.320,0.720,39.04,1,20.000,32.000,INDUSTRIALE,POZZO,GWB ISS MPP,IT03GWBISSMPP,Corpo idrico sotterraneo superficiale di Media pianura Bacino Pavese,,,PTUA2022
2.0,PV,PAVIA,PO0181100U0111,IT03GWBISSMPTLS_PO0181100U0111,3.0,2,M,2016-03-01,,,,1511166,5006866,511138,5006846,2,83.400,83.050,0.350,17.0,,,,PIEZOMETRO SUPERFICIALE ASSOCIATO A POZZO PROFONDO,PIEZOMETRO,GWB ISS MPTLS,IT03GWBISSMPTLS,Corpo idrico sotterraneo superficiale di Media pianura Bacino Ticino - Lambro Sud,,,PTUA2022
2.0,PV,PIEVE PORTO MORONE,PO0181140U0002,IT03GWBISSBPPO_PO0181140U0002,3.0,2,M,2008-01-01,,,,1534773,4995264,534746,4995245,1,55.383,55.383,0.000,24.0,1,12.000,18.000,POTABILE,POZZO,GWB ISS BPPO,IT03GWBISSBPPO,Corpo idrico sotterraneo superficiale di Bassa pianura Bacino PO,,,PTUA2022
2.0,PV,PINAROLO PO,PO0181150U0006,IT03GWBISSMPOP_PO0181150U0006,3.0,1,S,2009-01-01,,,PO0181150U0001,1512407,4989947,512380,4989928,1,67.287,66.637,0.650,19.5,1,10.500,14.500,POTABILE,POZZO,GWB ISS MPOP,IT03GWBISSMPOP,Corpo idrico sotterraneo superficiale di Bassa pianura Bacino Oltrepo Pavese,,,PTUA2022
2.0,PV,PORTALBERA,PO0181180U0019,IT03GWBISSMPOP_PO0181180U0019,3.0,2,M,2008-01-01,,,,1524348,4993153,524321,4993134,1,68.079,67.559,0.520,17.2,1,10.300,16.300,POTABILE,POZZO,GWB ISS MPOP,IT03GWBISSMPOP,Corpo idrico sotterraneo superficiale di Bassa pianura Bacino Oltrepo Pavese,,,PTUA2022
2.0,PV,RIVANAZZANO TERME,PO0181220U0001,IT03GWBISSMPOP_PO0181220U0001,3.0,2,M,2014-05-01,,,,1501755,4974277,501728,4974258,2,151.090,151.090,0.000,24.0,,,,POTABILE,POZZO,GWB ISS MPOP,IT03GWBISSMPOP,Corpo idrico sotterraneo superficiale di Bassa pianura Bacino Oltrepo Pavese,,,PTUA2022
2.0,PV,SARTIRANA LOMELLINA,PO018146NRP001,IT03GWBISSMPP_PO018146NRP001,3.0,1,M,2015-05-01,574,,,1473609,4995777,473583,4995758,1,99.039,99.039,0.000,50.0,1,39.500,43.500,POTABILE,POZZO,GWB ISS MPP,IT03GWBISSMPP,Corpo idrico sotterraneo superficiale di Media pianura Bacino Pavese,,,PTUA2022
2.0,PV,SCALDASOLE,PO018147NUP001,IT03GWBISSMPP_PO018147NUP001,3.0,1,M,2015-05-01,555,,,1492524,4996534,492497,4996515,1,86.584,87.544,0.960,60.0,3,7.000,50.000,POTABILE,POZZO,GWB ISS MPP,IT03GWBISSMPP,Corpo idrico sotterraneo superficiale di Media pianura Bacino Pavese,,,PTUA2022
2.0,PV,TORRAZZA COSTE,PO0181550U0001,IT03GWBISSMPOP_PO0181550U0001,3.0,1,M,2008-01-01,,,,1505683,4980511,505656,4980492,1,116.616,116.616,0.000,33.0,3,9.000,29.000,POTABILE,POZZO,GWB ISS MPOP,IT03GWBISSMPOP,Corpo idrico sotterraneo superficiale di Bassa pianura Bacino Oltrepo Pavese,,,PTUA2022
2.0,PV,TRAVACO' SICCOMARIO,PO018162NUP001,IT03GWBISSBPPO_PO018162NUP001,3.0,2,M,2015-07-01,580,,,1512870,4999724,512843,4999705,1,61.197,60.482,-0.715,14.0,,,,POTABILE,PIEZOMETRO,GWB ISS BPPO,IT03GWBISSBPPO,Corpo idrico sotterraneo superficiale di Bassa pianura Bacino PO,,,PTUA2022
2.0,PV,TROMELLO,PO018164NR0001,IT03GWBISSMPP_PO018164NR0001,2.0,,M,,,,,1487640,5004425,487613,5004406,2,,96.620,,7.0,1,1.500,7.000,NON DEFINITO,PIEZOMETRO,GWB ISS MPP,IT03GWBISSMPP,Corpo idrico sotterraneo superficiale di Media pianura Bacino Pavese,,,PTUA2022
2.0,PV,VELLEZZO BELLINI,PO018173NUP001,IT03GWBISSMPTLS_PO018173NUP001,3.0,2,M,2015-07-01,63,,,1507693,5013321,507666,5013302,1,92.877,92.357,-0.520,15.0,,,,POTABILE,PIEZOMETRO,GWB ISS MPTLS,IT03GWBISSMPTLS,Corpo idrico sotterraneo superficiale di Media pianura Bacino Ticino - Lambro Sud,,,PTUA2022
2.0,PV,VIDIGULFO,PO018176NUP001,IT03GWBISSMPTLS_PO018176NUP001,3.0,2,M,2015-07-01,306,,,1518073,5015918,518046,5015899,1,88.252,88.252,0.000,20.0,,,,POTABILE,PIEZOMETRO,GWB ISS MPTLS,IT03GWBISSMPTLS,Corpo idrico sotterraneo superficiale di Media pianura Bacino Ticino - Lambro Sud,,,PTUA2022
2.0,PV,VIGEVANO,PO0181770U0020,IT03GWBISSMPP_PO0181770U0020,3.0,2,M,2008-01-01,,,,1488880,5017041,488853,5017022,1,103.060,102.990,0.070,46.0,1,30.000,42.000,POTABILE,POZZO,GWB ISS MPP,IT03GWBISSMPP,Corpo idrico sotterraneo superficiale di Media pianura Bacino Pavese,,,PTUA2022
2.0,PV,VILLANTERIO,PO018180NUP001,IT03GWBISSMPTLS_PO018180NUP001,3.0,2,M,2015-05-01,314,,,1528191,5007176,528164,5007157,1,73.020,73.820,0.800,73.0,1,56.000,68.000,POTABILE,POZZO,GWB ISS MPTLS,IT03GWBISSMPTLS,Corpo idrico sotterraneo superficiale di Media pianura Bacino Ticino - Lambro Sud,,,PTUA2022
2.0,PV,ZENEVREDO,PO0181870U0001,IT03GWBISSMPOP_PO0181870U0001,2.0,,N,,PO0181870U0003,PO0181870U0005,,1527591,4990614,527564,4990595,2,,103.720,,27.5,1,23.000,27.000,POTABILE,POZZO,GWB ISS MPOP,IT03GWBISSMPOP,Corpo idrico sotterraneo superficiale di Bassa pianura Bacino Oltrepo Pavese,,,PTUA2022
2.0,PV,ZENEVREDO,PO0181870U0005,IT03GWBISSMPOP_PO0181870U0005,2.0,,M,,,,PO0181870U0001,,,527494,4990361,2,,103.720,,29.0,1,24.000,28.500,POTABILE,POZZO,GWB ISS MPOP,IT03GWBISSMPOP,Corpo idrico sotterraneo superficiale di Bassa pianura Bacino Oltrepo Pavese,,,PTUA2022
1.0,VA,ALBIZZATE,PO012002NU0008,IT03GWBISSAPTA_PO012002NU0008,3.0,2,M,2011-09-01,,,PO0120020U0006,1485028,5065335,485002,5065315,1,313.800,315.120,-1.320,48.5,1,18.000,28.500,POTABILE,POZZO,GWB ISS APTA,IT03GWBISSAPTA,Corpo idrico sotterraneo superficiale di Alta pianura Bacino Ticino - Adda,,Gestore spegne pozzo al massimo per 30',PTUA2022
1.0,VA,BUSTO ARSIZIO,PO012026NU0023,IT03GWBISSAPTA_PO012026NU0023,2.0,,M,,,,,1486480,5052900,486453,5052880,2,231.000,231.000,0.000,89.0,2,69.500,83.000,POTABILE,POZZO ATTREZZATO CON PIEZOMETRO,GWB ISS APTA,IT03GWBISSAPTA,Corpo idrico sotterraneo superficiale di Alta pianura Bacino Ticino - Adda,,,PTUA2022
1.0,VA,BUSTO ARSIZIO,PO012026NU3021,IT03GWBISSAPTA_PO012026NU3021,3.0,2,M,2002-01-01,,,,1486410,5048290,486383,5048270,1,201.672,204.682,-3.010,102.0,2,42.000,95.000,INDUSTRIALE,POZZO ATTREZZATO CON PIEZOMETRO,GWB ISS APTA,IT03GWBISSAPTA,Corpo idrico sotterraneo superficiale di Alta pianura Bacino Ticino - Adda,,Gestore spegne pozzo al massimo per 30',PTUA2022
1.0,VA,BUSTO ARSIZIO,PO012026NU3023,IT03GWBISSAPTA_PO012026NU3023,2.0,,M,,,,,1487361,5046761,487335,5046742,2,,243.000,,83.0,2,50.000,78.000,INDUSTRIALE,POZZO,GWB ISS APTA,IT03GWBISSAPTA,Corpo idrico sotterraneo superficiale di Alta pianura Bacino Ticino - Adda,,,PTUA2022
1.0,VA,CASTELLANZA,PO012042NR9077,IT03GWBISSAPTA_PO012042NR9077,2.0,,M,,,,,1491231,5050708,491204,5050688,2,,223.000,,59.2,1,45.700,58.700,INDUSTRIALE,POZZO,GWB ISS APTA,IT03GWBISSAPTA,Corpo idrico sotterraneo superficiale di Alta pianura Bacino Ticino - Adda,,,PTUA2022
1.0,VA,CISLAGO,PO0120500RZ001,IT03GWBISSAPTA_PO0120500RZ001,1.0,2,M,2005-12-01,,,,1495407,5054852,495380,5054832,1,207.042,207.752,-0.710,15.0,,,,ALTRO MONITORAGGIO,PIEZOMETRO,GWB ISS APTA,IT03GWBISSAPTA,Corpo idrico sotterraneo superficiale di Alta pianura Bacino Ticino - Adda,,,PTUA2022
1.0,VA,CISLAGO,PO012050NU0004,IT03GWBISSAPTA_PO012050NU0004,2.0,,M,,,,,1497100,5054880,497073,5054860,2,,235.840,,114.0,2,69.000,108.000,POTABILE,POZZO,GWB ISS APTA,IT03GWBISSAPTA,Corpo idrico sotterraneo superficiale di Alta pianura Bacino Ticino - Adda,,,PTUA2022
1.0,VA,FAGNANO OLONA,PO012067NU0012,IT03GWBISSAPTA_PO012067NU0012,2.0,,M,,,,,1488440,5055840,488413,5055820,2,,254.000,,130.0,4,45.000,91.000,POTABILE,POZZO,GWB ISS APTA,IT03GWBISSAPTA,Corpo idrico sotterraneo superficiale di Alta pianura Bacino Ticino - Adda,,,PTUA2022
1.0,VA,GALLARATE,PO0120700R1085,IT03GWBISSAPTA_PO0120700R1085,2.0,,M,,,,,1483318,5055375,483292,5055355,2,234.000,234.000,0.000,71.7,3,30.000,71.700,POTABILE,POZZO,GWB ISS APTA,IT03GWBISSAPTA,Corpo idrico sotterraneo superficiale di Alta pianura Bacino Ticino - Adda,,,PTUA2022
1.0,VA,GALLARATE,PO012070NU1007,IT03GWBISSAPTA_PO012070NU1007,1.0,2,M,2004-01-01,,,,1482417,5056423,482391,5056403,1,252.806,254.856,-2.050,65.0,4,32.000,55.000,POTABILE,POZZO,GWB ISS APTA,IT03GWBISSAPTA,Corpo idrico sotterraneo superficiale di Alta pianura Bacino Ticino - Adda,,Gestore spegne pozzo al massimo per 30',PTUA2022
1.0,VA,GERENZANO,PO0120750R2020,IT03GWBISSAPTA_PO0120750R2020,3.0,2,M,2001-01-01,,,,1498270,5052550,498243,5052530,1,220.926,220.626,0.300,62.0,1,33.500,59.000,INDUSTRIALE,POZZO,GWB ISS APTA,IT03GWBISSAPTA,Corpo idrico sotterraneo superficiale di Alta pianura Bacino Ticino - Adda,,,PTUA2022
1.0,VA,GORLA MINORE,PO0120790RZ001,IT03GWBISSAPTA_PO0120790RZ001,1.0,2,M,2005-12-01,,,,1494784,5054465,494757,5054445,1,241.321,241.521,-0.200,50.0,,,,ALTRO MONITORAGGIO,PIEZOMETRO,GWB ISS APTA,IT03GWBISSAPTA,Corpo idrico sotterraneo superficiale di Alta pianura Bacino Ticino - Adda,,,PTUA2022
1.0,VA,LONATE POZZOLO,PO012090NU2009,IT03GWBISSAPTA_PO012090NU2009,3.0,2,M,2001-02-01,,,,1477650,5050147,477623,5050127,1,208.446,207.946,0.500,82.6,1,55.000,74.000,POTABILE,POZZO,GWB ISS APTA,IT03GWBISSAPTA,Corpo idrico sotterraneo superficiale di Alta pianura Bacino Ticino - Adda,,Gestore spegne pozzo al massimo per 30',PTUA2022
1.0,VA,SAMARATE,PO0121180U0005,IT03GWBISSAPTA_PO0121180U0005,3.0,2,M,2001-08-01,,,,1481069,5052907,481042,5052887,1,223.767,226.067,-2.300,80.0,2,50.000,72.000,POTABILE,POZZO,GWB ISS APTA,IT03GWBISSAPTA,Corpo idrico sotterraneo superficiale di Alta pianura Bacino Ticino - Adda,,Gestore spegne pozzo al massimo per 30',PTUA2022
1.0,VA,SARONNO,PO012119NUP001,IT03GWBISSAPTA_PO012119NUP001,1.0,1,N,2015-05-01,57,,,1504078,5054393,504052,5054374,1,225.874,225.614,-0.260,60.0,1,54.000,60.000,POTABILE,PIEZOMETRO,GWB ISS APTA,IT03GWBISSAPTA,Corpo idrico sotterraneo superficiale di Alta pianura Bacino Ticino - Adda,,,PTUA2022
1.0,VA,SOMMA LOMBARDO,PO012123NU2007,IT03GWBISSAPTA_PO012123NU2007,2.0,,M,,,,,1472410,5058810,472384,5058790,2,,229.000,,92.0,1,68.000,80.000,POTABILE,POZZO,GWB ISS APTA,IT03GWBISSAPTA,Corpo idrico sotterraneo superficiale di Alta pianura Bacino Ticino - Adda,,,PTUA2022
1.0,VA,SOMMA LOMBARDO,PO012123NUP001,IT03GWBISSAPTA_PO012123NUP001,3.0,2,M,2015-01-01,11,,,1477421,5053964,477395,5053945,1,228.186,231.736,3.550,100.0,1,58.000,88.000,POTABILE,POZZO,GWB ISS APTA,IT03GWBISSAPTA,Corpo idrico sotterraneo superficiale di Alta pianura Bacino Ticino - Adda,,Gestore spegne pozzo al massimo per 30',PTUA2022
1.0,VA,UBOLDO,PO0121300RZ001,IT03GWBISSAPTA_PO0121300RZ001,1.0,2,N,2005-11-01,,,,1497841,5049232,497814,5049212,1,203.650,204.200,-0.550,45.0,,,,ALTRO MONITORAGGIO,PIEZOMETRO,GWB ISS APTA,IT03GWBISSAPTA,Corpo idrico sotterraneo superficiale di Alta pianura Bacino Ticino - Adda,,,PTUA2022
1.0,VA,VENEGONO INFERIORE,PO012136NU0001,IT03GWBISSAPTA_PO012136NU0001,3.0,,M,,,,PO012136NUZ001,1492370,5064980,492344,5064960,2,,324.000,,109.0,1,81.000,105.000,POTABILE,POZZO,GWB ISS APTA,IT03GWBISSAPTA,Corpo idrico sotterraneo superficiale di Alta pianura Bacino Ticino - Adda,,,PTUA2022
1.0,VA,VENEGONO INFERIORE,PO012136NUZ001,IT03GWBISSAPTA_PO012136NUZ001,1.0,1,N,2005-08-01,,PO012136NU0001,,1493256,5064410,493230,5064390,1,315.709,316.009,-0.300,67.0,2,28.000,55.000,ALTRO MONITORAGGIO,PIEZOMETRO,GWB ISS APTA,IT03GWBISSAPTA,Corpo idrico sotterraneo superficiale di Alta pianura Bacino Ticino - Adda,,,PTUA2022
