PROVINCIA,COMUNE,CODICE,CODICEWISE,RETE,QUANTI_ESE,STATO,DATA_INIZIO,X_WGS84,Y_WGS84,ORIGINE_CO,QUOTA_MISU,QUOTA_PC_S,H_BP,PROFONDIT,FILTRI_N,FILTRI_TOP,FILTRI_BOT,USO,TIPO,GWB_2015,Codice_WIS,Nome_Corpo,Area_GWB,SONDA_AUTO,NOTE,PIEZO82,ANNI SENZA DATI,CONFIDENZA,ORIGINE
BG,GORLE,PO0161150U0002,IT03GWBISSAPAO_PO0161150U0002,1,1,M,2004-05-01,555750.0,5060383.0,1.0,262.955,262.955,0,65.0,1,41,65,MONITORAGGIO BONIFICA,PIEZOMETRO,GWB ISS APAO,IT03GWBISSAPAO,Corpo idrico sotterraneo superficiale di Alta pianura Bacino Adda - Oglio,"629661681,3987942",,,215.701,0,ALTA,PTUA2022
BG,BERGAMO,PO0160240R0296,IT03GWBISSAPAO_PO0160240R0296,1,1,S,2011-01-01,552395.0,5057957.0,1.0,232.0,232.0,0,76.0,2,46,67,MONITORAGGIO BONIFICA,PIEZOMETRO,GWB ISS APAO,IT03GWBISSAPAO,Corpo idrico sotterraneo superficiale di Alta pianura Bacino Adda - Oglio,"629661681,3987942",,,199.386,2,ALTA,PTUA2022
BG,BRUSAPORTO,PO016042NU0001,IT03GWBISSAPAO_PO016042NU0001,3,1,M,2012-05-01,560015.0,5057521.0,1.0,232.0,232.0,0,75.0,1,39,69,IRRIGUO,POZZO,GWB ISS APAO,IT03GWBISSAPAO,Corpo idrico sotterraneo superficiale di Alta pianura Bacino Adda - Oglio,"629661681,3987942",SI,,199.594,3,MEDIA,PTUA2022
BG,CURNO,PO0160890R0001,IT03GWBISSAPAO_PO0160890R0001,3,1,M,2006-03-01,546219.0,5058655.0,1.0,201.044,200.294,0.54,40.0,1,25,35,IRRIGUO,POZZO,GWB ISS APAO,IT03GWBISSAPAO,Corpo idrico sotterraneo superficiale di Alta pianura Bacino Adda - Oglio,"629661681,3987942",,,188.243,0,ALTA,PTUA2022
BG,FILAGO,PO0160980R0009,IT03GWBISSAPAO_PO0160980R0009,1,2,S,2010-01-01,541795.0,5054560.0,1.0,202.836,202.836,0,70.0,1,50,70,MONITORAGGIO DISCARICA,PIEZOMETRO,GWB ISS APAO,IT03GWBISSAPAO,Corpo idrico sotterraneo superficiale di Alta pianura Bacino Adda - Oglio,"629661681,3987942",,,155.685,1,ALTA,PTUA2022
BG,GRASSOBBIO,PO016117NU0001,IT03GWBISSAPAO_PO016117NU0001,1,1,S,2009-03-01,556822.0,5054066.0,1.0,204.898,204.898,0,60.0,1,21,60,MONITORAGGIO BONIFICA,PIEZOMETRO,GWB ISS APAO,IT03GWBISSAPAO,Corpo idrico sotterraneo superficiale di Alta pianura Bacino Adda - Oglio,"629661681,3987942",,,177.645,0,ALTA,PTUA2022
BG,LALLIO,PO016123NU0001,IT03GWBISSAPAO_PO016123NU0001,3,1,M,2012-05-01,548636.0,5057202.0,1.0,216.8,216.8,0,60.0,1,55,60,IRRIGUO,POZZO,GWB ISS APAO,IT03GWBISSAPAO,Corpo idrico sotterraneo superficiale di Alta pianura Bacino Adda - Oglio,"629661681,3987942",,,186.67,3,MEDIA,PTUA2022
BG,TERNO D'ISOLA,PO0162130R0002,IT03GWBISSAPAO_PO0162130R0002,1,1,M,2004-08-01,541508.0,5059467.0,1.0,230.29,230.29,0,58.0,1,30,52,MONITORAGGIO BONIFICA,PIEZOMETRO,GWB ISS APAO,IT03GWBISSAPAO,Corpo idrico sotterraneo superficiale di Alta pianura Bacino Adda - Oglio,"629661681,3987942",,,172.448,0,ALTA,PTUA2022
BG,BOLGARE,PO0160280R0003,IT03GWBISSAPAO_PO0160280R0003,1,1,S,2010-01-01,563270.0,5053189.0,1.0,192.624,192.474,0.15,22.0,1,10,20,MONITORAGGIO BONIFICA,PIEZOMETRO,GWB ISS APAO,IT03GWBISSAPAO,Corpo idrico sotterraneo superficiale di Alta pianura Bacino Adda - Oglio,"629661681,3987942",SI,,169.739,1,ALTA,PTUA2022
BG,CISERANO,PO0160750U0003,IT03GWBISSAPAO_PO0160750U0003,1,2,C,2011-01-01,548086.0,5048605.0,1.0,159.04,159.04,0,20.0,1,5,20,MONITORAGGIO,PIEZOMETRO,GWB ISS APAO,IT03GWBISSAPAO,Corpo idrico sotterraneo superficiale di Alta pianura Bacino Adda - Oglio,"629661681,3987942",,,147.887,2,ALTA,PTUA2022
BG,OSIO SOTTO,PO0161530R0004,IT03GWBISSAPAO_PO0161530R0004,1,1,M,2010-01-01,544462.0,5052042.0,1.0,182.635,181.915,0.72,50.0,3,24.5,35.2,MONITORAGGIO DISCARICA,PIEZOMETRO,GWB ISS APAO,IT03GWBISSAPAO,Corpo idrico sotterraneo superficiale di Alta pianura Bacino Adda - Oglio,"629661681,3987942",SI,,154.612,1,ALTA,PTUA2022
BG,PALOSCO,PO0161570R3380,IT03GWBISSAPAO_PO0161570R3380,3,1,N,2002-02-01,564666.0,5047586.0,1.0,149.671,149.501,0.17,48.0,1,35,44,DOMESTICO,POZZO,GWB ISS APAO,IT03GWBISSAPAO,Corpo idrico sotterraneo superficiale di Alta pianura Bacino Adda - Oglio,"629661681,3987942",,,138.351,1,ALTA,PTUA2022
BG,TELGATE,PO0162120R0001,IT03GWBISSAPAO_PO0162120R0001,3,1,M,2014-05-01,567086.73,5052562.733,2.0,191.0,190.5,0.5,72.0,1,48,72,IRRIGUO,POZZO,GWB ISS APAO,IT03GWBISSAPAO,Corpo idrico sotterraneo superficiale di Alta pianura Bacino Adda - Oglio,"629661681,3987942",,,152.203,5,BASSA,PTUA2022
BG,CIVIDATE AL PIANO,PO0160760R1284,IT03GWBISSAPAO_PO0160760R1284,1,1,M,2011-01-01,565653.0,5042196.0,1.0,131.5,131.5,0,18.0,n.d.,n.d.,n.d.,MONITORAGGIO,PIEZOMETRO,GWB ISS APAO,IT03GWBISSAPAO,Corpo idrico sotterraneo superficiale di Alta pianura Bacino Adda - Oglio,"629661681,3987942",,,118.692,2,ALTA,PTUA2022
BG,LURANO,PO0161290R0001,IT03GWBISSAPAO_PO0161290R0001,3,1,M,2005-12-01,550460.0,5045643.0,1.0,142.426,142.296,0.13,30.0,1,25,30,INDUSTRIALE,POZZO,GWB ISS APAO,IT03GWBISSAPAO,Corpo idrico sotterraneo superficiale di Alta pianura Bacino Adda - Oglio,"629661681,3987942",,,132.705,0,ALTA,PTUA2022
BG,ROMANO DI LOMBARDIA,PO0161830R0003,IT03GWBISSAPAO_PO0161830R0003,1,1,M,2006-02-01,559060.0,5041598.0,1.0,124.207,124.207,0,62.0,1,55,60,POTABILE,POZZO,GWB ISS APAO,IT03GWBISSAPAO,Corpo idrico sotterraneo superficiale di Alta pianura Bacino Adda - Oglio,"629661681,3987942",SI,,118.767,0,ALTA,PTUA2022
BG,TREVIGLIO,PO016219NUP001,IT03GWBISSAPAO_PO016219NUP001,3,1,M,2015-03-01,546053.6207,5041359.158,1.0,127.309,126.559,-0.75,57.0,2,38,54,POTABILE,POZZO,GWB ISS APAO,IT03GWBISSAPAO,Corpo idrico sotterraneo superficiale di Alta pianura Bacino Adda - Oglio,"629661681,3987942",,,114.86,6,BASSA,PTUA2022
BG,PUMENENGO,PO0161770U0001,IT03GWBISSAPAO_PO0161770U0001,3,1,M,2001-05-01,567748.0,5036468.0,1.0,110.197,110.197,0,60.0,1,42,54,POTABILE,POZZO,GWB ISS APAO,IT03GWBISSAPAO,Corpo idrico sotterraneo superficiale di Alta pianura Bacino Adda - Oglio,"629661681,3987942",SI,DATI SONDA AUTOMATICA NON VALIDI,101.979,0,ALTA,PTUA2022
BS,BRESCIA,PO0170290UB135,IT03GWBISSAPOM_PO0170290UB135,3,1,M,2009-06-01,591217.0,5041379.0,1.0,119.62,119.62,0,25.0,1,9,25,MONITORAGGIO BONIFICA,PIEZOMETRO,GWB ISS APOM,IT03GWBISSAPOM,Corpo idrico sotterraneo superficiale di Alta pianura Bacino Oglio - Mella,"641545976,6862019",SI,,110.207,0,ALTA,PTUA2022
BS,CASTEGNATO,PO0170400RC511,IT03GWBISSAPOM_PO0170400RC511,3,2,M,2009-01-01,584404.0,5046117.0,1.0,157.22,157.28,-0.06,60.0,1,37.5,55.5,INDUSTRIALE,PIEZOMETRO,GWB ISS APOM,IT03GWBISSAPOM,Corpo idrico sotterraneo superficiale di Alta pianura Bacino Oglio - Mella,"641545976,6862019",,,116.284,0,ALTA,PTUA2022
BS,ROVATO,PO0171660UC529,IT03GWBISSAPOM_PO0171660UC529,3,2,M,2010-02-01,579372.0,5046593.0,1.0,176.48,176.48,0,81.0,1,63,75,INDUSTRIALE,POZZO,GWB ISS APOM,IT03GWBISSAPOM,Corpo idrico sotterraneo superficiale di Alta pianura Bacino Oglio - Mella,"641545976,6862019",,,122.728,2,MEDIA,PTUA2022
BS,BRESCIA,PO0170290RC490,IT03GWBISSAPOM_PO0170290RC490,3,2,M,2009-01-01,600963.0,5039596.0,1.0,135.48,135.48,0,34.0,1,17,34,ANTINCENDIO,POZZO,GWB ISS APOM,IT03GWBISSAPOM,Corpo idrico sotterraneo superficiale di Alta pianura Bacino Oglio - Mella,"641545976,6862019",SI,,112.622,0,ALTA,PTUA2022
BS,BRESCIA,PO017029NR0001,IT03GWBISSAPOM_PO017029NR0001,3,2,M,2012-01-01,591971.0,5038818.0,1.0,107.06,107.06,0,12.0,1,3,12,INDUSTRIALE,PIEZOMETRO,GWB ISS APOM,IT03GWBISSAPOM,Corpo idrico sotterraneo superficiale di Alta pianura Bacino Oglio - Mella,"641545976,6862019",SI,,104.998,3,MEDIA,PTUA2022
BS,BRESCIA,PO017029NR0003,IT03GWBISSAPOM_PO017029NR0003,1,6,N,2014-11-01,599429.0,5039811.0,,0.0,0.0,DA DEFINIRE,30.0,2,12,30,MONITORAGGIO,PIEZOMETRO,GWB ISS APOM,IT03GWBISSAPOM,Corpo idrico sotterraneo superficiale di Alta pianura Bacino Oglio - Mella,"641545976,6862019",,,112.119,5,BASSA,PTUA2022
BS,CASTREZZATO,PO0170450RC542,IT03GWBISSAPOM_PO0170450RC542,1,2,M,2010-02-01,578796.0,5040213.0,1.0,129.4,129.92,-0.52,28.0,1,15,24,INDUSTRIALE,POZZO,GWB ISS APOM,IT03GWBISSAPOM,Corpo idrico sotterraneo superficiale di Alta pianura Bacino Oglio - Mella,"641545976,6862019",,,111.544,3,MEDIA,PTUA2022
BS,MONTICHIARI,PO0171130RC561,IT03GWBISSAPOM_PO0171130RC561,1,2,M,2009-01-01,605366.0,5033595.0,2.0,118.75,120.0,-1.25,56.0,1,25,52,INDUSTRIALE,PIEZOMETRO,GWB ISS APOM,IT03GWBISSAPOM,Corpo idrico sotterraneo superficiale di Alta pianura Bacino Oglio - Mella,"641545976,6862019",,,94.4727,0,ALTA,PTUA2022
BS,MONTICHIARI,PO017113NRD106,IT03GWBISSAPOM_PO017113NRD106,3,2,C,2012-01-01,605200.0,5032183.0,2.0,111.68,111.28,0.4,41.8,1,29.8,41.8,INDUSTRIALE,POZZO,GWB ISS APOM,IT03GWBISSAPOM,Corpo idrico sotterraneo superficiale di Alta pianura Bacino Oglio - Mella,"641545976,6862019",,,89.6631,3,MEDIA,PTUA2022
BS,MONTIRONE,PO0171140UC023,IT03GWBISSAPOM_PO0171140UC023,2,0,M,2009-09-01,596315.0,5033160.0,1.0,98.78,100.61,-1.83,55.5,1,22.25,31.25,POTABILE,POZZO,GWB ISS APOM,IT03GWBISSAPOM,Corpo idrico sotterraneo superficiale di Alta pianura Bacino Oglio - Mella,"641545976,6862019",,,92.4181,2,BASSA,PTUA2022
MN,CASTIGLIONE DELLE STIVIERE,PO0200170R0001,IT03GWBISSAPOM_PO0200170R0001,3,2,M,2005-01-01,615368.0,5028467.0,1.0,105.253,105.253,0,28.0,1,18,28,NON DEFINITO,PIEZOMETRO,GWB ISS APOM,IT03GWBISSAPOM,Corpo idrico sotterraneo superficiale di Alta pianura Bacino Oglio - Mella,"641545976,6862019",,,86.1999,0,ALTA,PTUA2022
BS,CALVISANO,PO0170340RC481,IT03GWBISSAPOM_PO0170340RC481,3,1,M,2009-07-01,603498.0,5027951.0,1.0,85.95,85.8,0.15,10.0,1,4,10,INDUSTRIALE,PIEZOMETRO,GWB ISS APOM,IT03GWBISSAPOM,Corpo idrico sotterraneo superficiale di Alta pianura Bacino Oglio - Mella,"641545976,6862019",SI,,79.7056,0,ALTA,PTUA2022
MN,CASTIGLIONE DELLE STIVIERE,PO020017NU0005,IT03GWBISSAPOM_PO020017NU0005,3,1,M,2013-12-01,618058.0846,5027962.536,1.0,112.83,112.69,0.14,60.0,1,48,58,NON DEFINITO,PIEZOMETRO,GWB ISS APOM,IT03GWBISSAPOM,Corpo idrico sotterraneo superficiale di Alta pianura Bacino Oglio - Mella,"641545976,6862019",SI,,78.5963,4,BASSA,PTUA2022
BS,CALVISANO,PO0170340RC483,IT03GWBISSAPOM_PO0170340RC483,1,1,M,2009-07-01,604569.0,5024858.0,1.0,75.97,75.64,0.33,12.0,1,6,12,INDUSTRIALE,PIEZOMETRO,GWB ISS APOM,IT03GWBISSAPOM,Corpo idrico sotterraneo superficiale di Alta pianura Bacino Oglio - Mella,"641545976,6862019",SI,,71.7015,0,ALTA,PTUA2022
CO,BINAGO,PO0130230U0003,IT03GWBISSAPTA_PO0130230U0003,3,2,M,2001-09-01,492805.0,5069886.0,1.0,372.084,373.384,-1.3,30.0,1,20.5,29.5,POTABILE,POZZO,GWB ISS APTA,IT03GWBISSAPTA,Corpo idrico sotterraneo superficiale di Alta pianura Bacino Ticino - Adda,"1634782393,7722997",,,261.083,0,ALTA,PTUA2022
VA,ALBIZZATE,PO012002NU0008,IT03GWBISSAPTA_PO012002NU0008,3,2,M,2011-09-01,485002.0,5065315.0,1.0,313.8,315.12,-1.32,48.5,1,18,28.5,POTABILE,POZZO,GWB ISS APTA,IT03GWBISSAPTA,Corpo idrico sotterraneo superficiale di Alta pianura Bacino Ticino - Adda,"1634782393,7722997",,Gestore spegne pozzo al massimo per 30',249.308,2,BASSA,PTUA2022
VA,VENEGONO INFERIORE,PO012136NUZ001,IT03GWBISSAPTA_PO012136NUZ001,1,1,N,2005-08-01,493230.0,5064390.0,1.0,315.709,316.009,-0.3,67.0,2,28,55,ALTRO MONITORAGGIO,PIEZOMETRO,GWB ISS APTA,IT03GWBISSAPTA,Corpo idrico sotterraneo superficiale di Alta pianura Bacino Ticino - Adda,"1634782393,7722997",,,242.29,0,ALTA,PTUA2022
CO,BREGNANO,PO0130280U0009,IT03GWBISSAPTA_PO0130280U0009,3,2,M,2001-09-01,503950.0,5061917.0,1.0,281.548,283.013,-1.465,96.0,1,71,86,POTABILE,POZZO,GWB ISS APTA,IT03GWBISSAPTA,Corpo idrico sotterraneo superficiale di Alta pianura Bacino Ticino - Adda,"1634782393,7722997",,,207.977,0,ALTA,PTUA2022
CO,BRENNA,PO013029NU0003,IT03GWBISSAPTA_PO013029NU0003,3,2,M,2001-06-01,514917.0,5064395.0,1.0,340.871,342.371,-1.5,79.0,1,57,74,POTABILE,POZZO,GWB ISS APTA,IT03GWBISSAPTA,Corpo idrico sotterraneo superficiale di Alta pianura Bacino Ticino - Adda,"1634782393,7722997",,,221.172,0,BASSA,PTUA2022
CO,CARIMATE,PO0130460U0001,IT03GWBISSAPTA_PO0130460U0001,3,2,M,2007-01-01,508142.0,5061966.0,1.0,250.348,253.598,-3.25,61.0,3,41.41,58,POTABILE,POZZO,GWB ISS APTA,IT03GWBISSAPTA,Corpo idrico sotterraneo superficiale di Alta pianura Bacino Ticino - Adda,"1634782393,7722997",,,206.913,0,ALTA,PTUA2022
CO,CERMENATE,PO013064NU0002,IT03GWBISSAPTA_PO013064NU0002,3,2,M,2001-09-01,506428.0,5061507.0,1.0,301.932,304.572,-2.64,110.0,1,98.3,102.3,POTABILE,POZZO,GWB ISS APTA,IT03GWBISSAPTA,Corpo idrico sotterraneo superficiale di Alta pianura Bacino Ticino - Adda,"1634782393,7722997",,,202.642,0,ALTA,PTUA2022
CO,LOMAZZO,PO0131330U0009,IT03GWBISSAPTA_PO0131330U0009,3,2,M,2007-03-01,502017.0,5061511.0,1.0,303.805,306.115,-2.31,153.0,1,88,91,POTABILE,POZZO,GWB ISS APTA,IT03GWBISSAPTA,Corpo idrico sotterraneo superficiale di Alta pianura Bacino Ticino - Adda,"1634782393,7722997",,,211.475,0,ALTA,PTUA2022
CO,MARIANO COMENSE,PO013143NUP001,IT03GWBISSAPTA_PO013143NUP001,3,2,M,2015-10-01,513110.453,5061567.053,1.0,284.119,285.209,1.09,53.0,1,37,47,POTABILE,POZZO,GWB ISS APTA,IT03GWBISSAPTA,Corpo idrico sotterraneo superficiale di Alta pianura Bacino Ticino - Adda,"1634782393,7722997",,,206.929,6,BASSA,PTUA2022
LC,CERNUSCO LOMBARDONE,PO0970200U0002,IT03GWBISSAPTA_PO0970200U0002,1,06-gen,M,2006-02-01,531019.0,5060365.0,1.0,254.711,256.57,-1.859,40.0,1,22,36,POTABILE,POZZO,GWB ISS APTA,IT03GWBISSAPTA,Corpo idrico sotterraneo superficiale di Alta pianura Bacino Ticino - Adda,"1634782393,7722997",,,201.843,0,ALTA,PTUA2022
LC,MERATE,PO0970480U0001,IT03GWBISSAPTA_PO0970480U0001,3,6,M,2001-08-01,530989.0,5061279.0,1.0,264.704,266.704,-2,49.8,1,35,44,POTABILE,POZZO,GWB ISS APTA,IT03GWBISSAPTA,Corpo idrico sotterraneo superficiale di Alta pianura Bacino Ticino - Adda,"1634782393,7722997",,,202.973,0,ALTA,PTUA2022
VA,CISLAGO,PO0120500RZ001,IT03GWBISSAPTA_PO0120500RZ001,1,2,M,2005-12-01,495380.0,5054832.0,1.0,207.042,207.752,-0.71,15.0,n.d.,n.d.,n.d.,ALTRO MONITORAGGIO,PIEZOMETRO,GWB ISS APTA,IT03GWBISSAPTA,Corpo idrico sotterraneo superficiale di Alta pianura Bacino Ticino - Adda,"1634782393,7722997",,,194.672,0,ALTA,PTUA2022
VA,GALLARATE,PO012070NU1007,IT03GWBISSAPTA_PO012070NU1007,1,2,M,2004-01-01,482391.0,5056403.0,1.0,252.806,254.856,-2.05,65.0,4,32,55,POTABILE,POZZO,GWB ISS APTA,IT03GWBISSAPTA,Corpo idrico sotterraneo superficiale di Alta pianura Bacino Ticino - Adda,"1634782393,7722997",,Gestore spegne pozzo al massimo per 30',208.802,0,ALTA,PTUA2022
VA,GORLA MINORE,PO0120790RZ001,IT03GWBISSAPTA_PO0120790RZ001,1,2,M,2005-12-01,494757.0,5054445.0,1.0,241.321,241.521,-0.2,50.0,n.d.,n.d.,n.d.,ALTRO MONITORAGGIO,PIEZOMETRO,GWB ISS APTA,IT03GWBISSAPTA,Corpo idrico sotterraneo superficiale di Alta pianura Bacino Ticino - Adda,"1634782393,7722997",,,193.173,0,ALTA,PTUA2022
VA,SOMMA LOMBARDO,PO012123NUP001,IT03GWBISSAPTA_PO012123NUP001,3,2,M,2015-01-01,477395.4323,5053944.915,1.0,228.186,231.736,3.55,100.0,1,58,88,POTABILE,POZZO,GWB ISS APTA,IT03GWBISSAPTA,Corpo idrico sotterraneo superficiale di Alta pianura Bacino Ticino - Adda,"1634782393,7722997",,Gestore spegne pozzo al massimo per 30',177.548,6,BASSA,PTUA2022
CO,LOCATE VARESINO,PO0131310U0001,IT03GWBISSAPTA_PO0131310U0001,3,2,M,2012-03-01,494595.0,5059657.0,1.0,272.942,273.982,-1.04,58.0,1,50,54,POTABILE,POZZO,GWB ISS APTA,IT03GWBISSAPTA,Corpo idrico sotterraneo superficiale di Alta pianura Bacino Ticino - Adda,"1634782393,7722997",,,224.142,3,MEDIA,PTUA2022
CO,MOZZATE,PO0131590U0001,IT03GWBISSAPTA_PO0131590U0001,3,6,M,2009-02-01,495957.0,5058515.0,2.0,260.0,261.965,-1.965,102.5,2,40,98,POTABILE,POZZO,GWB ISS APTA,IT03GWBISSAPTA,Corpo idrico sotterraneo superficiale di Alta pianura Bacino Ticino - Adda,"1634782393,7722997",,,215.668,0,ALTA,PTUA2022
LC,CERNUSCO LOMBARDONE,PO0970200U0003,IT03GWBISSAPTA_PO0970200U0003,3,6,M,2001-08-01,530490.0,5059489.0,1.0,246.905,248.915,-2.01,50.0,1,37,43,POTABILE,POZZO,GWB ISS APTA,IT03GWBISSAPTA,Corpo idrico sotterraneo superficiale di Alta pianura Bacino Ticino - Adda,"1634782393,7722997",,,200.798,0,ALTA,PTUA2022
LC,OSNAGO,PO0970610U0015,IT03GWBISSAPTA_PO0970610U0015,1,6,M,2006-01-01,529860.0,5057943.0,1.0,238.515,238.095,0.42,46.6,2,21.4,47,POTABILE,POZZO,GWB ISS APTA,IT03GWBISSAPTA,Corpo idrico sotterraneo superficiale di Alta pianura Bacino Ticino - Adda,"1634782393,7722997",,,199.353,0,ALTA,PTUA2022
MB,SEREGNO,PO1080390U0026,IT03GWBISSAPTA_PO1080390U0026,3,2,M,2015-04-01,516742.2773,5056424.618,1.0,230.749,233.749,3,96.0,3,68,88,POTABILE,POZZO,GWB ISS APTA,IT03GWBISSAPTA,Corpo idrico sotterraneo superficiale di Alta pianura Bacino Ticino - Adda,"1634782393,7722997",,,177.692,6,BASSA,PTUA2022
VA,BUSTO ARSIZIO,PO012026NU3021,IT03GWBISSAPTA_PO012026NU3021,3,2,M,2002-01-01,486383.0,5048270.0,1.0,201.672,204.682,-3.01,102.0,2,42,95,INDUSTRIALE,POZZO ATTREZZATO CON PIEZOMETRO,GWB ISS APTA,IT03GWBISSAPTA,Corpo idrico sotterraneo superficiale di Alta pianura Bacino Ticino - Adda,"1634782393,7722997",,Gestore spegne pozzo al massimo per 30',168.722,0,ALTA,PTUA2022
VA,GERENZANO,PO0120750R2020,IT03GWBISSAPTA_PO0120750R2020,3,2,M,2001-01-01,498243.0,5052530.0,1.0,220.926,220.626,0.3,62.0,1,33.5,59,INDUSTRIALE,POZZO,GWB ISS APTA,IT03GWBISSAPTA,Corpo idrico sotterraneo superficiale di Alta pianura Bacino Ticino - Adda,"1634782393,7722997",,,179.214,0,ALTA,PTUA2022
VA,LONATE POZZOLO,PO012090NU2009,IT03GWBISSAPTA_PO012090NU2009,3,2,M,2001-02-01,477623.0,5050127.0,1.0,208.446,207.946,0.5,82.6,1,55,74,POTABILE,POZZO,GWB ISS APTA,IT03GWBISSAPTA,Corpo idrico sotterraneo superficiale di Alta pianura Bacino Ticino - Adda,"1634782393,7722997",,Gestore spegne pozzo al massimo per 30',154.001,0,ALTA,PTUA2022
VA,SAMARATE,PO0121180U0005,IT03GWBISSAPTA_PO0121180U0005,3,2,M,2001-08-01,481042.0,5052887.0,1.0,223.767,226.067,-2.3,80.0,2,50,72,POTABILE,POZZO,GWB ISS APTA,IT03GWBISSAPTA,Corpo idrico sotterraneo superficiale di Alta pianura Bacino Ticino - Adda,"1634782393,7722997",,Gestore spegne pozzo al massimo per 30',181.812,0,ALTA,PTUA2022
VA,UBOLDO,PO0121300RZ001,IT03GWBISSAPTA_PO0121300RZ001,1,2,N,2005-11-01,497814.0,5049212.0,1.0,203.65,204.2,-0.55,45.0,n.d.,n.d.,n.d.,ALTRO MONITORAGGIO,PIEZOMETRO,GWB ISS APTA,IT03GWBISSAPTA,Corpo idrico sotterraneo superficiale di Alta pianura Bacino Ticino - Adda,"1634782393,7722997",,,168.854,0,ALTA,PTUA2022
MI,RESCALDINA,PO0151810U0001,IT03GWBISSAPTA_PO0151810U0001,1,2,M,2005-01-01,496110.0,5051398.0,1.0,222.44,222.54,-0.1,81.7,2,51.7,73.7,POTABILE,POZZO,GWB ISS APTA,IT03GWBISSAPTA,Corpo idrico sotterraneo superficiale di Alta pianura Bacino Ticino - Adda,"1634782393,7722997",,,176.847,2,MEDIA,PTUA2022
MI,TREZZANO ROSA,PO015219NU0009,IT03GWBISSAPTA_PO015219NU0009,1,2,M,2015-05-01,537519.0517,5047771.168,1.0,168.999,170.379,1.38,45.0,1,34,40.5,POTABILE,PIEZOMETRO,GWB ISS APTA,IT03GWBISSAPTA,Corpo idrico sotterraneo superficiale di Alta pianura Bacino Ticino - Adda,"1634782393,7722997",,"fino al 2018 misure manuali; successiva transizione a misure con sonde automatiche, i cui dati non sono stati inseriti in quanto non validi",132.918,7,BASSA,PTUA2022
MI,TREZZO SULL'ADDA,PO0152210U0001,IT03GWBISSAPTA_PO0152210U0001,3,2,M,2000-01-01,540511.0,5051067.0,1.0,150.393,150.393,0,32.98,1,17,32,POTABILE,POZZO,GWB ISS APTA,IT03GWBISSAPTA,Corpo idrico sotterraneo superficiale di Alta pianura Bacino Ticino - Adda,"1634782393,7722997",,"fino al 2018 misure manuali; successiva transizione a misure con sonde automatiche, i cui dati non sono stati inseriti in quanto non validi",140.826,0,BASSA,PTUA2022
MB,DESIO,PO108023NU0003,IT03GWBISSAPTA_PO108023NU0003,3,4,M,2011-03-01,516261.0,5051920.0,1.0,199.167,199.167,0,78.0,3,42,65,POTABILE,POZZO,GWB ISS APTA,IT03GWBISSAPTA,Corpo idrico sotterraneo superficiale di Alta pianura Bacino Ticino - Adda,"1634782393,7722997",,,146.077,2,BASSA,PTUA2022
MB,MEZZAGO,PO1080310U0001,IT03GWBISSAPTA_PO1080310U0001,3,2,M,2000-01-01,534712.0,5052931.0,1.0,220.664,220.664,0,75.2,1,54,74.65,POTABILE,POZZO,GWB ISS APTA,IT03GWBISSAPTA,Corpo idrico sotterraneo superficiale di Alta pianura Bacino Ticino - Adda,"1634782393,7722997",,,163.306,3,BASSA,PTUA2022
MB,MONZA,PO108033NR0142,IT03GWBISSAPTA_PO108033NR0142,3,1,M,2016-02-01,522621.0,5051383.0,2.0,178.79,178.79,n.d.,42.0,1,10.5,31.5,IRRIGUO,POZZO,GWB ISS APTA,IT03GWBISSAPTA,Corpo idrico sotterraneo superficiale di Alta pianura Bacino Ticino - Adda,"1634782393,7722997",,,148.371,7,BASSA,PTUA2022
MB,NOVA MILANESE,PO1080350U0024,IT03GWBISSAPTA_PO1080350U0024,1,2,M,2000-01-01,514972.0,5048824.0,1.0,174.02,176.6,-2.58,85.0,2,50,79,POTABILE,POZZO,GWB ISS APTA,IT03GWBISSAPTA,Corpo idrico sotterraneo superficiale di Alta pianura Bacino Ticino - Adda,"1634782393,7722997",,,134.12,1,MEDIA,PTUA2022
MB,CONCOREZZO,PO1080210U0002,IT03GWBISSAPTA_PO1080210U0002,3,2,M,2006-03-01,525376.0,5047357.0,1.0,162.45,162.45,0,56.0,1,32,47,POTABILE,POZZO,GWB ISS APTA,IT03GWBISSAPTA,Corpo idrico sotterraneo superficiale di Alta pianura Bacino Ticino - Adda,"1634782393,7722997",,,133.868,2,BASSA,PTUA2022
MI,SENAGO,PO0152060U0004,IT03GWBISSAPTA_PO0152060U0004,3,2,M,2005-01-01,510294.0,5047238.0,1.0,169.78,169.78,0,104.0,2,41.29,64.11,POTABILE,POZZO,GWB ISS APTA,IT03GWBISSAPTA,Corpo idrico sotterraneo superficiale di Alta pianura Bacino Ticino - Adda,"1634782393,7722997",,"fino al 2018 misure manuali; successiva transizione a misure con sonde automatiche, i cui dati non sono stati inseriti in quanto non validi",136.692,2,MEDIA,PTUA2022
MI,BUSTO GAROLFO,PO015041NR0075,IT03GWBISSAPTA_PO015041NR0075,1,1,M,2014-05-01,491337.0,5042014.0,1.0,171.64,172.01,-0.37,30.0,1,15,30,MONITORAGGIO,PIEZOMETRO,GWB ISS APTA,IT03GWBISSAPTA,Corpo idrico sotterraneo superficiale di Alta pianura Bacino Ticino - Adda,"1634782393,7722997",SI,,154.412,5,BASSA,PTUA2022
MI,CARUGATE,PO015051NR0012,IT03GWBISSAPTA_PO015051NR0012,3,1,M,2016-02-01,526092.0,5045211.0,2.0,0.0,153.0,n.d.,40.0,2,22,37,INDUSTRIALE,POZZO,GWB ISS APTA,IT03GWBISSAPTA,Corpo idrico sotterraneo superficiale di Alta pianura Bacino Ticino - Adda,"1634782393,7722997",SI,,128.853,7,BASSA,PTUA2022
MI,CASSINA DE' PECCHI,PO015060NU0070,IT03GWBISSAPTA_PO015060NU0070,1,1,M,2014-05-01,528555.0,5041375.0,1.0,134.13,134.13,0,43.0,n.d.,n.d.,n.d.,MONITORAGGIO,PIEZOMETRO,GWB ISS APTA,IT03GWBISSAPTA,Corpo idrico sotterraneo superficiale di Alta pianura Bacino Ticino - Adda,"1634782393,7722997",,,120.748,5,BASSA,PTUA2022
MI,CASTANO PRIMO,PO015062NR0071,IT03GWBISSAPTA_PO015062NR0071,1,1,M,2014-05-01,479252.0,5043806.0,1.0,170.69,170.64,0.05,35.0,1,20,35,MONITORAGGIO,PIEZOMETRO,GWB ISS APTA,IT03GWBISSAPTA,Corpo idrico sotterraneo superficiale di Alta pianura Bacino Ticino - Adda,"1634782393,7722997",,,140.629,5,BASSA,PTUA2022
MI,GORGONZOLA,PO0151080U0002,IT03GWBISSAPTA_PO0151080U0002,3,2,M,2016-02-01,532049.0,5042247.0,2.0,0.0,134.37,n.d.,90.0,1,33.05,46.6,POTABILE,POZZO,GWB ISS APTA,IT03GWBISSAPTA,Corpo idrico sotterraneo superficiale di Alta pianura Bacino Ticino - Adda,"1634782393,7722997",,"fino al 2018 misure manuali; successiva transizione a misure con sonde automatiche, i cui dati non sono stati inseriti in quanto non validi",123.358,8,BASSA,PTUA2022
MI,SAN GIORGIO SU LEGNANO,PO015194NU0017,IT03GWBISSAPTA_PO015194NU0017,1,1,M,2014-05-01,492931.0,5045894.0,1.0,191.6,191.65,-0.05,50.0,1,28,50,MONITORAGGIO,PIEZOMETRO,GWB ISS APTA,IT03GWBISSAPTA,Corpo idrico sotterraneo superficiale di Alta pianura Bacino Ticino - Adda,"1634782393,7722997",,,162.016,5,BASSA,PTUA2022
MI,VANZAGHELLO,PO0152490U0002,IT03GWBISSAPTA_PO0152490U0002,1,2,M,2005-01-01,482332.0,5046719.0,1.0,191.913,191.913,0,60.0,1,54,58,ALTRO MONITORAGGIO,PIEZOMETRO,GWB ISS APTA,IT03GWBISSAPTA,Corpo idrico sotterraneo superficiale di Alta pianura Bacino Ticino - Adda,"1634782393,7722997",,"fino al 2018 misure manuali; successiva transizione a misure con sonde automatiche, i cui dati non sono stati inseriti in quanto non validi",159.718,3,MEDIA,PTUA2022
MB,MONZA,PO108033NU0243,IT03GWBISSAPTA_PO108033NU0243,1,1,M,2014-03-01,520727.0,5045937.0,1.0,163.584,163.584,0,50.0,1,22.5,49.5,MONITORAGGIO,PIEZOMETRO,GWB ISS APTA,IT03GWBISSAPTA,Corpo idrico sotterraneo superficiale di Alta pianura Bacino Ticino - Adda,"1634782393,7722997",SI,,125.417,5,BASSA,PTUA2022
MB,CAPONAGO,PO1080520U0016,IT03GWBISSAPTA_PO1080520U0016,1,2,M,2016-02-01,528637.8837,5045729.304,1.0,155.237,157.507,2.27,42.0,1,40.5,42,POTABILE,PIEZOMETRO,GWB ISS APTA,IT03GWBISSAPTA,Corpo idrico sotterraneo superficiale di Alta pianura Bacino Ticino - Adda,"1634782393,7722997",,,132.335,7,BASSA,PTUA2022
MI,BERNATE TICINO,PO015019NR0001,IT03GWBISSAPTA_PO015019NR0001,1,2,M,2013-03-01,486506.0,5037842.0,1.0,151.01,151.13,0.12,63.5,1,40,54.25,ALTRO MONITORAGGIO,POZZO,GWB ISS APTA,IT03GWBISSAPTA,Corpo idrico sotterraneo superficiale di Alta pianura Bacino Ticino - Adda,"1634782393,7722997",,,133.178,5,BASSA,PTUA2022
MI,INVERUNO,PO015113NUP001,IT03GWBISSAPTA_PO015113NUP001,1,1,M,2016-02-01,489297.5977,5039466.985,1.0,158.606,158.826,0.22,25.0,1,9,25,ALTRO MONITORAGGIO,PIEZOMETRO,GWB ISS APTA,IT03GWBISSAPTA,Corpo idrico sotterraneo superficiale di Alta pianura Bacino Ticino - Adda,"1634782393,7722997",,,144.971,7,BASSA,PTUA2022
MI,MILANO,PO015146NU1313,IT03GWBISSAPTA_PO015146NU1313,1,2,M,2008-01-01,519751.0,5037935.0,1.0,118.845,118.845,0,19.0,n.d.,n.d.,n.d.,ALTRO MONITORAGGIO,PIEZOMETRO,GWB ISS APTA,IT03GWBISSAPTA,Corpo idrico sotterraneo superficiale di Alta pianura Bacino Ticino - Adda,"1634782393,7722997",,,103.733,1,MEDIA,PTUA2022
MI,MILANO,PO015146NU1534,IT03GWBISSAPTA_PO015146NU1534,1,2,M,2002-01-01,510123.0,5040197.0,1.0,138.95,138.83,0.12,24.0,n.d.,n.d.,n.d.,ALTRO MONITORAGGIO,PIEZOMETRO,GWB ISS APTA,IT03GWBISSAPTA,Corpo idrico sotterraneo superficiale di Alta pianura Bacino Ticino - Adda,"1634782393,7722997",,,111.276,0,ALTA,PTUA2022
MI,MILANO,PO015146NU1536,IT03GWBISSAPTA_PO015146NU1536,1,2,M,2012-01-01,511864.0,5036686.0,1.0,125.2,125.2,0,19.0,n.d.,n.d.,n.d.,ALTRO MONITORAGGIO,PIEZOMETRO,GWB ISS APTA,IT03GWBISSAPTA,Corpo idrico sotterraneo superficiale di Alta pianura Bacino Ticino - Adda,"1634782393,7722997",,,101.426,3,MEDIA,PTUA2022
MI,MILANO,PO015146NU1557,IT03GWBISSAPTA_PO015146NU1557,1,2,M,2012-01-01,514394.0,5036838.0,1.0,123.76,123.7,0.06,30.0,n.d.,n.d.,n.d.,ALTRO MONITORAGGIO,POZZO,GWB ISS APTA,IT03GWBISSAPTA,Corpo idrico sotterraneo superficiale di Alta pianura Bacino Ticino - Adda,"1634782393,7722997",,,98.5468,3,MEDIA,PTUA2022
MI,VITTUONE,PO015243NUP001,IT03GWBISSAPTA_PO015243NUP001,1,2,M,2016-02-01,496210.5145,5037318.334,1.0,147.213,146.463,-0.75,50.0,1,30,50,POTABILE,PIEZOMETRO,GWB ISS APTA,IT03GWBISSAPTA,Corpo idrico sotterraneo superficiale di Alta pianura Bacino Ticino - Adda,"1634782393,7722997",,"fino al 2018 misure manuali; successiva transizione a misure con sonde automatiche, i cui dati non sono stati inseriti in quanto non validi",139.231,8,BASSA,PTUA2022
MI,MILANO,PO015146NU1120,IT03GWBISSAPTA_PO015146NU1120,1,2,M,2008-01-01,513604.0,5033914.0,1.0,117.37,117.37,0,17.0,n.d.,n.d.,n.d.,ALTRO MONITORAGGIO,PIEZOMETRO,GWB ISS APTA,IT03GWBISSAPTA,Corpo idrico sotterraneo superficiale di Alta pianura Bacino Ticino - Adda,"1634782393,7722997",,,98.275,0,ALTA,PTUA2022
MI,MILANO,PO015146NU1353,IT03GWBISSAPTA_PO015146NU1353,1,2,M,2012-01-01,519795.0,5033780.0,1.0,108.811,108.811,0,16.0,n.d.,n.d.,n.d.,ALTRO MONITORAGGIO,PIEZOMETRO,GWB ISS APTA,IT03GWBISSAPTA,Corpo idrico sotterraneo superficiale di Alta pianura Bacino Ticino - Adda,"1634782393,7722997",,,98.0632,3,MEDIA,PTUA2022
PV,TRAVACO' SICCOMARIO,PO018162NUP001,IT03GWBISSBPPO_PO018162NUP001,3,2,M,2015-07-01,512843.2754,4999704.742,1.0,61.197,60.482,-0.715,14.0,n.d.,n.d.,n.d.,POTABILE,PIEZOMETRO,GWB ISS BPPO,IT03GWBISSBPPO,Corpo idrico sotterraneo superficiale di Bassa pianura Bacino PO,"2043224016,507622",,,58.4685,6,BASSA,PTUA2022
CR,PIADENA,PO019071NRA001,IT03GWBISSBPPO_PO019071NRA001,3,1,M,2006-03-01,611002.0,4998742.0,1.0,26.5,26.14,0.36,10.0,1,1,10,IRRIGUO,PIEZOMETRO,GWB ISS BPPO,IT03GWBISSBPPO,Corpo idrico sotterraneo superficiale di Bassa pianura Bacino PO,"2043224016,507622",,,25.9842,0,ALTA,PTUA2022
PV,PIEVE PORTO MORONE,PO0181140U0002,IT03GWBISSBPPO_PO0181140U0002,3,2,M,2008-01-01,534746.0,4995245.0,1.0,55.383,55.383,0,24.0,1,12,18,POTABILE,POZZO,GWB ISS BPPO,IT03GWBISSBPPO,Corpo idrico sotterraneo superficiale di Bassa pianura Bacino PO,"2043224016,507622",,,52.7166,0,ALTA,PTUA2022
CR,DEROVERE,PO019040NRA001,IT03GWBISSBPPO_PO019040NRA001,3,1,M,2006-03-01,597838.0,4994940.0,1.0,32.95,32.7,0.25,10.0,1,2,10,IRRIGUO,PIEZOMETRO,GWB ISS BPPO,IT03GWBISSBPPO,Corpo idrico sotterraneo superficiale di Bassa pianura Bacino PO,"2043224016,507622",,,29.702,0,ALTA,PTUA2022
CR,SAN DANIELE PO,PO019089NUA001,IT03GWBISSBPPO_PO019089NUA001,3,1,M,2014-06-01,590532.0,4991152.0,1.0,33.6,33.6,0,25.0,1,13,25,DIDATTICO/SCIENTIFICO,POZZO,GWB ISS BPPO,IT03GWBISSBPPO,Corpo idrico sotterraneo superficiale di Bassa pianura Bacino PO,"2043224016,507622",,,30.3053,5,BASSA,PTUA2022
CR,SAN MARTINO DEL LAGO,PO019091NRA001,IT03GWBISSBPPO_PO019091NRA001,3,1,M,2006-03-01,602954.0,4991122.0,1.0,29.18,28.83,0.35,12.0,1,2,12,IRRIGUO,PIEZOMETRO,GWB ISS BPPO,IT03GWBISSBPPO,Corpo idrico sotterraneo superficiale di Bassa pianura Bacino PO,"2043224016,507622",,,26.8374,0,ALTA,PTUA2022
MN,BAGNOLO SAN VITO,PO0200030R0002,IT03GWBISSBPPO_PO0200030R0002,1,1,M,2005-10-01,645227.0,4994417.0,1.0,17.258,17.258,0,52.3,n.d.,n.d.,n.d.,IGIENICO,POZZO,GWB ISS BPPO,IT03GWBISSBPPO,Corpo idrico sotterraneo superficiale di Bassa pianura Bacino PO,"2043224016,507622",SI,,12.2345,0,ALTA,PTUA2022
MN,CURTATONE,PO020021NRP001,IT03GWBISSBPPO_PO020021NRP001,1,1,M,2015-05-01,633518.3157,4994872.379,1.0,20.444,21.694,1.25,40.0,1,34,40,IRRIGUO,POZZO,GWB ISS BPPO,IT03GWBISSBPPO,Corpo idrico sotterraneo superficiale di Bassa pianura Bacino PO,"2043224016,507622",,,19.5253,6,BASSA,PTUA2022
MN,MARCARIA,PO0200310R0062,IT03GWBISSBPPO_PO0200310R0062,1,1,M,2001-06-01,627739.0,4991877.0,1.0,21.824,21.824,0,8.0,n.d.,n.d.,n.d.,IRRIGUO,POZZO,GWB ISS BPPO,IT03GWBISSBPPO,Corpo idrico sotterraneo superficiale di Bassa pianura Bacino PO,"2043224016,507622",,,19.8567,0,ALTA,PTUA2022
LO,CASELLE LANDI,PO0980110U0001,IT03GWBISSBPPO_PO0980110U0001,3,2,M,2009-03-01,562209.7293,4994623.069,1.0,45.233,45.493,0.26,62.3,2,32.5,61,POTABILE,POZZO,GWB ISS BPPO,IT03GWBISSBPPO,Corpo idrico sotterraneo superficiale di Bassa pianura Bacino PO,"2043224016,507622",,,29.7461,4,BASSA,PTUA2022
LO,SAN ROCCO AL PORTO,PO098049NR0141,IT03GWBISSBPPO_PO098049NR0141,1,1,M,2014-05-01,550976.491,4994237.896,1.0,49.723,49.747,-0.024,12.0,1,5.2,12,MONITORAGGIO,PIEZOMETRO,GWB ISS BPPO,IT03GWBISSBPPO,Corpo idrico sotterraneo superficiale di Bassa pianura Bacino PO,"2043224016,507622",,,45.6652,7,BASSA,PTUA2022
PV,CERVESINA,PO0180470U0001,IT03GWBISSBPPO_PO0180470U0001,3,3,M,2008-02-01,501288.0,4989873.0,1.0,71.908,71.718,0.19,81.0,2,42,77,POTABILE,POZZO,GWB ISS BPPO,IT03GWBISSBPPO,Corpo idrico sotterraneo superficiale di Bassa pianura Bacino PO,"2043224016,507622",,,68.2582,0,BASSA,PTUA2022
CR,STAGNO LOMBARDO,PO019103NRA001,IT03GWBISSBPPO_PO019103NRA001,3,1,M,2006-04-01,583736.0,4989691.0,1.0,34.83,34.46,0.37,12.0,1,1,12,IRRIGUO,PIEZOMETRO,GWB ISS BPPO,IT03GWBISSBPPO,Corpo idrico sotterraneo superficiale di Bassa pianura Bacino PO,"2043224016,507622",,,32.6497,0,ALTA,PTUA2022
CR,RIVAROLO DEL RE ED UNITI,PO019083NRA001,IT03GWBISSBPPO_PO019083NRA001,3,1,M,2014-06-01,616502.0,4988727.0,1.0,21.39,22.0,-0.61,20.0,1,10,20,ANTINCENDIO,POZZO,GWB ISS BPPO,IT03GWBISSBPPO,Corpo idrico sotterraneo superficiale di Bassa pianura Bacino PO,"2043224016,507622",si,,20.353,5,BASSA,PTUA2022
MN,MAGNACAVALLO,PO0200290R0002,IT03GWBISSBPPO_PO0200290R0002,3,1,M,2012-02-01,668106.0,4985295.0,1.0,13.0,13.0,0,15.0,1,13,15,NON DEFINITO,PIEZOMETRO,GWB ISS BPPO,IT03GWBISSBPPO,Corpo idrico sotterraneo superficiale di Bassa pianura Bacino PO,"2043224016,507622",,,7.00892,3,MEDIA,PTUA2022
MN,MOTTEGGIANA,PO0200370R0002,IT03GWBISSBPPO_PO0200370R0002,1,1,M,2012-11-01,634438.0,4988250.0,1.0,18.0,18.0,0,13.0,1,10,13,NON DEFINITO,PIEZOMETRO,GWB ISS BPPO,IT03GWBISSBPPO,Corpo idrico sotterraneo superficiale di Bassa pianura Bacino PO,"2043224016,507622",SI,,16.1085,3,MEDIA,PTUA2022
MN,PIEVE DI CORIANO,PO0200400R0001,IT03GWBISSBPPO_PO0200400R0001,3,1,N,2005-05-01,664174.0,4988419.0,1.0,11.817,11.817,0,51.0,n.d.,n.d.,n.d.,NON DEFINITO,PIEZOMETRO,GWB ISS BPPO,IT03GWBISSBPPO,Corpo idrico sotterraneo superficiale di Bassa pianura Bacino PO,"2043224016,507622",SI,HA PRESO NOME BORGO MANTOVANO,5.47959,0,ALTA,PTUA2022
MN,SERMIDE,PO020061NR0001,IT03GWBISSBPPO_PO020061NR0001,3,2,M,2002-11-01,677797.0,4988196.0,1.0,10.65,10.65,0,10.0,1,9,10,NON DEFINITO,PIEZOMETRO,GWB ISS BPPO,IT03GWBISSBPPO,Corpo idrico sotterraneo superficiale di Bassa pianura Bacino PO,"2043224016,507622",,,4.10613,0,ALTA,PTUA2022
MN,SERMIDE,PO020061NUP001,IT03GWBISSBPPO_PO020061NUP001,1,1,M,2015-05-01,680924.0,4986614.0,1.0,0.0,11.66,n.d.,50.0,1,28,50,MONITORAGGIO,PIEZOMETRO,GWB ISS BPPO,IT03GWBISSBPPO,Corpo idrico sotterraneo superficiale di Bassa pianura Bacino PO,"2043224016,507622",SI,,10.5556,6,BASSA,PTUA2022
MN,SUZZARA,PO0200650R0002,IT03GWBISSBPPO_PO0200650R0002,1,1,M,2005-12-01,636024.0,4984904.0,1.0,19.42,19.42,0,10.0,1,9,10,NON DEFINITO,PIEZOMETRO,GWB ISS BPPO,IT03GWBISSBPPO,Corpo idrico sotterraneo superficiale di Bassa pianura Bacino PO,"2043224016,507622",,,13.1306,0,ALTA,PTUA2022
MN,FELONICA,PO020023NUP001,IT03GWBISSBPPO_PO020023NUP001,3,1,M,2015-05-01,685844.0,4983484.0,1.0,0.0,8.7,n.d.,50.0,1,14,50,MONITORAGGIO,PIEZOMETRO,GWB ISS BPPO,IT03GWBISSBPPO,Corpo idrico sotterraneo superficiale di Bassa pianura Bacino PO,"2043224016,507622",SI,,2.82546,6,BASSA,PTUA2022
MN,GONZAGA,PO0200270R0053,IT03GWBISSBPPO_PO0200270R0053,3,1,M,2001-03-01,646253.0,4978449.0,1.0,17.841,17.841,0,19.0,n.d.,n.d.,n.d.,NON DEFINITO,POZZO,GWB ISS BPPO,IT03GWBISSBPPO,Corpo idrico sotterraneo superficiale di Bassa pianura Bacino PO,"2043224016,507622",,,14.0373,0,ALTA,PTUA2022
MN,POGGIO RUSCO,PO0200420R0001,IT03GWBISSBPPO_PO0200420R0001,3,2,M,2005-05-01,668975.0,4982250.0,1.0,10.859,10.859,0,6.0,n.d.,n.d.,n.d.,IRRIGUO,POZZO,GWB ISS BPPO,IT03GWBISSBPPO,Corpo idrico sotterraneo superficiale di Bassa pianura Bacino PO,"2043224016,507622",,,4.79766,0,ALTA,PTUA2022
BG,ISSO,PO0161220R0519,IT03GWBISSMPAO_PO0161220R0519,3,1,M,2014-11-01,556753.0,5036727.0,2.0,104.8,104.8,0,35.0,n.d.,n.d.,n.d.,ZOOTECNICO,POZZO,GWB ISS MPAO,IT03GWBISSMPAO,Corpo idrico sotterraneo superficiale di Media pianura Bacino Adda - Oglio,"1464247371,1393835",,,101.569,5,BASSA,PTUA2022
CR,RIVOLTA D'ADDA,PO019084NRA002,IT03GWBISSMPAO_PO019084NRA002,3,1,S,2012-02-01,540419.0,5033590.0,1.0,96.18,95.96,0.22,10.5,1,1,10,NON DEFINITO,PIEZOMETRO,GWB ISS MPAO,IT03GWBISSMPAO,Corpo idrico sotterraneo superficiale di Media pianura Bacino Adda - Oglio,"1464247371,1393835",SI,,93.1516,3,MEDIA,PTUA2022
CR,SERGNANO,PO019094NU0944,IT03GWBISSMPAO_PO019094NU0944,3,1,M,2004-01-01,554722.0,5030569.0,1.0,91.1,90.54,0.56,46.0,1,37,42,POTABILE,POZZO,GWB ISS MPAO,IT03GWBISSMPAO,Corpo idrico sotterraneo superficiale di Media pianura Bacino Adda - Oglio,"1464247371,1393835",,,84.3272,0,ALTA,PTUA2022
CR,CREMA,PO019035NRA001,IT03GWBISSMPAO_PO019035NRA001,3,1,M,2006-03-01,552645.0,5022933.0,1.0,77.81,77.81,0,10.0,1,1,10,NON DEFINITO,PIEZOMETRO,GWB ISS MPAO,IT03GWBISSMPAO,Corpo idrico sotterraneo superficiale di Media pianura Bacino Adda - Oglio,"1464247371,1393835",SI,,68.8428,0,ALTA,PTUA2022
LO,BOFFALORA D'ADDA,PO098003NR0063,IT03GWBISSMPAO_PO098003NR0063,1,1,M,2012-06-01,537578.0,5023179.0,1.0,72.433,72.403,0.03,9.0,1,3,9,PIEZOMETRO,POZZO,GWB ISS MPAO,IT03GWBISSMPAO,Corpo idrico sotterraneo superficiale di Media pianura Bacino Adda - Oglio,"1464247371,1393835",,,72.364,3,MEDIA,PTUA2022
CR,GENIVOLTA,PO019047NRA001,IT03GWBISSMPAO_PO019047NRA001,3,1,M,2006-04-01,568902.0,5021693.0,1.0,60.78,60.33,0.45,18.0,1,1,15,IRRIGUO,PIEZOMETRO,GWB ISS MPAO,IT03GWBISSMPAO,Corpo idrico sotterraneo superficiale di Media pianura Bacino Adda - Oglio,"1464247371,1393835",,,65.7047,0,ALTA,PTUA2022
LO,CRESPIATICA,PO098025NR0110,IT03GWBISSMPAO_PO098025NR0110,1,1,M,2014-05-01,542967.5282,5021710.343,1.0,72.827,72.563,0.264,10.0,1,1,10,MONITORAGGIO,PIEZOMETRO,GWB ISS MPAO,IT03GWBISSMPAO,Corpo idrico sotterraneo superficiale di Media pianura Bacino Adda - Oglio,"1464247371,1393835",,,69.1374,5,BASSA,PTUA2022
CR,CASTELVISCONTI,PO019027NRA001,IT03GWBISSMPAO_PO019027NRA001,3,1,N,2006-02-01,574398.0,5015772.0,1.0,65.2,64.48,0.72,18.0,1,2,18,IRRIGUO,PIEZOMETRO,GWB ISS MPAO,IT03GWBISSMPAO,Corpo idrico sotterraneo superficiale di Media pianura Bacino Adda - Oglio,"1464247371,1393835",,,55.4995,0,ALTA,PTUA2022
CR,TRIGOLO,PO019110NRA001,IT03GWBISSMPAO_PO019110NRA001,3,1,N,2006-03-01,564922.0,5019504.0,1.0,70.82,70.16,0.66,23.0,1,2,18,IRRIGUO,PIEZOMETRO,GWB ISS MPAO,IT03GWBISSMPAO,Corpo idrico sotterraneo superficiale di Media pianura Bacino Adda - Oglio,"1464247371,1393835",,,63.3555,0,ALTA,PTUA2022
LO,CORTE PALASIO,PO098024NR0087,IT03GWBISSMPAO_PO098024NR0087,1,1,M,2014-05-01,543946.5236,5018367.411,1.0,66.918,66.918,0,10.0,1,3,10,MONITORAGGIO,PIEZOMETRO,GWB ISS MPAO,IT03GWBISSMPAO,Corpo idrico sotterraneo superficiale di Media pianura Bacino Adda - Oglio,"1464247371,1393835",,,62.7922,5,BASSA,PTUA2022
CR,PADERNO PONCHIELLI,PO019065NRA001,IT03GWBISSMPAO_PO019065NRA001,3,1,N,2006-03-01,574438.0,5010588.0,1.0,58.87,58.21,0.66,24.0,1,4,15,IRRIGUO,PIEZOMETRO,GWB ISS MPAO,IT03GWBISSMPAO,Corpo idrico sotterraneo superficiale di Media pianura Bacino Adda - Oglio,"1464247371,1393835",,,50.7984,3,MEDIA,PTUA2022
CR,SAN BASSANO,PO019088NRP001,IT03GWBISSMPAO_PO019088NRP001,3,1,M,2015-05-01,563717.978,5010319.591,1.0,50.943,51.343,0.4,31.0,1,22,28,IRRIGUO,POZZO,GWB ISS MPAO,IT03GWBISSMPAO,Corpo idrico sotterraneo superficiale di Media pianura Bacino Adda - Oglio,"1464247371,1393835",,,48.5994,6,BASSA,PTUA2022
CR,CORTE DE' FRATI,PO019033NRA001,IT03GWBISSMPAO_PO019033NRA001,3,1,M,2006-02-01,586564.0,5006546.0,1.0,48.01,47.83,0.18,15.0,1,1.5,15,IRRIGUO,PIEZOMETRO,GWB ISS MPAO,IT03GWBISSMPAO,Corpo idrico sotterraneo superficiale di Media pianura Bacino Adda - Oglio,"1464247371,1393835",,,40.3367,0,ALTA,PTUA2022
CR,GRUMELLO CREMONESE ED UNITI,PO019051NRA001,IT03GWBISSMPAO_PO019051NRA001,3,1,M,2012-02-01,568876.0,5004743.0,1.0,46.42,46.42,0,13.0,n.d.,n.d.,n.d.,IRRIGUO,PIEZOMETRO,GWB ISS MPAO,IT03GWBISSMPAO,Corpo idrico sotterraneo superficiale di Media pianura Bacino Adda - Oglio,"1464247371,1393835",,,42.8796,3,MEDIA,PTUA2022
CR,PESSINA CREMONESE,PO019070NRA001,IT03GWBISSMPAO_PO019070NRA001,3,1,M,2006-03-01,599778.0,5003151.0,1.0,39.44,39.3,0.14,12.0,1,1,12,IRRIGUO,PIEZOMETRO,GWB ISS MPAO,IT03GWBISSMPAO,Corpo idrico sotterraneo superficiale di Media pianura Bacino Adda - Oglio,"1464247371,1393835",,,31.7839,0,ALTA,PTUA2022
CR,POZZAGLIO ED UNITI,PO019077NRA001,IT03GWBISSMPAO_PO019077NRA001,3,1,M,2006-03-01,579839.0,5008345.0,1.0,53.81,53.07,0.74,18.0,1,4,17,IRRIGUO,PIEZOMETRO,GWB ISS MPAO,IT03GWBISSMPAO,Corpo idrico sotterraneo superficiale di Media pianura Bacino Adda - Oglio,"1464247371,1393835",,,46.7586,0,ALTA,PTUA2022
CR,CREMONA,PO019036NUA001,IT03GWBISSMPAO_PO019036NUA001,3,1,M,2006-03-01,582978.0,4998541.0,1.0,42.99,43.3,-0.31,20.0,1,2,15,NON DEFINITO,PIEZOMETRO,GWB ISS MPAO,IT03GWBISSMPAO,Corpo idrico sotterraneo superficiale di Media pianura Bacino Adda - Oglio,"1464247371,1393835",,,34.8458,0,ALTA,PTUA2022
MN,ROVERBELLA,PO0200530R0089,IT03GWBISSMPBM_PO0200530R0089,3,1,N,2001-03-01,641706.0,5013584.0,1.0,35.415,35.415,0,30.0,n.d.,n.d.,n.d.,ANTINCENDIO,POZZO,GWB ISS MPBM,IT03GWBISSMPBM,Corpo idrico sotterraneo superficiale di Media pianura Bacino Basso Mincio,"377031374,17341434",,,35.1783,0,ALTA,PTUA2022
MN,BIGARELLO,PO020004NR0001,IT03GWBISSMPBM_PO020004NR0001,3,1,S,2010-02-01,649416.0,5004823.0,1.0,26.3,26.3,0,15.0,1,5,15,NON DEFINITO,PIEZOMETRO,GWB ISS MPBM,IT03GWBISSMPBM,Corpo idrico sotterraneo superficiale di Media pianura Bacino Basso Mincio,"377031374,17341434",SI,,16.9281,1,ALTA,PTUA2022
MN,MARMIROLO,PO0200330R0002,IT03GWBISSMPBM_PO0200330R0002,3,1,M,2006-01-01,639065.0,5008516.0,1.0,31.883,31.883,0,38.0,n.d.,n.d.,n.d.,NON DEFINITO,POZZO,GWB ISS MPBM,IT03GWBISSMPBM,Corpo idrico sotterraneo superficiale di Media pianura Bacino Basso Mincio,"377031374,17341434",,,27.4809,4,MEDIA,PTUA2022
MN,SAN GIORGIO DI MANTOVA,PO0200570U0002,IT03GWBISSMPBM_PO0200570U0002,1,1,M,2005-01-01,645831.0,5002540.0,1.0,23.443,23.443,0,10.5,1,3,9,NON DEFINITO,POZZO,GWB ISS MPBM,IT03GWBISSMPBM,Corpo idrico sotterraneo superficiale di Media pianura Bacino Basso Mincio,"377031374,17341434",SI,,16.3959,0,ALTA,PTUA2022
LO,COMAZZO,PO0980200U0003,IT03GWBISSMPLAN_PO0980200U0003,1,2,M,2007-03-01,536223.0,5032262.0,1.0,99.238,98.783,0.455,41.0,1,29,41,POTABILE,POZZO,GWB ISS MPLAN,IT03GWBISSMPLAN,Corpo idrico sotterraneo superficiale di Media pianura Bacino Lambro - Adda Nord,"208055564,63716254",,,90.0108,0,ALTA,PTUA2022
MI,SETTALA,PO0152100U0004,IT03GWBISSMPLAN_PO0152100U0004,1,2,M,2005-01-01,530914.0,5030976.0,1.0,97.739,97.739,0,43.0,4,14,39,INDUSTRIALE,POZZO,GWB ISS MPLAN,IT03GWBISSMPLAN,Corpo idrico sotterraneo superficiale di Media pianura Bacino Lambro - Adda Nord,"208055564,63716254",,,93.496,3,MEDIA,PTUA2022
LO,CERVIGNANO D'ADDA,PO0980180U0001,IT03GWBISSMPLAN_PO0980180U0001,3,2,M,2000-01-01,533273.0,5024618.0,1.0,86.922,87.162,-0.24,55.0,1,41.5,50.5,POTABILE,POZZO,GWB ISS MPLAN,IT03GWBISSMPLAN,Corpo idrico sotterraneo superficiale di Media pianura Bacino Lambro - Adda Nord,"208055564,63716254",,,78.3407,0,ALTA,PTUA2022
LO,LODI,PO098031NR0333,IT03GWBISSMPLAS_PO098031NR0333,3,2,M,2015-05-01,536089.1193,5018845.124,1.0,81.233,80.783,-0.45,75.0,1,40,52,POTABILE,POZZO,GWB ISS MPLAS,IT03GWBISSMPLAS,Corpo idrico sotterraneo superficiale di Media pianura Bacino Lambro - Adda Sud,"492427868,6944221",,,70.5809,6,BASSA,PTUA2022
LO,LODI VECCHIO,PO0980320U0002,IT03GWBISSMPLAS_PO0980320U0002,1,2,M,2000-01-01,532553.0,5016525.0,1.0,80.442,80.892,-0.45,66.5,3,31,61,POTABILE,POZZO,GWB ISS MPLAS,IT03GWBISSMPLAS,Corpo idrico sotterraneo superficiale di Media pianura Bacino Lambro - Adda Sud,"492427868,6944221",,,71.9799,0,ALTA,PTUA2022
MI,SAN ZENONE AL LAMBRO,PO0152020U0025,IT03GWBISSMPLAS_PO0152020U0025,3,2,M,2015-05-01,528291.4058,5018882.33,1.0,84.866,84.686,-0.18,28.0,1,22,28,POTABILE,PIEZOMETRO,GWB ISS MPLAS,IT03GWBISSMPLAS,Corpo idrico sotterraneo superficiale di Media pianura Bacino Lambro - Adda Sud,"492427868,6944221",,"fino al 2018 misure manuali; successiva transizione a misure con sonde automatiche, i cui dati non sono stati inseriti in quanto non validi",75.1029,6,BASSA,PTUA2022
LO,VILLANOVA DEL SILLARO,PO0980600U0001,IT03GWBISSMPLAS_PO0980600U0001,1,2,M,2006-01-01,536331.0,5010155.0,1.0,72.786,71.715,1.071,59.0,1,39,57,POTABILE,POZZO,GWB ISS MPLAS,IT03GWBISSMPLAS,Corpo idrico sotterraneo superficiale di Media pianura Bacino Lambro - Adda Sud,"492427868,6944221",,,66.1752,0,ALTA,PTUA2022
LO,BERTONICO,PO098002NR0045,IT03GWBISSMPLAS_PO098002NR0045,1,1,M,2003-09-01,551597.0,5007962.0,1.0,65.153,64.753,0.4,12.0,n.d.,n.d.,n.d.,PIEZOMETRO,POZZO,GWB ISS MPLAS,IT03GWBISSMPLAS,Corpo idrico sotterraneo superficiale di Media pianura Bacino Lambro - Adda Sud,"492427868,6944221",,,49.2954,0,ALTA,PTUA2022
LO,CASALPUSTERLENGO,PO0980100U0007,IT03GWBISSMPLAS_PO0980100U0007,1,2,M,2015-06-01,550723.7257,5003634.624,1.0,61.881,63.661,1.78,39.0,1,23.25,35.3,POTABILE,POZZO,GWB ISS MPLAS,IT03GWBISSMPLAS,Corpo idrico sotterraneo superficiale di Media pianura Bacino Lambro - Adda Sud,"492427868,6944221",,,47.2841,6,BASSA,PTUA2022
LO,SECUGNAGO,PO098052NR0037,IT03GWBISSMPLAS_PO098052NR0037,1,1,M,2012-06-01,545716.0,5007808.0,1.0,67.381,67.437,-0.056,10.0,1,2,10,MONITORAGGIO BONIFICA,PIEZOMETRO,GWB ISS MPLAS,IT03GWBISSMPLAS,Corpo idrico sotterraneo superficiale di Media pianura Bacino Lambro - Adda Sud,"492427868,6944221",,,55.1053,3,MEDIA,PTUA2022
LO,FOMBIO,PO098026NR0074,IT03GWBISSMPLAS_PO098026NR0074,1,2,M,2003-01-01,553822.0,4999541.0,1.0,58.095,57.91,0.185,30.0,1,10,30,NON DEFINITO,PIEZOMETRO,GWB ISS MPLAS,IT03GWBISSMPLAS,Corpo idrico sotterraneo superficiale di Media pianura Bacino Lambro - Adda Sud,"492427868,6944221",,,43.4667,0,ALTA,PTUA2022
LO,SANTO STEFANO LODIGIANO,PO0980510U0001,IT03GWBISSMPLAS_PO0980510U0001,3,2,M,2015-06-01,558473.9317,4998227.47,1.0,51.843,51.013,-0.83,56.6,1,30.75,53,POTABILE,POZZO,GWB ISS MPLAS,IT03GWBISSMPLAS,Corpo idrico sotterraneo superficiale di Media pianura Bacino Lambro - Adda Sud,"492427868,6944221",,,37.9646,6,BASSA,PTUA2022
BS,COMEZZANO - CIZZAGO,PO0170600UC013,IT03GWBISSMPOM_PO0170600UC013,3,2,M,2010-01-01,574582.0,5036376.0,1.0,109.54,108.89,0.65,40.0,1,24,36,POTABILE,POZZO,GWB ISS MPOM,IT03GWBISSMPOM,Corpo idrico sotterraneo superficiale di Media pianura Bacino Oglio - Mincio,"1114645331,7278673",,,104.41,1,MEDIA,PTUA2022
BS,CAPRIANO DEL COLLE,PO017037NRP001,IT03GWBISSMPOM_PO017037NRP001,1,1,M,2015-07-01,589891.7347,5032071.706,1.0,86.237,85.787,-0.45,40.0,1,30,33,ALTRO MONITORAGGIO,PIEZOMETRO,GWB ISS MPOM,IT03GWBISSMPOM,Corpo idrico sotterraneo superficiale di Media pianura Bacino Oglio - Mincio,"641545976,6862019",SI,,81.4419,6,BASSA,PTUA2022
BS,BARBARIGA,PO017122NRP001,IT03GWBISSMPOM_PO017122NRP001,1,1,M,2015-07-01,583839.7803,5027911.328,1.0,80.26,80.05,-0.21,30.0,1,12,30,IRRIGUO,POZZO,GWB ISS MPOM,IT03GWBISSMPOM,Corpo idrico sotterraneo superficiale di Media pianura Bacino Oglio - Mincio,"641545976,6862019",,,75.4314,6,BASSA,PTUA2022
BS,LENO,PO0170880RC541,IT03GWBISSMPOM_PO0170880RC541,3,1,N,2009-06-01,596024.0,5022678.0,1.0,62.16,62.16,0,12.0,1,3,12,INDUSTRIALE,PIEZOMETRO,GWB ISS MPOM,IT03GWBISSMPOM,Corpo idrico sotterraneo superficiale di Media pianura Bacino Oglio - Mincio,"1530641791,9926912",SI,,60.9835,0,MEDIA,PTUA2022
BS,OFFLAGA,PO0171220R0001,IT03GWBISSMPOM_PO0171220R0001,3,1,M,2016-01-01,586651.0,5026537.0,1.0,0.0,0.0,DA DEFINIRE,33.0,1,18,24,ZOOTECNICO,POZZO,GWB ISS MPOM,IT03GWBISSMPOM,Corpo idrico sotterraneo superficiale di Media pianura Bacino Oglio - Mincio,"1530641791,9926912",SI,,69.8549,7,BASSA,PTUA2022
MN,MEDOLE,PO020034NU0002,IT03GWBISSMPOM_PO020034NU0002,3,1,M,2013-12-01,620111.0677,5022645.645,1.0,83.11,83.16,-0.05,40.0,1,27,39,NON DEFINITO,PIEZOMETRO,GWB ISS MPOM,IT03GWBISSMPOM,Corpo idrico sotterraneo superficiale di Media pianura Bacino Oglio - Mincio,"1530641791,9926912",SI,,60.1256,4,BASSA,PTUA2022
MN,SOLFERINO,PO020063NU0002,IT03GWBISSMPOM_PO020063NU0002,3,1,M,2013-12-01,622268.0218,5023901.63,1.0,105.62,105.76,-0.14,43.0,1,33,43,NON DEFINITO,PIEZOMETRO,GWB ISS MPOM,IT03GWBISSMPOM,Corpo idrico sotterraneo superficiale di Media pianura Bacino Oglio - Mincio,"1530641791,9926912",,,60.1727,4,BASSA,PTUA2022
MN,CAVRIANA,PO020018NU0004,IT03GWBISSMPOM_PO020018NU0004,3,1,M,2013-12-01,625401.9723,5021556.687,1.0,76.16,76.34,-0.18,40.0,1,27,39,NON DEFINITO,PIEZOMETRO,GWB ISS MPOM,IT03GWBISSMPOM,Corpo idrico sotterraneo superficiale di Media pianura Bacino Oglio - Mincio,"1530641791,9926912",SI,,56.2481,4,BASSA,PTUA2022
BS,ISORELLA,PO0170860UC579,IT03GWBISSMPOM_PO0170860UC579,3,1,N,2009-09-01,604118.0,5018644.0,1.0,55.48,55.78,-0.3,47.0,1,42,47,IRRIGUO,POZZO,GWB ISS MPOM,IT03GWBISSMPOM,Corpo idrico sotterraneo superficiale di Media pianura Bacino Oglio - Mincio,"1530641791,9926912",,,56.1942,1,BASSA,PTUA2022
MN,CASTEL GOFFREDO,PO0200150R0002,IT03GWBISSMPOM_PO0200150R0002,1,1,M,2009-10-01,612158.0,5017572.0,1.0,51.5,51.5,0,6.0,1,4,6,NON DEFINITO,PIEZOMETRO,GWB ISS MPOM,IT03GWBISSMPOM,Corpo idrico sotterraneo superficiale di Media pianura Bacino Oglio - Mincio,"1530641791,9926912",SI,,48.7378,2,MEDIA,PTUA2022
MN,GUIDIZZOLO,PO0200280R0056,IT03GWBISSMPOM_PO0200280R0056,3,1,M,2006-08-01,624064.0,5020093.0,1.0,65.27,65.27,0,54.0,1,44,54,NON DEFINITO,POZZO,GWB ISS MPOM,IT03GWBISSMPOM,Corpo idrico sotterraneo superficiale di Media pianura Bacino Oglio - Mincio,"1530641791,9926912",SI,,54.6049,0,ALTA,PTUA2022
MN,VOLTA MANTOVANA,PO0200700R0002,IT03GWBISSMPOM_PO0200700R0002,1,1,M,2012-02-01,628665.0,5019369.0,2.0,57.05,57.05,0,15.0,1,13,15,NON DEFINITO,PIEZOMETRO,GWB ISS MPOM,IT03GWBISSMPOM,Corpo idrico sotterraneo superficiale di Media pianura Bacino Oglio - Mincio,"1530641791,9926912",SI,,50.0612,3,MEDIA,PTUA2022
BS,GAMBARA,PO017073NUP001,IT03GWBISSMPOM_PO017073NUP001,3,1,N,2015-04-01,601119.1923,5012345.56,1.0,48.524,48.324,-0.2,15.0,1,10,14,IRRIGUO,POZZO,GWB ISS MPOM,IT03GWBISSMPOM,Corpo idrico sotterraneo superficiale di Media pianura Bacino Oglio - Mincio,"1530641791,9926912",,,46.252,6,BASSA,PTUA2022
BS,FIESSE,PO0170710RC478,IT03GWBISSMPOM_PO0170710RC478,1,1,M,2011-03-01,604060.0,5008231.0,1.0,41.5,40.78,0.72,10.0,1,4,10,INDUSTRIALE,PIEZOMETRO,GWB ISS MPOM,IT03GWBISSMPOM,Corpo idrico sotterraneo superficiale di Media pianura Bacino Oglio - Mincio,"641545976,6862019",SI,,36.7132,2,ALTA,PTUA2022
MN,GAZOLDO DEGLI IPPOLITI,PO0200240R0001,IT03GWBISSMPOM_PO0200240R0001,3,2,M,2005-12-01,624030.0,5006846.0,1.0,34.614,34.614,0,15.0,1,6,12,NON DEFINITO,PIEZOMETRO,GWB ISS MPOM,IT03GWBISSMPOM,Corpo idrico sotterraneo superficiale di Media pianura Bacino Oglio - Mincio,"1530641791,9926912",,,30.4824,0,ALTA,PTUA2022
MN,MARIANA MANTOVANA,PO020032NR0001,IT03GWBISSMPOM_PO020032NR0001,3,2,M,2006-01-01,616370.0,5003316.0,1.0,33.008,33.008,0,25.0,1,12,24,NON DEFINITO,PIEZOMETRO,GWB ISS MPOM,IT03GWBISSMPOM,Corpo idrico sotterraneo superficiale di Media pianura Bacino Oglio - Mincio,"1530641791,9926912",,,26.9926,0,ALTA,PTUA2022
MN,RODIGO,PO0200510R0002,IT03GWBISSMPOM_PO0200510R0002,1,1,M,2012-02-01,631172.0,5004964.0,1.0,31.0,31.0,0,17.0,1,15,17,NON DEFINITO,PIEZOMETRO,GWB ISS MPOM,IT03GWBISSMPOM,Corpo idrico sotterraneo superficiale di Media pianura Bacino Oglio - Mincio,"1530641791,9926912",,,20.5092,3,MEDIA,PTUA2022
MN,CURTATONE,PO0200210R0045,IT03GWBISSMPOM_PO0200210R0045,1,1,M,2008-01-01,639385.0,4998578.0,1.0,22.963,22.963,0,30.0,n.d.,n.d.,n.d.,ANTINCENDIO,POZZO,GWB ISS MPOM,IT03GWBISSMPOM,Corpo idrico sotterraneo superficiale di Media pianura Bacino Oglio - Mincio,"1530641791,9926912",,,16.7421,0,ALTA,PTUA2022
MN,MANTOVA,PO020030NU0004,IT03GWBISSMPOM_PO020030NU0004,1,1,M,2008-01-01,640758.0,5001180.0,1.0,17.9,17.9,0,16.0,1,9,15,NON DEFINITO,PIEZOMETRO,GWB ISS MPOM,IT03GWBISSMPOM,Corpo idrico sotterraneo superficiale di Media pianura Bacino Oglio - Mincio,"1530641791,9926912",SI,,17.2644,0,ALTA,PTUA2022
PV,PINAROLO PO,PO0181150U0006,IT03GWBISSMPOP_PO0181150U0006,3,1,S,2009-01-01,512380.0,4989928.0,1.0,67.287,66.637,0.65,19.5,1,10.5,14.5,POTABILE,POZZO,GWB ISS MPOP,IT03GWBISSMPOP,Corpo idrico sotterraneo superficiale di Bassa pianura Bacino Oltrepo Pavese,278969136.1,,,66.5261,1,ALTA,PTUA2022
PV,PORTALBERA,PO0181180U0019,IT03GWBISSMPOP_PO0181180U0019,3,2,M,2008-01-01,524321.0,4993134.0,1.0,68.079,67.559,0.52,17.2,1,10.3,16.3,POTABILE,POZZO,GWB ISS MPOP,IT03GWBISSMPOP,Corpo idrico sotterraneo superficiale di Bassa pianura Bacino Oltrepo Pavese,278969136.1,,,67.3563,0,ALTA,PTUA2022
PV,CASATISMA,PO018032NR0001,IT03GWBISSMPOP_PO018032NR0001,3,3,M,2010-08-01,508567.0,4988324.0,1.0,75.728,75.728,0,17.0,1,15.2,16.4,NON DEFINITO,PIEZOMETRO,GWB ISS MPOP,IT03GWBISSMPOP,Corpo idrico sotterraneo superficiale di Bassa pianura Bacino Oltrepo Pavese,278969136.1,,,68.8084,1,BASSA,PTUA2022
PV,CIGOGNOLA,PO0180490U0003,IT03GWBISSMPOP_PO0180490U0003,3,2,M,2008-01-01,520341.0,4986376.0,1.0,107.259,107.259,0,10.0,1,4.5,9.5,POTABILE,POZZO,GWB ISS MPOP,IT03GWBISSMPOP,Corpo idrico sotterraneo superficiale di Bassa pianura Bacino Oltrepo Pavese,278969136.1,,,67.3867,0,ALTA,PTUA2022
PV,TORRAZZA COSTE,PO0181550U0001,IT03GWBISSMPOP_PO0181550U0001,3,1,M,2008-01-01,505656.0,4980492.0,1.0,116.616,116.616,0,33.0,3,9,29,POTABILE,POZZO,GWB ISS MPOP,IT03GWBISSMPOP,Corpo idrico sotterraneo superficiale di Bassa pianura Bacino Oltrepo Pavese,278969136.1,,,80.1574,0,ALTA,PTUA2022
PV,CASSOLNOVO,PO0180350U0002,IT03GWBISSMPP_PO0180350U0002,3,2,M,2014-05-01,485404.0,5022621.0,2.0,117.58,117.36,0.22,46.5,1,30.5,40.5,POTABILE,POZZO,GWB ISS MPP,IT03GWBISSMPP,Corpo idrico sotterraneo superficiale di Media pianura Bacino Pavese,"1185937376,1382413",,,100.421,5,BASSA,PTUA2022
PV,CILAVEGNA,PO0180500U0002,IT03GWBISSMPP_PO0180500U0002,3,2,N,2008-01-01,480174.0,5017487.0,1.0,115.897,115.897,0,50.0,1,41,48.8,POTABILE,POZZO,GWB ISS MPP,IT03GWBISSMPP,Corpo idrico sotterraneo superficiale di Media pianura Bacino Pavese,"1185937376,1382413",,,108.569,0,MEDIA,PTUA2022
PV,VIGEVANO,PO0181770U0020,IT03GWBISSMPP_PO0181770U0020,3,2,M,2008-01-01,488853.0,5017022.0,1.0,103.06,102.99,0.07,46.0,1,30,42,POTABILE,POZZO,GWB ISS MPP,IT03GWBISSMPP,Corpo idrico sotterraneo superficiale di Media pianura Bacino Pavese,"1185937376,1382413",,,94.8176,0,ALTA,PTUA2022
PV,ALBONESE,PO018003NR0009,IT03GWBISSMPP_PO018003NR0009,3,2,M,2016-01-01,477798.0,5014771.0,,113.49,113.49,0,19.0,1,1,15,MONITORAGGIO,PIEZOMETRO,GWB ISS MPP,IT03GWBISSMPP,Corpo idrico sotterraneo superficiale di Media pianura Bacino Pavese,"1185937376,1382413",,,107.275,7,BASSA,PTUA2022
PV,GAMBOLO',PO018068NRP001,IT03GWBISSMPP_PO018068NRP001,3,4,M,2008-01-01,492857.0,5011583.0,1.0,100.934,100.934,0,53.5,1,46,49,NON DEFINITO,PIEZOMETRO,GWB ISS MPP,IT03GWBISSMPP,Corpo idrico sotterraneo superficiale di Media pianura Bacino Pavese,"1185937376,1382413",,,90.2504,0,MEDIA,PTUA2022
PV,CASTELLO D'AGOGNA,PO018039NRP001,IT03GWBISSMPP_PO018039NRP001,1,1,N,2016-02-01,474622.3907,5007946.95,1.0,107.215,108.345,1.13,58.0,1,33.46,51.46,ANTINCENDIO,POZZO,GWB ISS MPP,IT03GWBISSMPP,Corpo idrico sotterraneo superficiale di Media pianura Bacino Pavese,"1185937376,1382413",,,101.693,8,BASSA,PTUA2022
PV,GARLASCO,PO0180690U0002,IT03GWBISSMPP_PO0180690U0002,3,2,M,2008-01-01,494013.0,5004960.0,1.0,92.741,92.741,0,57.0,2,28,51,POTABILE,POZZO,GWB ISS MPP,IT03GWBISSMPP,Corpo idrico sotterraneo superficiale di Media pianura Bacino Pavese,"1185937376,1382413",,,84.937,0,ALTA,PTUA2022
PV,SCALDASOLE,PO018147NUP001,IT03GWBISSMPP_PO018147NUP001,3,1,M,2015-05-01,492497.439,4996514.77,1.0,86.584,87.544,0.96,60.0,3,7,50,POTABILE,POZZO,GWB ISS MPP,IT03GWBISSMPP,Corpo idrico sotterraneo superficiale di Media pianura Bacino Pavese,"1185937376,1382413",,,75.5762,6,BASSA,PTUA2022
PV,FERRERA ERBOGNONE,PO018062NRD002,IT03GWBISSMPP_PO018062NRD002,3,4,M,2008-01-01,489193.0,4993809.0,1.0,86.799,86.459,0.34,20.0,1,1,15,NON DEFINITO,POZZO,GWB ISS MPP,IT03GWBISSMPP,Corpo idrico sotterraneo superficiale di Media pianura Bacino Pavese,"1185937376,1382413",,,76.0373,0,MEDIA,PTUA2022
PV,MEDE,PO0180880U0001,IT03GWBISSMPP_PO0180880U0001,3,1,M,2008-01-01,479549.0,4993807.0,1.0,92.936,92.936,0,53.0,1,30,48,POTABILE,POZZO,GWB ISS MPP,IT03GWBISSMPP,Corpo idrico sotterraneo superficiale di Media pianura Bacino Pavese,"1185937376,1382413",,,83.9783,0,ALTA,PTUA2022
PV,SARTIRANA LOMELLINA,PO018146NRP001,IT03GWBISSMPP_PO018146NRP001,3,1,M,2015-05-01,473582.7089,4995758.07,1.0,99.039,99.039,0,50.0,1,39.5,43.5,POTABILE,POZZO,GWB ISS MPP,IT03GWBISSMPP,Corpo idrico sotterraneo superficiale di Media pianura Bacino Pavese,"1185937376,1382413",,,88.9208,6,BASSA,PTUA2022
PV,FRASCAROLO,PO018065NRG001,IT03GWBISSMPP_PO018065NRG001,3,1,M,2014-05-01,476409.0,4987902.0,2.0,86.66,86.66,0,10.0,n.d.,n.d.,n.d.,INDUSTRIALE,PIEZOMETRO,GWB ISS MPP,IT03GWBISSMPP,Corpo idrico sotterraneo superficiale di Media pianura Bacino Pavese,"1185937376,1382413",,,80.7673,5,BASSA,PTUA2022
MI,CORNAREDO,PO0150870U0001,IT03GWBISSMPTLN_PO0150870U0001,1,2,M,2009-01-01,501558.0,5037847.0,1.0,142.84,142.84,0,66.7,2,30.7,62.7,POTABILE,POZZO,GWB ISS MPTLN,IT03GWBISSMPTLN,Corpo idrico sotterraneo superficiale di Media pianura Bacino Ticino - Lambro Nord,"569146405,5415567",,,133.166,1,ALTA,PTUA2022
MI,MILANO,PO015146NU1496,IT03GWBISSMPTLN_PO015146NU1496,1,2,M,2012-01-01,506073.0,5037830.0,1.0,135.68,135.68,0,15.0,n.d.,n.d.,n.d.,ALTRO MONITORAGGIO,PIEZOMETRO,GWB ISS MPTLN,IT03GWBISSMPTLN,Corpo idrico sotterraneo superficiale di Media pianura Bacino Ticino - Lambro Nord,"569146405,5415567",,,121.66,3,MEDIA,PTUA2022
MI,SETTIMO MILANESE,PO015211NUP001,IT03GWBISSMPTLN_PO015211NUP001,3,2,M,2015-05-01,503699.196,5038340.577,1.0,141.431,141.341,-0.09,54.0,n.d.,n.d.,n.d.,POTABILE,PIEZOMETRO,GWB ISS MPTLN,IT03GWBISSMPTLN,Corpo idrico sotterraneo superficiale di Media pianura Bacino Ticino - Lambro Nord,"569146405,5415567",,"fino al 2018 misure manuali; successiva transizione a misure con sonde automatiche, i cui dati non sono stati inseriti in quanto non validi",130.588,6,BASSA,PTUA2022
MI,MILANO,PO015146NU1378,IT03GWBISSMPTLN_PO015146NU1378,1,2,M,2012-01-01,515287.0,5031505.0,1.0,111.174,111.174,0,14.0,n.d.,n.d.,n.d.,ALTRO MONITORAGGIO,PIEZOMETRO,GWB ISS MPTLN,IT03GWBISSMPTLN,Corpo idrico sotterraneo superficiale di Media pianura Bacino Ticino - Lambro Nord,"569146405,5415567",,,96.5295,3,MEDIA,PTUA2022
MI,MILANO,PO015146NU1379,IT03GWBISSMPTLN_PO015146NU1379,1,2,M,2008-01-01,518770.0,5029372.0,1.0,103.009,103.009,0,7.0,n.d.,n.d.,n.d.,ALTRO MONITORAGGIO,PIEZOMETRO,GWB ISS MPTLN,IT03GWBISSMPTLN,Corpo idrico sotterraneo superficiale di Media pianura Bacino Ticino - Lambro Nord,"569146405,5415567",,,93.7404,0,ALTA,PTUA2022
MI,MILANO,PO015146NU1435,IT03GWBISSMPTLN_PO015146NU1435,1,2,M,2005-11-01,509862.0,5031663.0,1.0,115.102,115.102,0,9.0,n.d.,n.d.,n.d.,ALTRO MONITORAGGIO,PIEZOMETRO,GWB ISS MPTLN,IT03GWBISSMPTLN,Corpo idrico sotterraneo superficiale di Media pianura Bacino Ticino - Lambro Nord,"569146405,5415567",,,103.242,0,ALTA,PTUA2022
MI,MILANO,PO015146NU1489,IT03GWBISSMPTLN_PO015146NU1489,1,2,N,2012-01-01,505546.0,5032794.0,1.0,122.041,122.041,0,12.0,n.d.,n.d.,n.d.,ALTRO MONITORAGGIO,PIEZOMETRO,GWB ISS MPTLN,IT03GWBISSMPTLN,Corpo idrico sotterraneo superficiale di Media pianura Bacino Ticino - Lambro Nord,"569146405,5415567",,,116.03,4,BASSA,PTUA2022
MI,ABBIATEGRASSO,PO0150020U0005,IT03GWBISSMPTLN_PO0150020U0005,1,2,N,2012-01-01,493710.0,5027408.0,1.0,120.75,120.75,0,73.0,1,34.44,58,ALTRO MONITORAGGIO,POZZO,GWB ISS MPTLN,IT03GWBISSMPTLN,Corpo idrico sotterraneo superficiale di Media pianura Bacino Ticino - Lambro Nord,"569146405,5415567",,,108.057,4,BASSA,PTUA2022
MI,MELEGNANO,PO015140NR0109,IT03GWBISSMPTLN_PO015140NR0109,1,1,M,2015-03-01,525097.0,5022171.0,1.0,90.34,90.52,-0.18,21.0,1,9,20,MONITORAGGIO,PIEZOMETRO,GWB ISS MPTLN,IT03GWBISSMPTLN,Corpo idrico sotterraneo superficiale di Media pianura Bacino Ticino - Lambro Nord,"569146405,5415567",SI,,79.2282,6,BASSA,PTUA2022
MI,VERMEZZO,PO0152350U0001,IT03GWBISSMPTLN_PO0152350U0001,1,2,M,2005-01-01,498593.0,5026486.0,1.0,115.42,115.42,0,61.96,2,40.41,59.76,POTABILE,POZZO,GWB ISS MPTLN,IT03GWBISSMPTLN,Corpo idrico sotterraneo superficiale di Media pianura Bacino Ticino - Lambro Nord,"569146405,5415567",,"fino al 2018 misure manuali; successiva transizione a misure con sonde automatiche, i cui dati non sono stati inseriti in quanto non validi",108.428,2,MEDIA,PTUA2022
MI,ZIBIDO S. GIACOMO,PO015247NR0185,IT03GWBISSMPTLN_PO015247NR0185,1,2,M,2015-02-01,505595.6427,5026876.266,1.0,110.0,110.0,0,35.0,3,3,35,MONITORAGGIO,PIEZOMETRO,GWB ISS MPTLN,IT03GWBISSMPTLN,Corpo idrico sotterraneo superficiale di Media pianura Bacino Ticino - Lambro Nord,"569146405,5415567",,,106.36,6,BASSA,PTUA2022
MI,BASIGLIO,PO0150150U0001,IT03GWBISSMPTLN_PO0150150U0001,1,2,N,2009-01-01,512869.0,5021793.0,1.0,96.789,96.789,0,42.0,1,32,40,ALTRO MONITORAGGIO,POZZO,GWB ISS MPTLN,IT03GWBISSMPTLN,Corpo idrico sotterraneo superficiale di Media pianura Bacino Ticino - Lambro Nord,"569146405,5415567",,,93.1504,1,MEDIA,PTUA2022
LO,CASALETTO LODIGIANO,PO098008NR0025,IT03GWBISSMPTLS_PO098008NR0025,3,1,M,2015-06-01,528720.7753,5016831.303,1.0,71.308,71.898,0.59,38.0,1,23,35,INDUSTRIALE,POZZO,GWB ISS MPTLS,IT03GWBISSMPTLS,Corpo idrico sotterraneo superficiale di Media pianura Bacino Ticino - Lambro Sud,"643164362,0574914",SI,SONDA AUTOMATICA GUASTA DA MARZO 2020,73.7453,6,BASSA,PTUA2022
PV,VIDIGULFO,PO018176NUP001,IT03GWBISSMPTLS_PO018176NUP001,3,2,M,2015-07-01,518046.1505,5015899.105,1.0,88.252,88.252,0,20.0,n.d.,n.d.,n.d.,POTABILE,PIEZOMETRO,GWB ISS MPTLS,IT03GWBISSMPTLS,Corpo idrico sotterraneo superficiale di Media pianura Bacino Ticino - Lambro Sud,"643164362,0574914",,,82.51,6,BASSA,PTUA2022
PV,BEREGUARDO,PO018014NRP001,IT03GWBISSMPTLS_PO018014NRP001,3,1,M,2015-06-01,501192.2303,5013351.973,1.0,96.11,97.18,1.07,47.0,1,35,41,POTABILE,POZZO,GWB ISS MPTLS,IT03GWBISSMPTLS,Corpo idrico sotterraneo superficiale di Media pianura Bacino Ticino - Lambro Sud,"643164362,0574914",,,82.9479,6,BASSA,PTUA2022
PV,CERANOVA,PO018043NUP001,IT03GWBISSMPTLS_PO018043NUP001,1,2,M,2016-03-01,518426.6123,5011543.4,1.0,82.743,82.303,-0.44,15.0,n.d.,n.d.,n.d.,POTABILE,PIEZOMETRO,GWB ISS MPTLS,IT03GWBISSMPTLS,Corpo idrico sotterraneo superficiale di Media pianura Bacino Ticino - Lambro Sud,"643164362,0574914",,,77.473,7,BASSA,PTUA2022
PV,GIUSSAGO,PO018072NUP001,IT03GWBISSMPTLS_PO018072NUP001,3,2,M,2015-07-01,512563.9021,5011157.222,1.0,87.134,87.134,0,20.0,n.d.,n.d.,n.d.,POTABILE,PIEZOMETRO,GWB ISS MPTLS,IT03GWBISSMPTLS,Corpo idrico sotterraneo superficiale di Media pianura Bacino Ticino - Lambro Sud,"643164362,0574914",,,80.4628,6,BASSA,PTUA2022
PV,VELLEZZO BELLINI,PO018173NUP001,IT03GWBISSMPTLS_PO018173NUP001,3,2,M,2015-07-01,507665.8853,5013301.882,1.0,92.877,92.357,-0.52,15.0,n.d.,n.d.,n.d.,POTABILE,PIEZOMETRO,GWB ISS MPTLS,IT03GWBISSMPTLS,Corpo idrico sotterraneo superficiale di Media pianura Bacino Ticino - Lambro Sud,"643164362,0574914",,,86.9407,6,BASSA,PTUA2022
PV,CHIGNOLO PO,PO018048NRP001,IT03GWBISSMPTLS_PO018048NRP001,1,2,M,2016-02-01,522279.911,5003718.756,1.0,74.871,75.341,0.47,13.0,1,10.5,12.5,IRRIGUO,POZZO,GWB ISS MPTLS,IT03GWBISSMPTLS,Corpo idrico sotterraneo superficiale di Media pianura Bacino Ticino - Lambro Sud,"643164362,0574914",,,67.2118,7,BASSA,PTUA2022
PV,PAVIA,PO0181100U0111,IT03GWBISSMPTLS_PO0181100U0111,3,2,M,2016-03-01,511138.0,5006846.0,2.0,83.4,83.05,0.35,17.0,n.d.,n.d.,n.d.,PIEZOMETRO SUPERFICIALE ASSOCIATO A POZZO PROFONDO,PIEZOMETRO,GWB ISS MPTLS,IT03GWBISSMPTLS,Corpo idrico sotterraneo superficiale di Media pianura Bacino Ticino - Lambro Sud,"643164362,0574914",,,70.2395,7,BASSA,PTUA2022
PV,VILLANTERIO,PO018180NUP001,IT03GWBISSMPTLS_PO018180NUP001,3,2,M,2015-05-01,528164.265,5007156.563,1.0,73.02,73.82,0.8,73.0,1,56,68,POTABILE,POZZO,GWB ISS MPTLS,IT03GWBISSMPTLS,Corpo idrico sotterraneo superficiale di Media pianura Bacino Ticino - Lambro Sud,"643164362,0574914",,,68.3339,6,BASSA,PTUA2022
PV,BELGIOIOSO,PO0180130U0005,IT03GWBISSMPTLS_PO0180130U0005,3,2,N,2008-01-01,523764.0,5000838.0,1.0,74.964,74.964,0,60.0,1,25,47,POTABILE,POZZO,GWB ISS MPTLS,IT03GWBISSMPTLS,Corpo idrico sotterraneo superficiale di Media pianura Bacino Ticino - Lambro Sud,"643164362,0574914",,,63.1625,1,ALTA,PTUA2022
PV,CHIGNOLO PO,PO0180480U0004,IT03GWBISSMPTLS_PO0180480U0004,3,2,M,2013-05-01,539643.0,5000554.0,1.0,58.81,57.66,1.15,20.0,2,8,14,POTABILE,POZZO,GWB ISS MPTLS,IT03GWBISSMPTLS,Corpo idrico sotterraneo superficiale di Media pianura Bacino Ticino - Lambro Sud,"643164362,0574914",,,52.2827,4,BASSA,PTUA2022
PV,LINAROLO,PO0180810U0111,IT03GWBISSMPTLS_PO0180810U0111,3,2,M,2014-05-01,521130.0,5000547.0,2.0,74.97,74.45,0.52,20.0,1,10,20,PIEZOMETRO SUPERFICIALE ASSOCIATO A POZZO PROFONDO,PIEZOMETRO,GWB ISS MPTLS,IT03GWBISSMPTLS,Corpo idrico sotterraneo superficiale di Media pianura Bacino Ticino - Lambro Sud,"643164362,0574914",,,62.4621,5,BASSA,PTUA2022
