,CODICETOOL,PROV,COMUNE,DENOMINAZIONE,CODICE,LOCALITA,X,Y,Q,NOTE,STRAT.,FALDA,INZ_FLT,FIN_FLT,FLT1_DA,FLT1_A,FLT2_DA,FLT2_A,FLT3_DA,FLT3_A,FLT4_DA,FLT4_A,FLT5_DA,FLT5_A,FLT6_DA,FLT6_A,FLT7_DA,FLT7_A,FLT8_DA,FLT8_A,FLT9_DA,FLT9_A,FLT10_DA,FLT10_A,FLT11_DA,FLT11_A,FLT12_DA,FLT12_A,L.S. ,L.D. ,Q.1,ANNO,PROFONDITA' COLONNA,SETTORE,ORIGINE
0,A.I. GORDONAPO014032OR0001,SO,A.I. GORDONA,,PO014032OR0001,GORDONA - Area Industriale,1529150.0,5125002.0,227.965,,,1,,,,,,,,,,,,,,,,,,,,,,,,,,,,,,,,,PTUA2003
1,ACQUAFREDDA3,BS,ACQUAFREDDA,ASM,3,VIA 1 MAGGIO,1610842.0,5018188.0,56.2,,,,,,,,,,,,,,,,,,,,,,,,,,,,,,,,,,,,PTUA2003
2,ZERBOLÒ3,PV,ZERBOLÒ,ASM - 1,3,Viale Libertà,1501220.0,5005810.0,67.7,,,,,,,,,,,,,,,,,,,,,,,,,,,,,,,,,,,,PTUA2003
3,ALBAIRATE0150050010,MI - Par.,ALBAIRATE,,0150050010,c.na Faustina PRIV.,1495936.0,5028883.0,123.16,C.na Faustina PRIV.,,1,,,,,,,,,,,,,,,,,,,,,,,,,,,,,,,,15.0,PTUA2003
4,ALBIZZATEPO1200200800T0,VA,ALBIZZATE,,PO1200200800T0,via G. Rossa 8,1485030.0,5065340.0,317.9,,X,SUPERF.,,,,,,,,,,,,,,,,,,,,,,,,,,,,,,,,,PTUA2003
5,ALBONESE35,PV,ALBONESE,1,35,,1477055.0,5015750.0,116.0,,,,,,,,,,,,,,,,,,,,,,,,,,,,,,,,,,,,PTUA2003
6,CAVRIANA35,MN,CAVRIANA,,35,via Tezze 8pozzo 1),1625630.0,5021740.0,77.0,,X,2,,,,,,,,,,,,,,,,,,,,,,,,,,,,,,,,,PTUA2003
7,VEROLAVECCHIA35,BS,VEROLAVECCHIA,COGEME,35,Vill. Paolo VI,1582350.0,5019890.0,64.0,,X,3,,,,,,,,,,,,,,,,,,,,,,,,,,,,,,,,,PTUA2003
8,ALFIANELLO2,BS,ALFIANELLO,ASM,2,BREDA MATTINA,1590940.0,5013084.0,53.2,,,,,,,,,,,,,,,,,,,,,,,,,,,,,,,,,,,,PTUA2003
9,SOMMO2,PV,SOMMO,Comune - 2,2,via XXV aprile,1506780.0,4998055.0,79.0,,X,3,149.0,165.0,149.0,157.0,161.0,165.0,,,,,,,,,,,,,,,,,,,,,,,,,184.0,,PTUA2003
10,ANNICCO019003.0005,CR,ANNICCO,,019003.0005,via A. da Brescia,1569250.375,5010522.0,60.0,,X,2,103.4,116.9,103.4,116.9,,,,,,,,,,,,,,,,,,,,,,,,,,,122.0,,PTUA2003
11,APPIANO GENTILE7,CO,APPIANO GENTILE,Comune,7,Via Mazzini,1498475.0,5064290.0,352.0,,,2,,,,,,,,,,,,,,,,,,,,,,,,,,,,,,,,,PTUA2003
12,BEDIZZOLE7,BS,BEDIZZOLE,ASM,7,Bettoletto,1609377.0,5040733.0,149.9,,,2,,,,,,,,,,,,,,,,,,,,,,,,,,,,,,,,,PTUA2003
13,BORNASCO7,PV,BORNASCO,1,7,presso Municipio,1517200.0,5012745.0,82.0,,X,1,,,,,,,,,,,,,,,,,,,,,,,,,,,,,,,,,PTUA2003
14,ARCISATEPO1200400100T0,VA,ARCISATE,,PO1200400100T0,via Piave,1489675.0,5078705.0,362.22,,X,SUPERF. (acquifero locale),,,,,,,,,,,,,,,,,,,,,,,,,,,,,,,,,PTUA2003
15,ARCONATE0150070002,MI,ARCONATE,,0150070002, via Turati,1488408.0,5043208.0,179.17,via Turati,,,,,,,,,,,,,,,,,,,,,,,,,,,,,,,,,,10.0,PTUA2003
16,ARESE0150090004,,ARESE,,0150090004,,1504650.0,5045148.0,149.23,C.na Valera II,,,,,,,,,,,,,,,,,,,,,,,,,,,,,,,,,,,PTUA2003
17,ARESE0150090032,,ARESE,,0150090032,,1506861.0,5042594.0,152.19,Industrie,,,,,,,,,,,,,,,,,,,,,,,,,,,,,,,,,,,PTUA2003
18,ARESE0150090035,,ARESE,,0150090035,,1505759.0,5044226.0,166.0,Platani,,,,,,,,,,,,,,,,,,,,,,,,,,,,,,,,,,,PTUA2003
19,ASOLA4,MN,ASOLA,,4,Comune,1610990.0,5008890.0,41.5,,X,3,,,,,,,,,,,,,,,,,,,,,,,,,,,,,,,,,PTUA2003
20,AZZANO MELLA4,BS,AZZANO MELLA,ARPA,4,C.na bonifica Nuova,1586806.0,5037145.0,101.0,,,1,,,,,,,,,,,,,,,,,,,,,,,,,,,,,,,,,PTUA2003
21,PAVIA4,PV,PAVIA,40,4,Campeggi 1,1510910.0,5006400.0,82.6,,,,,,,,,,,,,,,,,,,,,,,,,,,,,,,,,,,,PTUA2003
22,ROVELLO PORRO4,CO,ROVELLO PORRO,Consorzio Lura Ambiente spa,4,Via don Ballabio,1503030.0,5056525.0,245.0,,,,,,,,,,,,,,,,,,,,,,,,,,,,,,,,,,,,PTUA2003
23,ASSAGO0150110002,,ASSAGO,,0150110002,,1509950.0,5028450.0,103.25,via Roma II - serb.,,,,,,,,,,,,,,,,,,,,,,,,,,,,,,,,,,,PTUA2003
24,ASSAGO0150110058,,ASSAGO,,0150110058,,1510350.0,5028205.0,107.8,Dalla Chiesa,,,,,,,,,,,,,,,,,,,,,,,,,,,,,,,,,,,PTUA2003
25,ASSAGO0150110059,,ASSAGO,,0150110059,,1510350.0,5028205.0,107.8,v.Dalla Chiesa piez,,,,,,,,,,,,,,,,,,,,,,,,,,,,,,,,,,,PTUA2003
26,BAGNOLO MELLA5,BS,BAGNOLO MELLA,ASM,5,via Montegrappa,1593133.0,5030861.0,86.0,,,1,,,,,,,,,,,,,,,,,,,,,,,,,,,,,,,,,PTUA2003
27,LIMIDO COMASCO5,CO,LIMIDO COMASCO,Antiga Spa   pozzo 2,5,via Vicolo Scalini,1498324.0,5059851.0,280.0,,X,2,,,,,,,,,,,,,,,,,,,,,,,,,,,,,,,,,PTUA2003
28,BAGNOLO MELLA6,BS,BAGNOLO MELLA,ASM,6,Pedrocca,1592295.0,5031974.0,89.02,,,2,,,,,,,,,,,,,,,,,,,,,,,,,,,,,,,,,PTUA2003
29,CURA6,PV,CURA,ASM - 1,6,Borghetto,1520475.0,5007050.0,71.4,,X,2,,,,,,,,,,,,,,,,,,,,,,,,,,,,,,,,,PTUA2003
30,BARLASSINA0150130002,,BARLASSINA,,0150130002,,1510160.0,5055880.0,179.91,p.za Cavour,,,,,,,,,,,,,,,,,,,,,,,,,,,,,,,,,,,PTUA2003
31,BASIANO0150140004,,BASIANO,,0150140004,,1536076.0,5047733.0,170.91,Serbatoio,,,,,,,,,,,,,,,,,,,,,,,,,,,,,,,,,,,PTUA2003
32,BASIGLIO0150150001,MI - Città,BASIGLIO,,0150150001,p.zza M. Rossi-Chiesa,1512870.0,5021817.0,96.68,p.za M.Rossi-Chiesa,X,1,,,,,,,,,,,,,,,,,,,,,,,,,,,,,,,,19.0,PTUA2003
33,BASIGLIO0150150005,MI - Città,BASIGLIO,,0150150005,Vivaldi,1512099.0,5023725.0,100.53,Vivaldi,X,3,,,,,,,,,,,,,,,,,,,,,,,,,,,,,,,,19.0,PTUA2003
34,BELGIOIOSO12,PV,BELGIOIOSO,5,12,via Dante,1523740.0,5000800.0,75.8,,X,1,,,,,,,,,,,,,,,,,,,,,,,,,,,,,,,,,PTUA2003
35,BIGARELLO12,MN,BIGARELLO,,12,Sol S.p.a.,1650940.0,5005680.0,24.5,,,3,,,,,,,,,,,,,,,,,,,,,,,,,,,,,,,,,PTUA2003
36,COLOGNE12,BS,COLOGNE,ARPA,12,VIA BRESCIA,1573702.0,5047379.0,173.8,,,,,,,,,,,,,,,,,,,,,,,,,,,,,,,,,,,,PTUA2003
37,BELLUSCO0150170002,,BELLUSCO,,0150170002,,1532607.0,5051591.0,181.17,p.za Fumagalli,,,,,,,,,,,,,,,,,,,,,,,,,,,,,,,,,,,PTUA2003
38,BEREGUARDO0180140001,,BEREGUARDO,,0180140001,,1501810.0,5011415.0,94.3,via Negri,,,,,,,,,,,,,,,,,,,,,,,,,,,,,,,,,,,PTUA2003
39,BEREGUARDO28,PV,BEREGUARDO,2,28,via S. Antonino,1502480.0,5011810.0,95.0,,X,2,,,,,,,,,,,,,,,,,,,,,,,,,,,,,,,,,PTUA2003
40,POMPIANO28,BS,POMPIANO,COGEME,28,via Noce,1577244.0,5031736.0,93.7,,,1,,,,,,,,,,,,,,,,,,,,,,,,,,,,,,,,,PTUA2003
41,BERGAMO0160240273,BG,BERGAMO,N. Istit. Ital. d' Arti Grafiche S.p.a.,0160240273,via Zanica,1552436.0,5057637.0,231.4,,X,1,,,,,,,,,,,,,,,,,,,,,,,,,,,51.0,55.0,20.0,1965.0,86.0,,PTUA2003
42,BERNAREGGIO0150180001,,BERNAREGGIO,,0150180001,,1531802.0,5054950.0,196.68,p.za Repubblica,,,,,,,,,,,,,,,,,,,,,,,,,,,,,,,,,,,PTUA2003
43,BERNATE TICINO0150190001,MI - Par.,BERNATE TICINO,,0150190001,via Pellico-Casate,1486563.0,5037866.0,139.53,v.Pellico-Casate,X,1,,,,,,,,,,,,,,,,,,,,,,,,,,,,,,,,15.0,PTUA2003
44,BERNINAPO014061OU0002,SO,BERNINA,pozzo 4,PO014061OU0002,SONDRIO -via Bernina ,1566441.0,5113304.0,292.913,,X,1,,,,,,,,,,,,,,,,,,,,,,,,,,,,,,,,,PTUA2003
45,BERTONICO0980020002,LO,BERTONICO,CAP                        ,0980020002,via Garibaldi,1552858.0,5009264.0,46.44,via Garibaldi,X,2,,,,,,,,,,,,,,,,,,,,,,,,,,,,,,,,24.0,PTUA2003
46,BINAGO13(19),CO,BINAGO,Comune   pozzo Acacie 3,13(19),via delle Acacie,1492848.0,5069930.0,373.0,,X,2,,,,,,,,,,,,,,,,,,,,,,,,,,,,,,,,,PTUA2003
47,BINASCO0150240004,,BINASCO,,0150240004,,1507371.0,5020189.0,99.98,Binaschino,,,,,,,,,,,,,,,,,,,,,,,,,,,,,,,,,,,PTUA2003
48,BOARIOPO014066OU0001,SO,BOARIO,,PO014066OU0001,TIRANO - Foro Boario,1589850.0,5118181.0,425.776,,X,1,,,,,,,,,,,,,,,,,,,,,,,,,,,,,,,,,PTUA2003
49,BOLGARE0160281385,BG,BOLGARE,Lartigianabottoni S.p.a.,0160281385,"via Papa Giovanni XXIII, 26",1563060.0,5053915.0,199.0,,X,2,,,,,,,,,,,,,,,,,,,,,,,,,,,,,,,102.0,,PTUA2003
50,BOLLATE0150270001,,BOLLATE,,0150270001,,1509260.0,5043610.0,130.18,via A.da Bollate-serb.,,,,,,,,,,,,,,,,,,,,,,,,,,,,,,,,,,,PTUA2003
51,BOLLATE0150270003,,BOLLATE,,0150270003,,1510995.0,5045425.0,134.04,C.na Nuova-Caracciolo,,,,,,,,,,,,,,,,,,,,,,,,,,,,,,,,,,,PTUA2003
52,BORGHETTO0980040007,,BORGHETTO,,0980040007,,1539108.0,5004665.0,53.0,LODIGIANO Casoni 3,,,,,,,,,,,,,,,,,,,,,,,,,,,,,,,,,,,PTUA2003
53,BORGOFRANCO SUL PO15,MN,BORGOFRANCO SUL PO,,15,Residenza alla Pace,1673730.0,4991070.0,13.6,,,2,,,,,,,,,,,,,,,,,,,,,,,,,,,,,,,,,PTUA2003
54,GAMBARA15,BS,GAMBARA,ASM,15,via Fiesse,1603746.0,5011956.0,47.7,,,2,,,,,,,,,,,,,,,,,,,,,,,,,,,,,,,,,PTUA2003
55,PIEVE15,PV,PIEVE,ASM - 2,15,,1534830.0,4995238.0,54.9,,X,1,12.0,18.0,12.0,18.0,,,,,,,,,,,,,,,,,,,,,,,,,,,25.0,,PTUA2003
56,BOZZOLO17,MN,BOZZOLO,,17,COMUNE,1616760.0,4995900.0,27.3,,,,,,,,,,,,,,,,,,,,,,,,,,,,,,,,,,,,PTUA2003
57,CORANA17,PV,CORANA,1 - 1,17,Strada per Silvano Pietra,1497225.0,4989280.0,70.0,,,,,,,,,,,,,,,,,,,,,,,,,,,,,,,,,,,,PTUA2003
58,ISORELLA17,BS,ISORELLA,ASM,17,P.ZA IV NOVEMBRE,1604050.0,5018573.0,57.0,,,,,,,,,,,,,,,,,,,,,,,,,,,,,,,,,,,,PTUA2003
59,BREGNANO7(9),CO,BREGNANO,Cons. Lura Ambiente   pozzo 6,7(9),loc. Puginate,1503775.0,5061925.0,285.0,,X,2,,,,,,,,,,,,,,,,,,,,,,,,,,,,,,,,,PTUA2003
60,BREMBATE0160370011,BG,BREMBATE,Beiersdorf S.p.a.,0160370011,"via dei Murari, 7",1542716.0,5050800.0,181.0,,X,3,93.0,116.0,93.0,96.0,102.31,116.0,,,,,,,,,,,,,,,,,,,,,29.0,31.0,43.84,,125.0,,PTUA2003
61,BREME52,PV,BREME,1,52,Presso Municipio,1470225.0,4997100.0,95.7,,,,,,,,,,,,,,,,,,,,,,,,,,,,,,,,,,,,PTUA2003
62,BRENNA11(15),CO,BRENNA,Soc. Pragma Spa   pozzo 3,11(15),Loc. Pozzolo,1514972.0,5064371.0,342.0,,X,2,,,,,,,,,,,,,,,,,,,,,,,,,,,,,,,,,PTUA2003
63,BRESCIA8,BS,BRESCIA,ASM,8,via Brianze,1596060.0,5046080.0,164.9,,X,2,,,,,,,,,,,,,,,,,,,,,,,,,,,,,,,,,PTUA2003
64,GIUSSAGO8,PV,GIUSSAGO,2,8,via Papa Giov. XXIII ,1511200.0,5014400.0,92.0,,X,2,,,,,,,,,,,,,,,,,,,,,,,,,,,,,,,,,PTUA2003
65,BRESSO0150320001,,BRESSO,,0150320001,,1515240.0,5041885.0,115.86,via Don Vercesi,,,,,,,,,,,,,,,,,,,,,,,,,,,,,,,,,,,PTUA2003
66,BRUGHERIO0150340005,,BRUGHERIO,,0150340005,,1524850.0,5044860.0,128.39,v.S.Francesco,,,,,,,,,,,,,,,,,,,,,,,,,,,,,,,,,,,PTUA2003
67,BRUGHERIO0150340123,MI - MONZA,BRUGHERIO,CAP,0150340123,via Volano FEM,1523293.0,5042878.0,139.0,FEM V. Volano,,,,,,,,,,,,,,,,,,,,,,,,,,,,,,,,,,,PTUA2003
68,BUBBIANO0150350003,MI - Par.,BUBBIANO,,0150350003,via Noè,1501099.0,5019569.0,104.19,v. Noè,X,3,,,,,,,,,,,,,,,,,,,,,,,,,,,,,,,,19.0,PTUA2003
69,BUCCINASCO0150360002,MI - Par.,BUCCINASCO,,0150360002,via  Lario,1508474.0,5029898.0,107.39,v. Lario,X,2,,,,,,,,,,,,,,,,,,,,,,,,,,,,,,,,19.0,PTUA2003
70,BUCCINASCO0150360006,,BUCCINASCO,,0150360006,,1507897.0,5028482.0,106.76,Rovido,,,,,,,,,,,,,,,,,,,,,,,,,,,,,,,,,,,PTUA2003
71,BULGAROGRASSO6(8),CO,BULGAROGRASSO,Az. Colline Comasche pozzo 1,6(8),via Montichiari,1500420.0,5065600.0,327.0,,X,2,,,,,,,,,,,,,,,,,,,,,,,,,,,,,,,,,PTUA2003
72,BUSTO A.PO1202602103T0,VA,BUSTO A.,,PO1202602103T0,ZONA INDUSTRIALE,1486405.0,5048283.0,210.5,,,,,,,,,,,,,,,,,,,,,,,,,,,,,,,,,,,,PTUA2003
73,CABIATE12(17),CO,CABIATE,S.E.T. srl   pozzo 1,12(17),via Buozzi,1514195.0,5057470.0,237.0,,X,2,,,,,,,,,,,,,,,,,,,,,,,,,,,,,,,,,PTUA2003
74,CALVIGNASCO0150420002,,CALVIGNASCO,,0150420002,,1501581.0,5019920.0,104.25,Municipio,,,,,,,,,,,,,,,,,,,,,,,,,,,,,,,,,,,PTUA2003
75,CAMAIRAGO0980070001,,CAMAIRAGO,,0980070001,,1556980.0,5006056.0,47.85,via 4 Novembre,,,,,,,,,,,,,,,,,,,,,,,,,,,,,,,,,,,PTUA2003
76,CANDIA45,PV,CANDIA,ASM - 1,45,,1468415.0,5003205.0,103.2,,X,2,,,,,,,,,,,,,,,,,,,,,,,,,,,,,,,,,PTUA2003
77,CURTATONE45,MN,CURTATONE,,45,via Donatori sangue,1639420.0,4998740.0,26.5,,,1,,,,,,,,,,,,,,,,,,,,,,,,,,,,,,,,,PTUA2003
78,MONTICHIARI45,BS,MONTICHIARI,ASM,45,Loc. Ro',1606700.0,5031100.0,104.85,,X,,,,,,,,,,,,,,,,,,,,,,,,,,,,,,,,,,PTUA2003
79,CANTU'010 (14),CO,CANTU',Canturina Servizi spa   pozzo S. Antonino,010 (14),Cascna S.Antonino,1509350.0,5065650.0,305.0,,X,2,,,,,,,,,,,,,,,,,,,,,,,,,,,,,,,,,PTUA2003
80,CANTU'13,CO,CANTU',p. Asnago 4  Canturina Servizi spa,13,Asnago,,,260.0,,,,,,,,,,,,,,,,,,,,,,,,,,,,,,,,,,,,PTUA2003
81,COMEZZANO13,BS,COMEZZANO,CIZZAGO   COGEME,13,Pozzo centro Cizzago,1574308.0,5035632.0,106.5,,X,1,,,,,,,,,,,,,,,,,,,,,,,,,,,,,,,,,PTUA2003
82,PORTALBERA13,PV,PORTALBERA,ASM - 5,13,Cassinassa,1524334.0,4993150.0,69.0,,X,1,,,,,,,,,,,,,,,,,,,,,,,,,,,,,,,,,PTUA2003
83,CAPIAGO INTIMIANO015 (22),CO,CAPIAGO INTIMIANO,Az.Colline Com. pozzo Guastone 1,015 (22),Via Roma,1510495.0,5068940.0,420.0,,X,2,,,,,,,,,,,,,,,,,,,,,,,,,,,,,,,,,PTUA2003
84,CAPPELLA DE' PICENARDI019014.0001,CR,CAPPELLA DE' PICENARDI,,019014.0001,via Cavour,1596934.0,5001321.0,42.0,,X,3,153.6,163.1,153.6,163.1,,,,,,,,,,,,,,,,,,,,,,,,,,,169.0,,PTUA2003
85,CARATE BRIANZA0150480015,,CARATE BRIANZA,,0150480015,,1517795.0,5058469.0,212.95,Villa-via all'Isola,,,,,,,,,,,,,,,,,,,,,,,,,,,,,,,,,,,PTUA2003
86,CARAVAGGIO0160530002,BG,CARAVAGGIO,Amministrazione Comunale,0160530002,via Zelioli,1550077.0,5039136.0,114.6,,,,,,,,,,,,,,,,,,,,,,,,,,,,,,,,,,,,PTUA2003
87,CARBONATE1,CO,CARBONATE,Acqua Serpio spa,1,via Giovanni XXIII,,,186.0,,,,,,,,,,,,,,,,,,,,,,,,,,,,,,,,,,,,PTUA2003
88,ZINASCO1,PV,ZINASCO,2,1,S.P. Alessandria-Pavia,1501635.0,4996750.0,82.2,,,,,,,,,,,,,,,,,,,,,,,,,,,,,,,,,,,,PTUA2003
89,CARIMATE9(12),CO,CARIMATE,Canturina Servizi spa   pozzo 2,9(12),Valle Serenza,1508600.0,5060822.0,244.0,,x,2,,,,,,,,,,,,,,,,,,,,,,,,,,,,,,,,,PTUA2003
90,CARNATE0150490001,,CARNATE,,0150490001,,1529550.0,5055100.0,191.03,via Pace - serb.,,,,,,,,,,,,,,,,,,,,,,,,,,,,,,,,,,,PTUA2003
91,CARNATE0150490019,,CARNATE,,0150490019,,1529290.0,5054175.0,215.23,Grandi x Usmate,,,,,,,,,,,,,,,,,,,,,,,,,,,,,,,,,,,PTUA2003
92,CARNATE0150490021,,CARNATE,,0150490021,,1529290.0,5054175.0,215.23,Grandi nuovo,,,,,,,,,,,,,,,,,,,,,,,,,,,,,,,,,,,PTUA2003
93,CARNATE0154900019,MI - MONZA,CARNATE,CAP,0154900019,Grandi x Usmate,1529290.0,5054175.0,215.226,,X,3,,,,,,,,,,,,,,,,,,,,,,,,,,,,,,,,,PTUA2003
94,CARNATE0154900021,MI - MONZA,CARNATE,CAP,0154900021,Grandi nuovo,1529290.0,5054175.0,215.226,,X,2,,,,,,,,,,,,,,,,,,,,,,,,,,,,,,,,,PTUA2003
95,CARONNO P.PO1203400600T0,VA,CARONNO P.,,PO1203400600T0,via della Vittoria,1503390.0,5049745.0,192.5,,X,MISTA,,,,,,,,,,,,,,,,,,,,,,,,,,,,,,,,,PTUA2003
96,CARPENEDOLO9,BS,CARPENEDOLO,ARPA,9,P. LAMETTA VIA ERCOLIANI,1612731.0,5025701.0,80.3,,,,,,,,,,,,,,,,,,,,,,,,,,,,,,,,,,,,PTUA2003
97,TORRE D'ARESE9,PV,TORRE D'ARESE,ARPA - 1,9,via Morivione,1525160.0,5009820.0,77.4,,X,3,,,,,,,,,,,,,,,,,,,,,,,,,,,,,,,,,PTUA2003
98,CARPIANO DELLE ARTI0150500002,,CARPIANO DELLE ARTI,,0150500002,,1521237.0,5020702.0,92.16,,,,,,,,,,,,,,,,,,,,,,,,,,,,,,,,,,,,PTUA2003
99,CARUGATE0150510004,,CARUGATE,,0150510004,,1527899.0,5044408.0,124.9,C.na Valera,,,,,,,,,,,,,,,,,,,,,,,,,,,,,,,,,,,PTUA2003
100,CASALE LITTAPO1203600300T0,VA,CASALE LITTA,,PO1203600300T0,Firello - Villa Dosia,1479360.0,5065190.0,280.72,,X,SUPERF. (acquifero locale),,,,,,,,,,,,,,,,,,,,,,,,,,,,,,,,,PTUA2003
101,CASALETTO VAPRIO019020.0001,CR,CASALETTO VAPRIO,,019020.0001,via Don Gnocchi,1549003.0,5028336.0,86.0,,X,3,,,,,,,,,,,,,,,,,,,,,,,,,,,,,,,,,PTUA2003
102,CASALMAGGIORE019021.0008,CR,CASALMAGGIORE,8,019021.0008,Vicomoscano,1613736.375,4981155.5,26.0,,X,2,138.0,142.0,138.0,142.0,,,,,,,,,,,,,,,,,,,,,,,,,,,165.0,,PTUA2003
103,CASALPUSTERLENGO0980100003,,CASALPUSTERLENGO,,0980100003,,1550786.0,5003618.0,54.95,via Cadorna,,,,,,,,,,,,,,,,,,,,,,,,,,,,,,,,,,,PTUA2003
104,CASALROMANO23,MN,CASALROMANO,,23,via del Dosso 18 - Fontanella Grazioli,1604660.0,5005280.0,37.90000153,,,2,,,,,,,,,,,,,,,,,,,,,,,,,,,,,,,,,PTUA2003
105,GARLASCO23,PV,GARLASCO,2,23,via Albera,1494570.0,5003840.0,91.1,,X,3,142.0,156.0,142.0,156.0,,,,,,,,,,,,,,,,,,,,,,,,,,,160.0,,PTUA2003
106,MONTIRONE23,BS,MONTIRONE,ASM,23,via Mercanti,1596004.0,5033224.0,100.8,,,1,,,,,,,,,,,,,,,,,,,,,,,,,,,,,,,,,PTUA2003
107,CASALROMANO24,MN,CASALROMANO,,24,via IV Novembre (vicino al pensile),1607830.0,5006280.0,37.70000076,,X,3,,,,,,,,,,,,,,,,,,,,,,,,,,,,,,,,,PTUA2003
108,NAVE24,BS,NAVE,ASM,24,Prada,1598442.0,5048284.0,206.0,,,2,,,,,,,,,,,,,,,,,,,,,,,,,,,,,,,,,PTUA2003
109,CASALROMANO25,MN,CASALROMANO,,25,Gerelli Irene,1607280.0,5005820.0,37.8,,,2,,,,,,,,,,,,,,,,,,,,,,,,,,,,,,,,,PTUA2003
110,OFFLAGA25,BS,OFFLAGA,ASM,25,Cignano,1586697.0,5025513.0,73.0,,,2,,,,,,,,,,,,,,,,,,,,,,,,,,,,,,,,,PTUA2003
111,TORREBERETTI25,PV,TORREBERETTI,ASM - 1,25,Via Pascoli,1489690.0,5006080.0,95.0,,,,,,,,,,,,,,,,,,,,,,,,,,,,,,,,,,,,PTUA2003
112,CASATENOVOPI097016101,LC,CASATENOVO,,PI097016101,MAGGIONI (EX PIRROTTA),1524964.0,5058591.0,294.1,,X,2,,,,,,,,,,,,,,,,,,,,,,,,,,,,,,,,,PTUA2003
113,CASEI GEROLA21,PV,CASEI GEROLA,2,21,St. per Castelnuovo ,1494095.0,4983105.0,80.9,,X,1,,,,,,,,,,,,,,,,,,,,,,,,,,,,,,,,,PTUA2003
114,MONTICHIARI21,BS,MONTICHIARI,ASM,21,Vighizzolo Nuovo,1606945.0,5033055.0,120.5,,,2,,,,,,,,,,,,,,,,,,,,,,,,,,,,,,,,,PTUA2003
115,CASELLE LANDI0980110001,,CASELLE LANDI,,0980110001,,1562239.0,4994652.0,45.34,via Roma I,,,,,,,,,,,,,,,,,,,,,,,,,,,,,,,,,,,PTUA2003
116,CASSANO D'ADDA0150590001,MI - Città,CASSANO D'ADDA,,0150590001,Muzza I-5 Martiri,1540544.0,5041200.0,116.7,Muzza I-5 Martiri,,1,,,,,,,,,,,,,,,,,,,,,,,,,,,,,,,,18.0,PTUA2003
117,CASSINETTA DI LUGAGNANO0150610001,,CASSINETTA DI LUGAGNANO,,0150610001,,1493070.0,5030100.0,122.0,via Pace-serb.,,,,,,,,,,,,,,,,,,,,,,,,,,,,,,,,,,,PTUA2003
118,CASSOLNOVO41,PV,CASSOLNOVO,4,41,via Tornura (pozzo vecchio),1484810.0,5023820.0,121.0,,X,2,88.5,96.5,88.5,96.5,,,,,,,,,,,,,,,,,,,,,,,,,,,100.0,,PTUA2003
119,CASTEL D'ARIO26,MN,CASTEL D'ARIO,,26,v.le delle Industrie - Roppi,1655200.0,5005160.0,21.0,,,3,,,,,,,,,,,,,,,,,,,,,,,,,,,,,,,,,PTUA2003
120,GARLASCO26,PV,GARLASCO,3,26,via Bozzola - Palazzeto,1494065.0,5004980.0,90.8,,X,1,28.0,51.0,28.0,38.0,41.0,51.0,,,,,,,,,,,,,,,,,,,,,,,,,57.0,,PTUA2003
121,PAVONE DEL MELLA26,BS,PAVONE DEL MELLA,ASM,26,VIA GIOVANNI XXIII,1594740.0,5016924.0,54.0,,,,,,,,,,,,,,,,,,,,,,,,,,,,,,,,,,,,PTUA2003
122,CASTEL D'ARIO27,MN,CASTEL D'ARIO,,27,v.le delle Industrie - Roppi,1655220.0,5005120.0,21.0,,,2,,,,,,,,,,,,,,,,,,,,,,,,,,,,,,,,,PTUA2003
123,VOGHERA27,PV,VOGHERA,1,27,via Volturno,1501045.0,4981950.0,98.4,,X,2,,,,,,,,,,,,,,,,,,,,,,,,,,,,,,,,,PTUA2003
124,CASTELLUCCHIO31,MN,CASTELLUCCHIO,,31,vai Matteotti 23,1629710.0,5000790.0,27.79999924,,X,3,,,,,,,,,,,,,,,,,,,,,,,,,,,,,,,,,PTUA2003
125,PALESTRO31,PV,PALESTRO,1,31,presso Municipio,1463525.0,5016650.0,120.5,,X,3,172.0,197.0,172.0,197.0,,,,,,,,,,,,,,,,,,,,,,,,,,,200.0,,PTUA2003
126,REZZATO31,BS,REZZATO,ASM,31,via Gardesana - Treponti,1604156.0,5040364.0,148.0,,,2,,,,,,,,,,,,,,,,,,,,,,,,,,,,,,,,,PTUA2003
127,CASTELNUOVO BOCCA D'ADDA0980130001,,CASTELNUOVO BOCCA D'ADDA,,0980130001,,1568202.0,4995450.0,36.1,via Cairoli serb.,,,,,,,,,,,,,,,,,,,,,,,,,,,,,,,,,,,PTUA2003
128,CASTIGLIONE DELLE STIVIERE34,MN,CASTIGLIONE DELLE STIVIERE,,34,CASTIGLIONE S.C.R.L.,1615700.0,5026120.0,82.3,,,,,,,,,,,,,,,,,,,,,,,,,,,,,,,,,,,,PTUA2003
129,URAGO D'OGLIO34,BS,URAGO D'OGLIO,COGEME,34,via Castelcovati,1568653.0,5040167.0,131.0,,X,2,,,,,,,,,,,,,,,,,,,,,,,,,,,,,,,,,PTUA2003
130,CASTIRAGA VIDARDO0980150003,,CASTIRAGA VIDARDO,,0980150003,,1530789.0,5012188.0,67.95,C.na Pollarana,,,,,,,,,,,,,,,,,,,,,,,,,,,,,,,,,,,PTUA2003
131,CASTREZZATO10,BS,CASTREZZATO,COGEME,10,via F.lli Cervi,1576452.0,5040679.0,129.5,,X,2,,,,,,,,,,,,,,,,,,,,,,,,,,,,,,,,,PTUA2003
132,GENZONE10,PV,GENZONE,1,10,Via cairoli,1527575.0,5002880.0,72.7,,,,,,,,,,,,,,,,,,,,,,,,,,,,,,,,,,,,PTUA2003
133,CAVENAGO D'ADDA0980170003,LO,CAVENAGO D'ADDA,CAP             ,0980170003,via Valsecchi serb.,1547241.0,5014694.0,70.73,v.Valsecchi serb.,X,1,,,,,,,,,,,,,,,,,,,,,,,,,,,,,,,,21.0,PTUA2003
135,CAVENAGO D'ADDA0980170064,LO,CAVENAGO D'ADDA,,0980170064,Soltarico,1544810.0,5014760.0,73.0,Soltarico,,,,,,,,,,,,,,,,,,,,,,,,,,,,,,,,,,21.0,PTUA2003
137,CAVENAGO BRIANZA0150680002,,CAVENAGO BRIANZA,,0150680002,,1532390.0,5048020.0,142.43,p.za Libertà - serb.,,,,,,,,,,,,,,,,,,,,,,,,,,,,,,,,,,,PTUA2003
138,CAVRIANA36,MN,CAVRIANA,,36,TURATI ALESSANDRO,1625900.0,5025260.0,122.0,,,,,,,,,,,,,,,,,,,,,,,,,,,,,,,,,,,,PTUA2003
139,NICORVO36,PV,NICORVO,,36,,1474020.0,5014550.0,113.9,,,,,,,,,,,,,,,,,,,,,,,,,,,,,,,,,,,,PTUA2003
140,VILLA CARCINA36,BS,VILLA CARCINA,ARPA,36,via dei Cairoli,1593295.0,5053355.0,232.5,,,2,,,,,,,,,,,,,,,,,,,,,,,,,,,,,,,,,PTUA2003
141,CAVRIANA37,MN,CAVRIANA,,37,Bassignani Cave s.n.c.,1625500.0,5020470.0,61.2,,,1,,,,,,,,,,,,,,,,,,,,,,,,,,,,,,,,,PTUA2003
142,CAZZAGO SAN MARTINO11,BS,CAZZAGO SAN MARTINO,COGEME,11,CALINO NUOVO,1580306.0,5049766.0,195.0,,,,,,,,,,,,,,,,,,,,,,,,,,,,,,,,,,,,PTUA2003
143,CERMENATE11,CO,CERMENATE,Consorzio Lura Ambiente spa,11,Via I Maggio,1505880.0,5060468.0,285.0,,,,,,,,,,,,,,,,,,,,,,,,,,,,,,,,,,,,PTUA2003
144,CAZZAGO SAN MARTINO48,BS,CAZZAGO SAN MARTINO,COGEME,48,Valle Bornato,1580570.0,5049919.0,196.65,,X,,,,,,,,,,,,,,,,,,,,,,,,,,,,,,,,,,PTUA2003
145,VIGEVANO48,PV,VIGEVANO,9,48,Vallettta Fogliano,1487880.0,5016710.0,117.0,,X,3,148.0,197.0,148.0,166.5,197.0,,,,,,,,,,,,,,,,,,,,,,,,,,203.0,,PTUA2003
146,CERGNAGO55,PV,CERGNAGO,1,55,,1482375.0,5004830.0,102.0,,,,,,,,,,,,,,,,,,,,,,,,,,,,,,,,,,,,PTUA2003
147,GUIDIZZOLO55,MN,GUIDIZZOLO,,55,Cobelli Luigi,1622460.0,5020780.0,73.2,,,2,,,,,,,,,,,,,,,,,,,,,,,,,,,,,,,,,PTUA2003
148,CERMENATE018(2bis),CO,CERMENATE,Cons. Lura ambiente   pozzo 2,018(2bis),via Petrarca,1506475.0,5061530.0,305.0,,X, 2/3,,,,,,,,,,,,,,,,,,,,,,,,,,,,,,,,,PTUA2003
149,CERNUSCO LOMBARDONEPC097020003,LC,CERNUSCO LOMBARDONE,,PC097020003,VILLA,1530522.0,5059523.0,248.0,,X,2,,,,,,,,,,,,,,,,,,,,,,,,,,,,,,,,,PTUA2003
150,CERNUSCO SUL NAVIGLIO0150700004,,CERNUSCO SUL NAVIGLIO,,0150700004,,1526360.0,5041939.0,119.57,v. Verdi,,,,,,,,,,,,,,,,,,,,,,,,,,,,,,,,,,,PTUA2003
151,CERVESINA16,PV,CERVESINA,1,16,,1501295.0,4989950.0,70.7,,X,2,,,,,,,,,,,,,,,,,,,,,,,,,,,,,,,,,PTUA2003
152,GHEDI16,BS,GHEDI,ARPA,16,VIA CARAVAGGIO,1600058.0,5027965.0,80.5,,,,,,,,,,,,,,,,,,,,,,,,,,,,,,,,,,,,PTUA2003
153,MARIANO COMENSE16,CO,MARIANO COMENSE,Pozzo 3   Pragma S.P.A,16,Via per Novedrate,1513175.0,5061640.0,289.0,,,,,,,,,,,,,,,,,,,,,,,,,,,,,,,,,,,,PTUA2003
154,CERVIGNANO D'ADDA0980180001,LO,CERVIGNANO D'ADDA,CAP               ,0980180001,p.zza Caduti,1533303.0,5024632.0,81.68,p.za Caduti,X,1,,,,,,,,,,,,,,,,,,,,,,,,,,,,,,,,21.0,PTUA2003
156,CESANO BOSCONE0150740007,,CESANO BOSCONE,,0150740007,,1507180.0,5032490.0,120.48,v.Picozzi,,,,,,,,,,,,,,,,,,,,,,,,,,,,,,,,,,,PTUA2003
157,CESATE0150760001,,CESATE,,0150760001,,1505534.0,5048445.0,159.88,Vill.INA,,,,,,,,,,,,,,,,,,,,,,,,,,,,,,,,,,,PTUA2003
158,CESATE0150760003,,CESATE,,0150760003,,1506301.0,5049212.0,160.2,v.Caravaggio-serb,,,,,,,,,,,,,,,,,,,,,,,,,,,,,,,,,,,PTUA2003
159,CESATE0150760010,,CESATE,,0150760010,,1505534.0,5048445.0,161.53,Vill.INA p spia,,,,,,,,,,,,,,,,,,,,,,,,,,,,,,,,,,,PTUA2003
160,CHIEVE019029.0001,CR,CHIEVE,,019029.0001,via Zaninelli,1548491.25,5021128.5,78.0,,X,3,148.0,157.0,148.0,157.0,,,,,,,,,,,,,,,,,,,,,,,,,,,166.5,,PTUA2003
161,CHIGNOLO D'ISOLA0160722490,BG,CHIGNOLO D'ISOLA,Bergum Impianti / Flag,0160722490,"via Industriale, 1",1541538.0,5057511.0,214.9,,X,1,42.0,72.0,42.0,46.0,52.0,62.0,66.0,72.0,,,,,,,,,,,,,,,,,,,50.0,57.0,10.5,1967.0,78.0,,PTUA2003
162,CILAVEGNA38,PV,CILAVEGNA,ASM - 2,38,via Petrarca,1480220.0,5017495.0,115.5,,X,1,41.0,48.5,41.0,48.5,,,,,,,,,,,,,,,,,,,,,,,,,,,51.0,,PTUA2003
163,CINGIA DE' BOTTI019031.0003,CR,CINGIA DE' BOTTI,,019031.0003,via Pievetta,1600202.0,4993266.5,30.0,,X,3,154.0,160.5,154.0,160.5,,,,,,,,,,,,,,,,,,,,,,,,,,,187.5,,PTUA2003
164,CINISELLO BALSAMO0150770004,,CINISELLO BALSAMO,,0150770004,,1517130.0,5043632.0,120.1,via Canzio I,,,,,,,,,,,,,,,,,,,,,,,,,,,,,,,,,,,PTUA2003
165,CINISELLO BALSAMO0150770006,,CINISELLO BALSAMO,,0150770006,,1518408.0,5044351.0,150.04,v.Matteotti,,,,,,,,,,,,,,,,,,,,,,,,,,,,,,,,,,,PTUA2003
166,CINISELLO BALSAMO0150770018,,CINISELLO BALSAMO,,0150770018,,1517120.0,5045500.0,125.75,via Paisiello,,,,,,,,,,,,,,,,,,,,,,,,,,,,,,,,,,,PTUA2003
167,CINISELLO BALSAMO0150770022,,CINISELLO BALSAMO,,0150770022,,1519400.0,5044677.0,150.0,Galilei,,,,,,,,,,,,,,,,,,,,,,,,,,,,,,,,,,,PTUA2003
168,CINISELLO BALSAMO0150770023,MI - MONZA,CINISELLO BALSAMO,CAP,0150770023,via Galilei,1519410.0,5044683.0,150.67,Galilei,X,3,,,,,,,,,,,,,,,,,,,,,,,,,,,,,,,,13.0,PTUA2003
169,CINISELLO BALSAMO0150770073,MI - MONZA,CINISELLO BALSAMO,CAP,0150770073,via Petrella,1517875.0,5045125.0,128.85,via Petrella,,,,,,,,,,,,,,,,,,,,,,,,,,,,,,,,,,13.0,PTUA2003
170,CISLIANO0150780002,,CISLIANO,,0150780002,,1499356.0,5032255.0,124.78,v.Vitt.Veneto-serb.,,,,,,,,,,,,,,,,,,,,,,,,,,,,,,,,,,,PTUA2003
171,CITTIGLIOPO1205100100T0,VA,CITTIGLIO,,PO1205100100T0,Municipio,1474310.0,5082435.0,245.0,,X,SUPERF. (acquifero locale),,,,,,,,,,,,,,,,,,,,,,,,,,,,,,,,,PTUA2003
172,CIVIDATE AL PIANO0160731283,BG,CIVIDATE AL PIANO,Acciaieria di Cividate S.p.a. ,0160731283,Loc. Motta Alta,1565706.0,5042165.0,131.2,,X,MISTA 2/3,51.48,82.0,51.48,82.0,,,,,,,,,,,,,,,,,,,,,,,10.0,19.0,65.0,,82.0,,PTUA2003
173,COLOGNO MONZESE0150810004,,COLOGNO MONZESE,,0150810004,,1521480.0,5042960.0,119.53,v.Levi-Lombardia,,,,,,,,,,,,,,,,,,,,,,,,,,,,,,,,,,,PTUA2003
174,COLOGNO MONZESE0150810069,,COLOGNO MONZESE,,0150810069,,1522264.0,5042813.0,138.53,v.Paganini,,,,,,,,,,,,,,,,,,,,,,,,,,,,,,,,,,,PTUA2003
175,COMAZZO0980200001,LO,COMAZZO,CAP,0980200001,p.zza Caduti,1536534.0,5032132.0,93.02,p.za Caduti,X,2,,,,,,,,,,,,,,,,,,,,,,,,,,,,,,,,21.0,PTUA2003
176,CONCOREZZO0150840002,MI,CONCOREZZO,,0150840002,S.P.13 Malcantone,1525395.999,5047386.998,162.27,S.P.13 Malcantone,,,,,,,,,,,,,,,,,,,,,,,,,,,,,,,,,,9.0,PTUA2003
177,CONCOREZZO0150840024,,CONCOREZZO,,0150840024,,1526728.0,5049528.0,,v.Pascoli,,,,,,,,,,,,,,,,,,,,,,,,,,,,,,,,,,,PTUA2003
178,CORBETTA0150850002,,CORBETTA,,0150850002,,1493533.0,5035152.0,139.86,v.Oberdan,,,,,,,,,,,,,,,,,,,,,,,,,,,,,,,,,,,PTUA2003
179,CORBETTA0150850004,MI - Par.,CORBETTA,,0150850004,via Veneto,1494156.004,5034189.999,132.09,v.Veneto x Batuello,X,1,,,,,,,,,,,,,,,,,,,,,,,,,,,,,,,,15.0,PTUA2003
180,CORREZZANA0150920003,MI - MONZA,CORREZZANA,CAP,0150920003,via Fermi,1523723.0,5056321.0,247.15,v.Fermi,X,3,,,,,,,,,,,,,,,,,,,,,,,,,,,,,,,,4.0,PTUA2003
182,CORMANO0150860002,,CORMANO,,0150860002,,1512580.0,5043085.0,121.54,via Somalia,,,,,,,,,,,,,,,,,,,,,,,,,,,,,,,,,,,PTUA2003
183,CORNAREDO0150870001,MI - Par.,CORNAREDO,,0150870001,Campo Sportivo I,1501530.0,5037775.0,136.84,Campo Sportivo I,,1,,,,,,,,,,,,,,,,,,,,,,,,,,,,,,,,16.0,PTUA2003
184,CORNAREDO0150870003,,CORNAREDO,,0150870003,,1501081.0,5036901.0,134.57,v.Marconi,,,,,,,,,,,,,,,,,,,,,,,,,,,,,,,,,,,PTUA2003
185,CORNOVECCHIO0980230001,,CORNOVECCHIO,,0980230001,,1562792.0,5056473.0,40.29,Municipio,,,,,,,,,,,,,,,,,,,,,,,,,,,,,,,,,,,PTUA2003
186,CORREZZANA0150920001,,CORREZZANA,,0150920001,,1523496.0,5056835.0,214.84,via S.Francesco,,,,,,,,,,,,,,,,,,,,,,,,,,,,,,,,,,,PTUA2003
187,COTONIPO014061OR0001,SO,COTONI,n.4,PO014061OR0001,SONDRIO - Marzotto,1567250.0,5112867.0,294.392,,X,1,,,,,,,,,,,,,,,,,,,,,,,,,,,,,,,,,PTUA2003
188,CUGGIONO0150960014,,CUGGIONO,,0150960014,,1485070.0,5040190.0,147.96,via Somma-Zucchi,,,,,,,,,,,,,,,,,,,,,,,,,,,,,,,,,,,PTUA2003
189,CURTATONE42,MN,CURTATONE,,42,SARZI AMADE' ANTONIO,1633980.0,5000510.0,23.5,,,,,,,,,,,,,,,,,,,,,,,,,,,,,,,,,,,,PTUA2003
190,CUSAGO0150970003,MI - Par.,CUSAGO,,0150970003,via Cervi fino a 5/99 p.1,1502657.0,5033450.0,127.1,v.Cervi fino a 5/99 p.1,X,3,,,,,,,,,,,,,,,,,,,,,,,,,,,,,,,,16.0,PTUA2003
191,CUSANO MILANINO0150980004,,CUSANO MILANINO,,0150980004,,1513764.0,5043930.0,159.29,p.Italia,,,,,,,,,,,,,,,,,,,,,,,,,,,,,,,,,,,PTUA2003
192,CUSANO MILANINO0150980028,,CUSANO MILANINO,,0150980028,,1514126.0,5044416.0,152.11,v.Pedretti,,,,,,,,,,,,,,,,,,,,,,,,,,,,,,,,,,,PTUA2003
193,DALMINE0160910003,BG,DALMINE,Amministrazione Comunale,0160910003,via Fiume Adda,1546509.0,5056225.0,211.8,,,3,134.0,272.5,134.0,140.0,146.0,152.0,166.0,172.0,181.0,184.0,193.0,196.0,204.0,205.5,208.0,211.0,213.5,218.0,229.0,235.0,247.0,250.0,257.0,263.0,267.5,272.5,,,,,,,PTUA2003
194,DESIO0151000003,MI - MONZA,DESIO,CAP,0151000003,via Torricelli,1516295.0,5051936.0,146.19,via Torricelli,X,1,,,,,,,,,,,,,,,,,,,,,,,,,,,,,,,,8.0,PTUA2003
195,DORNO59,PV,DORNO,,59,via Cordara,1495780.0,5000315.0,88.1,,X,2,86.0,101.0,86.0,101.0,,,,,,,,,,,,,,,,,,,,,,,,,,,104.0,,PTUA2003
196,FENEGRO'4(6),CO,FENEGRO',Antiga Spa   pozzo 2,4(6),Via Trento,1500090.0,5061970.0,305.0,,X,2,,,,,,,,,,,,,,,,,,,,,,,,,,,,,,,,,PTUA2003
197,FIESCO019043.0003,CR,FIESCO,,019043.0003,via F. Noli,1561257.5,5020927.0,72.0,,X,3,133.0,154.0,133.0,154.0,,,,,,,,,,,,,,,,,,,,,,,,,,,201.0,,PTUA2003
198,FIGINO SERENZA4 bis,CO,FIGINO SERENZA,soc. Pragma spa,4 bis,Loc Campaccio,1510815.0,5061625.0,300.0,,,,,,,,,,,,,,,,,,,,,,,,,,,,,,,,,,,,PTUA2003
199,FINO MORNASCO8(10),CO,FINO MORNASCO,Az.Colline Comasche   pozzo 2,8(10),Cascina Pazzea,1504625.0,5065990.0,299.0,,X,2,,,,,,,,,,,,,,,,,,,,,,,,,,,,,,,,,PTUA2003
200,FOMBIO0980260002,LO,FOMBIO,CAP                                 ,0980260002,via Giovanni XXIII,1554292.0,4998880.0,42.264,via Giovanni XXIII,X,2,,,,,,,,,,,,,,,,,,,,,,,,,,,,,,,,24.0,PTUA2003
201,GALLARATEPO1207000900T0,VA,GALLARATE,,PO1207000900T0,via Alberone - via Ferrari,1483140.0,5055620.0,235.0,,X,SUPERF. (acquifero locale),,,,,,,,,,,,,,,,,,,,,,,,,,,,,,,,,PTUA2003
202,GALLARATEPO1207002201T0,VA,GALLARATE,,PO1207002201T0,via Monte S. Martino,1482360.0,5058150.0,271.0,,X,MISTA,,,,,,,,,,,,,,,,,,,,,,,,,,,,,,,,,PTUA2003
203,GARBAGNATE0151050002,,GARBAGNATE,,0151050002,,1505950.0,5046890.0,153.19,v.Varese I-scuole,,,,,,,,,,,,,,,,,,,,,,,,,,,,,,,,,,,PTUA2003
204,GAZZUOLO49,MN,GAZZUOLO,,49,ITALGAS (VIADANA),1624010.0,4992410.0,23.5,,,,,,,,,,,,,,,,,,,,,,,,,,,,,,,,,,,,PTUA2003
205,VIGEVANO49,PV,VIGEVANO,17,49,Corso Brodolini,1488985.0,5016985.0,102.5,,,,,,,,,,,,,,,,,,,,,,,,,,,,,,,,,,,,PTUA2003
206,GENZONE0180700001,,GENZONE,,0180700001,,1527575.0,5002880.0,72.5,via Cairoli,,,,,,,,,,,,,,,,,,,,,,,,,,,,,,,,,,,PTUA2003
207,GERENZANOPO1207502002T0,VA,GERENZANO,,PO1207502002T0,Discarica - controllo,1497940.0,5052150.0,220.65,,X,SUPERF.,,,,,,,,,,,,,,,,,,,,,,,,,,,,,,,,,PTUA2003
208,GESSATE0151060008,MI-Città,GESSATE,,0151060008,p.zza Aturia 9,1534449.0,5044895.0,128.3,p.za Aturia,,1,,,,,,,,,,,,,,,,,,,,,,,,,,,,,,,,14.0,PTUA2003
209,GIUSSAGO0180720001,,GIUSSAGO,,0180720001,,1511200.0,5014410.0,91.2,v.25 aprile-scuola,,,,,,,,,,,,,,,,,,,,,,,,,,,,,,,,,,,PTUA2003
210,GIUSSAGO63,PV,GIUSSAGO,5,63,Via F.lli Cervi,,,86.7,,,,,,,,,,,,,,,,,,,,,,,,,,,,,,,,,,,,PTUA2003
211,MACARIA63,MN,MACARIA,,63,Mec-Carni S.p.a.,1623050.0,4997930.0,28.0,,,3,,,,,,,,,,,,,,,,,,,,,,,,,,,,,,,,,PTUA2003
212,GONZAGA53,MN,GONZAGA,,53,via degli Arduini 22 - Bondeno,1646490.0,4978450.0,19.0,,,1,,,,,,,,,,,,,,,,,,,,,,,,,,,,,,,,,PTUA2003
213,LOMELLO53,PV,LOMELLO,,53,,1484075.0,4995560.0,90.0,,,,,,,,,,,,,,,,,,,,,,,,,,,,,,,,,,,,PTUA2003
214,GONZAGA54,MN,GONZAGA,,54,Grecav Officine S.p.a.,1642920.0,4979930.0,20.1,,X,3,,,,,,,,,,,,,,,,,,,,,,,,,,,,,,,,,PTUA2003
215,GORGONZOLA0151080002,,GORGONZOLA,,0151080002,,1532076.0,5042266.0,121.42,v. Manzoni,,,,,,,,,,,,,,,,,,,,,,,,,,,,,,,,,,,PTUA2003
216,GORLE0161150118,BG,GORLE,Tintex S.p.a.,0161150118,"via Celadina, 2",1555493.0,5060225.0,261.5,,X,2,56.0,68.0,56.0,68.0,,,,,,,,,,,,,,,,,,,,,,,50.0,50.5,10.8,1975.0,70.5,,PTUA2003
217,GRAFFIGNANA0980280001,LO,GRAFFIGNANA,CAP                    ,0980280001,via Milano - serb.,1535471.0,5006700.0,64.27,via Milano - serb.,X,2,,,,,,,,,,,,,,,,,,,,,,,,,,,,,,,,23.0,PTUA2003
218,GRASSOBBIO0161170112,BG,GRASSOBBIO,Cava delle Capannelle S.r.l.,0161170112,"via Capannelle, 19",1557640.0,5053380.0,195.1,,X,2,,,,,,,,,,,,,,,,,,,,,,,,,,,,,,,53.0,,PTUA2003
219,GREZZAGO0151100001,,GREZZAGO,,0151100001,,1538450.0,5048995.0,138.31,via Roma-serb.,,,,,,,,,,,,,,,,,,,,,,,,,,,,,,,,,,,PTUA2003
220,GRONTARDO019050.0002,CR,GRONTARDO,,019050.0002,Fraz. Levata,1589592.0,5006001.0,47.0,,X,3,156.5,169.0,156.5,169.0,,,,,,,,,,,,,,,,,,,,,,,,,,,179.0,,PTUA2003
221,GUDO VISCONTI0151120002,,GUDO VISCONTI,,0151120002,,1499888.0,5024427.0,110.35,v.Montegrappa,,,,,,,,,,,,,,,,,,,,,,,,,,,,,,,,,,,PTUA2003
222,GUSSOLA019052.0004,CR,GUSSOLA,,019052.0004,via Bergamonti,1606756.0,4984844.0,26.0,,X,2,74.4,77.4,74.4,77.4,,,,,,,,,,,,,,,,,,,,,,,,,,,177.0,,PTUA2003
223,IMBERSAGOPC097039001,LC,IMBERSAGO,,PC097039001,ROBBIATE1- via dei Mulini,1535411.0,5060791.0,198.0,,X,2,,,,,,,,,,,,,,,,,,,,,,,,,,,,,,,,,PTUA2003
224,IMBERSAGOPC097039003,LC,IMBERSAGO,,PC097039003,PONTICELLO- Strada Alzaia,1534898.0,5062596.0,196.0,,X,2,,,,,,,,,,,,,,,,,,,,,,,,,,,,,,,,,PTUA2003
225,INVERIGO18,CO,INVERIGO,Comune,18,C.na Rocchina,1517738.0,5065790.0,322.0,,,,,,,,,,,,,,,,,,,,,,,,,,,,,,,,,,,,PTUA2003
226,LENO18,BS,LENO,ARPA,18,VIA VIGANOVO 2,1596681.0,5025535.0,70.25,,,,,,,,,,,,,,,,,,,,,,,,,,,,,,,,,,,,PTUA2003
227,PINAROLO18,PV,PINAROLO,1,18,,1512525.0,4989200.0,68.0,,X,1,,,,,,,,,,,,,,,,,,,,,,,,,,,,,,,,,PTUA2003
228,INZAGO0151140006,MI,INZAGO,,0151140006,vill.Residenziale,1536840.0,5041965.0,129.0,,,,,,,,,,,,,,,,,,,,,,,,,,,,,,,,,,,,PTUA2003
229,ISOLA DOVARESE019053.0002,CR,ISOLA DOVARESE,,019053.0002,via Fornace,1602524.875,5002716.0,38.0,,X,3,,,,,,,,,,,,,,,,,,,,,,,,,,,,,,,,,PTUA2003
230,ISOLA DOVARESE19053,CR,ISOLA DOVARESE,,19053.0002,via Fornace,1602524.875,5002716.0,38.0,,X,3.0,,,,,,,,,,,,,,,,,,,,,,,,,,,,,,,,,PTUA2003
231,ISSO0161220512-161220144,BG,ISSO,Boieri Luigi Clariant S.p.a. (Archimica),0161220512-161220144,C.na Secchi-S.S. 11 - Padana Superiore,1557501.0,5036628.0,104.6,,,,,,,,,,,,,,,,,,,,,,,,,,,,,,,,,,,,PTUA2003
232,IZANO019054.0003,CR,IZANO,,019054.0003,via Zanesa,1558392.375,5022772.0,77.0,,X,3,128.0,134.0,128.0,134.0,,,,,,,,,,,,,,,,,,,,,,,,,,,182.5,,PTUA2003
233,LACCHIARELLA0151150001,,LACCHIARELLA,,0151150001,,1510746.0,5019039.0,92.74,v.Trento,,,,,,,,,,,,,,,,,,,,,,,,,,,,,,,,,,,PTUA2003
234,LAINATE0151160008,MI - Par.,LAINATE,,0151160008,Lainate Caronasca,1502320.0,5047210.0,180.0,Caronasca,X,2,,,,,,,,,,,,,,,,,,,,,,,,,,,,,,,,11.0,PTUA2003
235,LAINATE0151160009,,LAINATE,,0151160009,,1502320.0,5047210.0,180.0,Caronasca,,,,,,,,,,,,,,,,,,,,,,,,,,,,,,,,,,,PTUA2003
236,LANDRIANO0180780001,,LANDRIANO,,0180780001,,1520470.0,5017665.0,85.5,p.za Marconi,,,,,,,,,,,,,,,,,,,,,,,,,,,,,,,,,,,PTUA2003
237,LANDRIANO30,PV,LANDRIANO,ASM - 4,30,Strada Cerca,1520920.0,5017805.0,86.8,,,,,,,,,,,,,,,,,,,,,,,,,,,,,,,,,,,,PTUA2003
238,REMEDELLO30,BS,REMEDELLO,ARPA,30,VIA L. DA VINCI (REMEDELLO SOPRA),1607659.0,5014579.0,45.5,,,,,,,,,,,,,,,,,,,,,,,,,,,,,,,,,,,,PTUA2003
239,LANGOSCO46,PV,LANGOSCO,1 - 2,46,,1465575.0,5006900.0,106.3,,,,,,,,,,,,,,,,,,,,,,,,,,,,,,,,,,,,PTUA2003
240,LAZZATE0151170001,,LAZZATE,,0151170001,,1506710.0,5057630.0,185.21,Chiesa,,,,,,,,,,,,,,,,,,,,,,,,,,,,,,,,,,,PTUA2003
241,LAZZATE0151170003,MI - Par.,LAZZATE,,0151170003,via S.Lorenzo-serb.,1506594.0,5058727.0,188.9,v.S.Lorenzo-serb.,X,2,,,,,,,,,,,,,,,,,,,,,,,,,,,,,,,,,PTUA2003
242,LENTATE0151190001,,LENTATE,,0151190001,,1509520.0,5058340.0,192.31,via S.Vito-Chiesa,,,,,,,,,,,,,,,,,,,,,,,,,,,,,,,,,,,PTUA2003
243,LEVATE0161260105,BG,LEVATE,Acquedotto Pianura Bergamasca,0161260105,"via per Levate, 40 - Osio Sotto ",1548179.0,5052042.0,180.9,,X,3,159.0,300.5,159.0,165.0,171.0,177.0,178.0,184.6,194.0,200.0,201.5,215.5,220.0,223.0,225.5,230.0,233.5,238.6,242.5,245.5,259.9,266.5,278.0,281.0,294.5,300.5,22.84,,,1993.0,315.0,,PTUA2003
244,LOCATE TRIULZI0151250001,MI - Città,LOCATE TRIULZI,,0151250001,p.zza Gramsci,1517398.0,5022688.0,96.26,p.Gramsci,X,2,,,,,,,,,,,,,,,,,,,,,,,,,,,,,,,,20.0,PTUA2003
245,LOCATE TRIULZI0151250004,,LOCATE TRIULZI,,0151250004,,1517730.0,5022245.0,94.7,v.Nenni,,,,,,,,,,,,,,,,,,,,,,,,,,,,,,,,,,,PTUA2003
246,LODIVECCHIO0980320002,LO,LODIVECCHIO,CAP                     ,0980320002,via Cabrini-serb.,1532570.0,5016525.0,74.23,via Cabrini-serb.,X,2,,,,,,,,,,,,,,,,,,,,,,,,,,,,,,,,21.0,PTUA2003
247,LONATE P.PO1209000902T0,VA,LONATE P.,,PO1209000902T0,via Molinelli - Bellaria,1477670.0,5005023.0,207.4,,X,SUPERF.,,,,,,,,,,,,,,,,,,,,,,,,,,,,,,,,,PTUA2003
248,LONATE P.PO1209000903T0,VA,LONATE P.,,PO1209000903T0,via Molinelli - Bellaria,1477670.0,5050230.0,207.45,,X,PROFONDA,,,,,,,,,,,,,,,,,,,,,,,,,,,,,,,,,PTUA2003
249,LONATO19,BS,LONATO,ASM,19,Fenil Nuovo,1615024.0,5035985.0,159.5,,,2,,,,,,,,,,,,,,,,,,,,,,,,,,,,,,,,,PTUA2003
250,VERRUA19,PV,VERRUA,2,19,Canova,1513160.0,4994640.0,60.0,,,,,,,,,,,,,,,,,,,,,,,,,,,,,,,,,,,,PTUA2003
251,LONATO20,BS,LONATO,ASM,20,MADONNA DELLA SCOPERTA-NUOVO,1623515.0,5028075.0,104.57,,,,,,,,,,,,,,,,,,,,,,,,,,,,,,,,,,,,PTUA2003
252,MARIANO COMENSE20,CO,MARIANO COMENSE,Soc. Pragma S.P.A   Trotti Grande,20,Via S. d'Acquisto,1514310.0,5060568.0,255.0,,X,3,,,,,,,,,,,,,,,,,,,,,,,,,,,,,,,,,PTUA2003
253,OLGIATE COMASCO20,CO,OLGIATE COMASCO,Comune,20,via Repubblica,1498015.0,5068805.0,398.0,,,,,,,,,,,,,,,,,,,,,,,,,,,,,,,,,,,,PTUA2003
254,VOGHERA20,PV,VOGHERA,8,20,via Bassi,1499680.0,4983305.0,90.5,,X,3,,,,,,,,,,,,,,,,,,,,,,,,,,,,,,,,,PTUA2003
255,LONATO47,BS,LONATO,ASM,47,Centenaro,1621050.0,5031077.0,103.1,,X,,,,,,,,,,,,,,,,,,,,,,,,,,,,,,,,,,PTUA2003
256,VIGEVANO47,PV,VIGEVANO,4,47,presso Coop,1489525.0,5017860.0,103.5,,,,,,,,,,,,,,,,,,,,,,,,,,,,,,,,,,,,PTUA2003
257,LUINOPO1209202100T0,VA,LUINO,,PO1209202100T0,via Forlanini,1480320.0,5093625.0,214.1,,X,SUPERF. (acquifero locale),,,,,,,,,,,,,,,,,,,,,,,,,,,,,,,,,PTUA2003
258,LURAGO D'ERBA16(23),CO,LURAGO D'ERBA,Soc. Pragma Spa,16(23),Pioppete,1518210.0,5067545.0,320.0,,X,2,,,,,,,,,,,,,,,,,,,,,,,,,,,,,,,,,PTUA2003
259,MACCASTORNA0980330001,LO,MACCASTORNA,CAP                 ,0980330001,via Roma,1567299.0,4999597.0,38.85,via Roma,X,2,,,,,,,,,,,,,,,,,,,,,,,,,,,,,,,,24.0,PTUA2003
260,MADIGNANO019055.0002,CR,MADIGNANO,,019055.0002,via Dante,1556531.875,5021341.0,72.0,,X,3,141.0,147.0,141.0,147.0,,,,,,,,,,,,,,,,,,,,,,,,,,,166.0,,PTUA2003
261,MAGENTA0151300021,,MAGENTA,,0151300021,,1489910.0,5035170.0,134.21,via Piemonte-Nova C.,,,,,,,,,,,,,,,,,,,,,,,,,,,,,,,,,,,PTUA2003
262,MALAGNINO019056.0003,CR,MALAGNINO,,019056.0003,via Stazione,1587474.25,4998750.0,40.0,,X,2,131.5,134.5,131.5,134.5,,,,,,,,,,,,,,,,,,,,,,,,,,,164.0,,PTUA2003
263,MALEO0980350002,LO,MALEO,CAP                                  ,0980350002,p.zza 25 Aprile,1560100.0,5001920.0,44.76,p.za 25 Aprile,X,1,,,,,,,,,,,,,,,,,,,,,,,,,,,,,,,,24.0,PTUA2003
264,MARCALLO CON CASONE0151340001,,MARCALLO CON CASONE,,0151340001,,1490207.0,5037106.0,139.53,via dell'Acquedotto,,,,,,,,,,,,,,,,,,,,,,,,,,,,,,,,,,,PTUA2003
265,MARCALLO CON CASONE0151340004,MI - Par.,MARCALLO CON CASONE,,0151340004,via Clerici,1490298.0,5037079.0,137.44,via Clerici 4/5/6,X,3,,,,,,,,,,,,,,,,,,,,,,,,,,,,,,,,10.0,PTUA2003
266,MARCALLO CON CASONE0151340046,,MARCALLO CON CASONE,,0151340046,,1490290.0,5037075.0,138.34,via Clerici 4/5/6,,,,,,,,,,,,,,,,,,,,,,,,,,,,,,,,,,,PTUA2003
267,MARCARIA62,MN,MARCARIA,,62,Trofelli Giudo,1627770.0,4991910.0,23.1,,,1,,,,,,,,,,,,,,,,,,,,,,,,,,,,,,,,,PTUA2003
268,SIZIANO62,PV,SIZIANO,2,62,via I Maggio,1515665.0,5017899.0,89.9,,X,2,,,,,,,,,,,,,,,,,,,,,,,,,,,,,,,,,PTUA2003
269,MARIANO COMENSE5 bis,CO,MARIANO COMENSE,Pragma S.P.A,5 bis,Via S. D'Acquisto,1514310.0,5060568.0,255.0,,,,,,,,,,,,,,,,,,,,,,,,,,,,,,,,,,,,PTUA2003
270,MARTINENGO0161330158,BG,MARTINENGO,Stamperia di Martinengo S.r.l.,0161330158,"via Pinetti, 44",1559095.0,5046594.0,150.7,,,2,,,,,,,,,,,,,,,,,,,,,,,,,,,,,,,,,PTUA2003
271,MASATE,,MASATE,,,,1537385.0,5045310.0,150.0,v.Bergamasca,,,,,,,,,,,,,,,,,,,,,,,,,,,,,,,,,,,PTUA2003
272,MEDE,PV,MEDE,ASM - 3,,,,,,,,,,,,,,,,,,,,,,,,,,,,,,,,,,,,,,,,,PTUA2003
273,PESCAROLO,CR,PESCAROLO,4,,Loc. Palestra,1593527.875,5005190.5,45.0,,,,,,,,,,,,,,,,,,,,,,,,,,,,,,,,,,,,PTUA2003
274,MEDIGLIA0151360003,,MEDIGLIA,,0151360003,,1526600.0,5028740.0,92.04,v.Stephenson,,,,,,,,,,,,,,,,,,,,,,,,,,,,,,,,,,,PTUA2003
275,MEDIGLIA0151390001,MI - Città,MEDIGLIA,,0151390001,Via Stephenson,1526616.0,5028755.0,96.36,via Unione,X,2,,,,,,,,,,,,,,,,,,,,,,,,,,,,,,,,18.0,PTUA2003
276,MEZZAGO0151390001,MI - Città,MEZZAGO,,0151390001,,1534749.0,5052944.0,177.99,via Unione,X,2.0,,,,,,,,,,,,,,,,,,,,,,,,,,,,,,,,18.0,PTUA2003
277,MERATEPC097048001,LC,MERATE,,PC097048001,REGONDINO,1531012.0,5061302.0,266.0,,X,2,,,,,,,,,,,,,,,,,,,,,,,,,,,,,,,,,PTUA2003
278,MEZZAGO0151450001,MI,MEZZAGO,,0151450001,via Unione,1534736.001,5052942.997,220.39,AMSA via Dionigi,,,,,,,,,,,,,,,,,,,,,,,,,,,,,,,,,,9.0,PTUA2003
279,MILANO0151450001,MI,MILANO,,0151450001,,1518330.0,5029870.0,105.0,AMSA via Dionigi,,,,,,,,,,,,,,,,,,,,,,,,,,,,,,,,,,9.0,PTUA2003
280,MILANO0151460000,,MILANO,,0151460000,,1518330.0,5029870.0,105.0,AMSA via Dionigi,,,,,,,,,,,,,,,,,,,,,,,,,,,,,,,,,,,PTUA2003
281,MILANO0151460036,MI - Città,MILANO,Acqued. Anfossi 16,0151460036,,1516872.0,5033973.0,115.0,,,3,,,,,,,,,,,,,,,,,,,,,,,,,,,,,,,,,PTUA2003
282,MILANO0151460040,MI - Città,MILANO,Acqued. C. Armi 4,0151460040,,1512512.0,5035801.0,123.7,,,2,,,,,,,,,,,,,,,,,,,,,,,,,,,,,,,,,PTUA2003
283,MILANO0151460290,MI - Città,MILANO,Acqued. C. Feltre 17,0151460290,,1518933.0,5037571.0,121.5,,,2,,,,,,,,,,,,,,,,,,,,,,,,,,,,,,,,,PTUA2003
284,MILANO0151460413,MI - Città,MILANO,Acqued. C. Ovidio 10,0151460413,,1519041.0,5033694.0,109.8,,,2,,,,,,,,,,,,,,,,,,,,,,,,,,,,,,,,,PTUA2003
285,MILANO0151460477,MI - Città,MILANO,Acqued. C. Salemi 8,0151460477,,1512360.0,5041410.0,141.5,,,3,,,,,,,,,,,,,,,,,,,,,,,,,,,,,,,,,PTUA2003
286,MILANO0151461120,MI - Città,MILANO,Fogn. PZ 40,0151461120,,1513631.0,5033934.0,117.74,,,1,,,,,,,,,,,,,,,,,,,,,,,,,,,,,,,,,PTUA2003
287,MILANO0151461313,MI - Città,MILANO,Fogn. PZ 43  ,0151461313,,1519749.0,5037968.0,119.3,,,1,,,,,,,,,,,,,,,,,,,,,,,,,,,,,,,,,PTUA2003
288,MILANO0151461379,MI - Città,MILANO,Fogn. PZ 54,0151461379,,1518799.0,5029419.0,103.4,,,1,,,,,,,,,,,,,,,,,,,,,,,,,,,,,,,,,PTUA2003
289,MILANO0151461435,MI - Città,MILANO,Fogn. PZ 20,0151461435,,1509933.0,5031679.0,114.2,,,1,,,,,,,,,,,,,,,,,,,,,,,,,,,,,,,,,PTUA2003
290,MILANO0151461534,MI - Città,MILANO,Fogn.PZ 4,0151461534,,1510149.0,5040199.0,138.83,,,1,,,,,,,,,,,,,,,,,,,,,,,,,,,,,,,,,PTUA2003
291,MIRADOLO TERME0D151460000,,MIRADOLO TERME,,0D151460000,,1535650.0,5001980.0,71.5,via Baratti,,,,,,,,,,,,,,,,,,,,,,,,,,,,,,,,,,,PTUA2003
292,MISANO GERA D'ADDA0161350001,BG,MISANO GERA D'ADDA,Amministrazione Comunale,0161350001,via Garibaldi,1548577.0,5035708.0,104.1,,X,2,49.0,70.0,49.0,61.0,64.0,70.0,,,,,,,,,,,,,,,,,,,,,2.3,3.0,40.0,1974.0,82.0,,PTUA2003
293,MISSAGLIAPI097049101,LC,MISSAGLIA,,PI097049101,BRIVIO,1528143.0,5059731.0,274.5,,X,2,,,,,,,,,,,,,,,,,,,,,,,,,,,,,,,,,PTUA2003
294,MONTANASO LOMBARDO0180930002,,MONTANASO LOMBARDO,,0180930002,,1535877.0,5019968.0,71.24,Comune,,,,,,,,,,,,,,,,,,,,,,,,,,,,,,,,,,,PTUA2003
295,MONZA0151490084,MI - MONZA,MONZA,AGAM,0151490084,pozzo Battisti 2,1521014.0,5048849.0,174.0,,,2,,,,,,,,,,,,,,,,,,,,,,,,,,,,,,,,,PTUA2003
296,MONZA0151490142,,MONZA,,0151490142,,1521145.0,5046503.0,130.47,Garbagnati via Val d'Ossola,,,,,,,,,,,,,,,,,,,,,,,,,,,,,,,,,,,PTUA2003
297,MONZA0980400001,,MONZA,,0980400001,,1522947.0,5051402.0,166.86,Parco-Golf Club,,,,,,,,,,,,,,,,,,,,,,,,,,,,,,,,,,,PTUA2003
298,MONZAMBANO70,MN,MONZAMBANO,,70,Tosi Giovanni,1631850.0,5023970.0,110.2,,,1,,,,,,,,,,,,,,,,,,,,,,,,,,,,,,,,,PTUA2003
299,MORIMONDO0151500013,MI - Par.,MORIMONDO,,0151500013,Loc. Fallavecchia,1497393.0,5018893.0,103.74,C.na Fallavecchia,,2,,,,,,,,,,,,,,,,,,,,,,,,,,,,,,,,19.0,PTUA2003
300,MORNAGOPO1210601101T0,VA,MORNAGO,,PO1210601101T0,VINAGO,1480820.0,5064970.0,289.4,,,,,,,,,,,,,,,,,,,,,,,,,,,,,,,,,,,,PTUA2003
301,MORNAGOPO1210601504T0,VA,MORNAGO,,PO1210601504T0,Montonate,1481720.0,5065240.0,289.7,,X,SUPERF. (acquifero locale),,,,,,,,,,,,,,,,,,,,,,,,,,,,,,,,,PTUA2003
302,MORTARA39,PV,MORTARA,Comune - 1,39,via Marsala,1479160.0,5010480.0,108.0,,X,3,154.5,194.0,154.5,157.5,162.0,170.0,177.5,185.5,188.0,194.0,,,,,,,,,,,,,,,,,,,,,207.0,,PTUA2003
303,MOZZATE1 (2),CO,MOZZATE,Aqua Seprio spa   pozzo 4,1 (2),via Libertà,1495999.0,5058550.0,262.6,,X,2,,,,,,,,,,,,,,,,,,,,,,,,,,,,,,,,,PTUA2003
304,MUGGIÒ0151520030,,MUGGIÒ,,0151520030,,1517175.0,5045310.0,135.46,pozzo Impianto Pilota,,,,,,,,,,,,,,,,,,,,,,,,,,,,,,,,,,,PTUA2003
305,MULAZZANO0980410001,,MULAZZANO,,0980410001,,1531414.0,5024506.0,84.74,via Lago Maggiore,,,,,,,,,,,,,,,,,,,,,,,,,,,,,,,,,,,PTUA2003
306,NERVIANO PASUBIO0151540007,,NERVIANO PASUBIO,,0151540007,,1497539.0,5044446.0,174.58,sopra,,,,,,,,,,,,,,,,,,,,,,,,,,,,,,,,,,,PTUA2003
307,NERVIANO PASUBIO0D151540007,,NERVIANO PASUBIO,,0D151540007,,1497539.0,5044446.0,174.58,sotto,,,,,,,,,,,,,,,,,,,,,,,,,,,,,,,,,,,PTUA2003
308,NERVIANO0151540003,,NERVIANO,,0151540003,,1498550.0,5044810.0,154.6,via Chinotto-serb.II,,,,,,,,,,,,,,,,,,,,,,,,,,,,,,,,,,,PTUA2003
309,NERVIANO0151540064,,NERVIANO,,0151540064,,,,,Cantone 64,,,,,,,,,,,,,,,,,,,,,,,,,,,,,,,,,,,PTUA2003
310,NERVIANO0151540065,MI - Par.,NERVIANO,,0151540065,Cantone 65,1498320.0,5043055.0,166.0,Cantone 65,X,3,,,,,,,,,,,,,,,,,,,,,,,,,,,,,,,,11.0,PTUA2003
311,NERVIANO0151540066,,NERVIANO,,0151540066,,,,,Cantone piez,,,,,,,,,,,,,,,,,,,,,,,,,,,,,,,,,,,PTUA2003
312,NOVA MILANESE0151560024,,NOVA MILANESE,,0151560024,,1514995.0,5048680.0,138.04,via Grandi,,,,,,,,,,,,,,,,,,,,,,,,,,,,,,,,,,,PTUA2003
313,NOVATE MILANESE0151570002,,NOVATE MILANESE,,0151570002,,1510867.0,5042285.0,121.6,via Manzoni-serb.II,,,,,,,,,,,,,,,,,,,,,,,,,,,,,,,,,,,PTUA2003
314,NOVEDRATE019(3bis),CO,NOVEDRATE,Comune   pozzo 3,019(3bis),Villaggio Veneto - 1,1511046.0,5060448.0,282.0,,X,3,,,,,,,,,,,,,,,,,,,,,,,,,,,,,,,,,PTUA2003
315,OFFANENGO019062.0005,CR,OFFANENGO,,019062.0005,via Dante,1557924.5,5025552.0,81.0,,X,1,,,,,,,,,,,,,,,,,,,,,,,,,,,,,,,,,PTUA2003
316,OLTRONA DI SAN MAMETTE14(21),CO,OLTRONA DI SAN MAMETTE,Az. Colline Comasche,14(21),Margè,1497860.0,5067095.0,373.0,,X,2,,,,,,,,,,,,,,,,,,,,,,,,,,,,,,,,,PTUA2003
317,OPERA0151590004,,OPERA,,0151590004,,1516913.0,5027004.0,93.62,Mirasole,,,,,,,,,,,,,,,,,,,,,,,,,,,,,,,,,,,PTUA2003
318,ORIO LITTA0980420003,LO,ORIO LITTA,CAP                         ,0980420003,via Pio Rossi,1543820.0,5000952.0,51.5,via Pio Rossi,X,1,,,,,,,,,,,,,,,,,,,,,,,,,,,,,,,,24.0,PTUA2003
319,OSNAGOPC097061011,LC,OSNAGO,,PC097061011,STATALE -via Statale,1530797.0,5057843.0,246.0,,X, 2/3,,,,,,,,,,,,,,,,,,,,,,,,,,,,,,,,,PTUA2003
320,OSSONA0151640003,,OSSONA,,0151640003,,1492289.0,5039131.0,146.23,via 25 Aprile-Marconi,,,,,,,,,,,,,,,,,,,,,,,,,,,,,,,,,,,PTUA2003
321,OSTIGLIA76,MN,OSTIGLIA,,76,via San Romano Casetto 40/A,1667790.0,4994100.0,13.60000038,,,2,,,,,,,,,,,,,,,,,,,,,,,,,,,,,,,,,PTUA2003
322,OTTOBIANO56,PV,OTTOBIANO,,56,Strada per Valeggio,1487325.0,4999890.0,95.2,,,,,,,,,,,,,,,,,,,,,,,,,,,,,,,,,,,,PTUA2003
323,OZZERO0151650025,MI,OZZERO,,0151650025, v.25 Aprile-Faraon,1493904.997,5024331.997,107.99,v.25 Aprile-Faraon,,,,,,,,,,,,,,,,,,,,,,,,,,,,,,,,,,19.0,PTUA2003
324,PADERNO DUGNANO0151660003,,PADERNO DUGNANO,,0151660003,,1512878.0,5046812.0,133.78,via S.M.del Carso,,,,,,,,,,,,,,,,,,,,,,,,,,,,,,,,,,,PTUA2003
325,PADERNO DUGNANO0151660007,,PADERNO DUGNANO,,0151660007,,1514450.0,5046495.0,131.61,Calderara,,,,,,,,,,,,,,,,,,,,,,,,,,,,,,,,,,,PTUA2003
326,PADERNO DUGNANO0151660019,,PADERNO DUGNANO,,0151660019,,1513210.0,5047990.0,172.0,v.Galli,,,,,,,,,,,,,,,,,,,,,,,,,,,,,,,,,,,PTUA2003
327,PAGAZZANO0161540946,BG,PAGAZZANO,Arrigoni S.p.a.,0161540946,"via Morengo, 31",1552647.0,5042405.0,124.1,,,,,,,,,,,,,,,,,,,,,,,,,,,,,,,,,,,,PTUA2003
328,PALOSCO0161573378,BG,PALOSCO,Comarmi S.n.c.,0161573378,"Via Bergamo, 1",1564618.0,5049592.0,160.0,,,,,,,,,,,,,,,,,,,,,,,,,,,,,,,,,,,,PTUA2003
329,PALOSCO0161573380,BG,PALOSCO,Valtulini Giacomo,0161573380,C.na Gritti,1564511.0,5046783.0,149.2,,X,1,16.58,48.5,16.58,48.5,,,,,,,,,,,,,,,,,,,,,,,15.2,,,1990.0,51.5,,PTUA2003
330,PANTIGLIATE0151670001,MI - Città,PANTIGLIATE,,0151670001,via D'Annunzio,1527170.0,5032050.0,97.39,v.D'Annunzio,,2,,,,,,,,,,,,,,,,,,,,,,,,,,,,,,,,18.0,PTUA2003
331,PAVIA0181100101,,PAVIA,,0181100101,,1508425.0,5007685.0,85.3,C.na Montebello,,,,,,,,,,,,,,,,,,,,,,,,,,,,,,,,,,,PTUA2003
332,PERO0151700005,,PERO,,0151700005,,1506621.0,5039129.0,139.87,Bergamina,,,,,,,,,,,,,,,,,,,,,,,,,,,,,,,,,,,PTUA2003
333,PESCAROLO019069.0003,CR,PESCAROLO,3,019069.0003,Loc. Palestra,1593492.0,5005268.5,45.0,,X,3,167.0,192.0,167.0,192.0,,,,,,,,,,,,,,,,,,,,,,,,,,,192.5,,PTUA2003
334,PESCHIERA BORROMEO0151710024,,PESCHIERA BORROMEO,,0151710024,,1522950.0,5032800.0,102.2,Depuratore,,,,,,,,,,,,,,,,,,,,,,,,,,,,,,,,,,,PTUA2003
335,PESCHIERA BORROMEO0151710197,MI - Città,PESCHIERA BORROMEO,,0151710197,FEM Mezzate,1522946.0,5032854.0,105.61,FEM Mezzate,,1,,,,,,,,,,,,,,,,,,,,,,,,,,,,,,,,17.0,PTUA2003
336,PIADENA019071.0003,CR,PIADENA,,019071.0003,via Bassa,1607835.25,4998399.5,34.0,,X,3,158.5,172.0,158.5,172.0,,,,,,,,,,,,,,,,,,,,,,,,,,,181.5,,PTUA2003
337,PIEVE FISSIRAGA0980450001,LO,PIEVE FISSIRAGA,CAP            ,0980450001,C.na S.Antonio,1535548.0,5013741.0,72.89,C.na S.Antonio,X,1,,,,,,,,,,,,,,,,,,,,,,,,,,,,,,,,,PTUA2003
338,PIEVE PORTO MORONE0181140002,,PIEVE PORTO MORONE,,0181140002,,1534790.0,4995405.0,54.7,via Repubblica,,,,,,,,,,,,,,,,,,,,,,,,,,,,,,,,,,,PTUA2003
339,PIOLTELLO0151750006,,PIOLTELLO,,0151750006,,1525252.0,5038044.0,109.3,via Pisa,,,,,,,,,,,,,,,,,,,,,,,,,,,,,,,,,,,PTUA2003
340,PIOLTELLO0151750289,,PIOLTELLO,,0151750289,,1525025.0,5036125.0,112.5,FEM Limito,,,,,,,,,,,,,,,,,,,,,,,,,,,,,,,,,,,PTUA2003
341,PIOTELLO0151750008,,PIOTELLO,,0151750008,,1525340.0,5039735.0,126.16,S.Francesco,,,,,,,,,,,,,,,,,,,,,,,,,,,,,,,,,,,PTUA2003
342,PIOTELLO0151750291+C132,,PIOTELLO,,0151750291+C132,,1525340.0,5039735.0,126.16,S.Francesco piez.,,,,,,,,,,,,,,,,,,,,,,,,,,,,,,,,,,,PTUA2003
343,PIZZIGHETTONE019076.0006,CR,PIZZIGHETTONE,,019076.0006,via Stadio,1562536.875,5004476.5,46.0,,X,3,121.0,129.0,121.0,129.0,,,,,,,,,,,,,,,,,,,,,,,,,,,182.0,,PTUA2003
344,POGLIANO MILANESE0151760002,,POGLIANO MILANESE,,0151760002,,1499485.0,5042120.0,162.5,Garibaldi,,,,,,,,,,,,,,,,,,,,,,,,,,,,,,,,,,,PTUA2003
345,PONTE S. PIETRO0161700003,BG,PONTE S. PIETRO,Amministrazione Comunale,0161700003,via Moioli,1545759.0,5060572.0,225.2,,,2,,,,,,,,,,,,,,,,,,,,,,,,,,,,,,,,,PTUA2003
346,PONTE S. PIETRO0161700005,BG,PONTE S. PIETRO,Amministrazione Comunale,0161700005,Via Papa Giovanni XXIII,1545242.0,5060590.0,239.2,,,,,,,,,,,,,,,,,,,,,,,,,,,,,,,,,,,,PTUA2003
347,PONTI SUL MINCIO80,MN,PONTI SUL MINCIO,,80,Scala Erbesti Giuseppina,1633160.0,5027910.0,64.5,,,1,,,,,,,,,,,,,,,,,,,,,,,,,,,,,,,,,PTUA2003
348,POZZAGLIO019077.0001,CR,POZZAGLIO,,019077.0001,via bongiovanni,1582847.0,5005656.0,50.0,,X,3,181.2,194.9,181.2,194.9,,,,,,,,,,,,,,,,,,,,,,,,,,,201.0,,PTUA2003
349,PREGNANA MILANESE0151790005,,PREGNANA MILANESE,,0151790005,,1499516.0,5042096.0,140.68,via Gallarate,,,,,,,,,,,,,,,,,,,,,,,,,,,,,,,,,,,PTUA2003
350,PREGNANA MILANESE0151790040,,PREGNANA MILANESE,,0151790040,,1499516.0,5042096.0,143.48,via Gallarate,,,,,,,,,,,,,,,,,,,,,,,,,,,,,,,,,,,PTUA2003
351,PROVAGLIO D'ISEO29,BS,PROVAGLIO D'ISEO,COGEME,29,Pozzo Nuovo,1580523.0,5053088.0,208.0,,X,3,,,,,,,,,,,,,,,,,,,,,,,,,,,,,,,,,PTUA2003
352,PUMENENGO0161770001,BG,PUMENENGO,Amministrazione Comunale,0161770001,"viale Europa, 9",1567778.0,5036490.0,110.4,,,,,,,,,,,,,,,,,,,,,,,,,,,,,,,,,,,,PTUA2003
353,QUINGENTOLE81,MN,QUINGENTOLE,,81,Zona Artigianale Gabbiana,1660760.0,4988860.0,13.10000038,,X,3,,,,,,,,,,,,,,,,,,,,,,,,,,,,,,,,,PTUA2003
354,REDONDESCO84,MN,REDONDESCO,,84,via Bologne (vicino al pensile),1618690.0,5003540.0,33.0,,X,3,,,,,,,,,,,,,,,,,,,,,,,,,,,,,,,,,PTUA2003
355,RESCALDINA0151810001,MI - Par.,RESCALDINA,,0151810001,"via Melzi Comune, 1",1496143.502,5051419.778,180.25,via Melzi-Comune I,X,1,,,,,,,,,,,,,,,,,,,,,,,,,,,,,,,,6.0,PTUA2003
356,REVERE85,MN,REVERE,,85,via Smerrieri 4,1667680.0,4989800.0,14.5,,,1,,,,,,,,,,,,,,,,,,,,,,,,,,,,,,,,,PTUA2003
357,RHO0151820106,MI - Par.,RHO,,0151820106,Alumix spa via S.Martino,1503760.0,5039860.0,138.59,Alumix spa via S.Martino,,1,,,,,,,,,,,,,,,,,,,,,,,,,,,,,,,,11.0,PTUA2003
358,RIPALTA ARPINA019080.0002,CR,RIPALTA ARPINA,,019080.0002,via Capitani,1557143.875,5016713.5,65.0,,X,3,168.0,180.0,168.0,180.0,,,,,,,,,,,,,,,,,,,,,,,,,,,189.0,,PTUA2003
359,RIPALTA CREMASCA019081.0002,CR,RIPALTA CREMASCA,,019081.0002,Loc. Zappello,1554044.0,5020362.0,76.0,,X,1,137.0,149.0,137.0,149.0,,,,,,,,,,,,,,,,,,,,,,,,,,,160.0,,PTUA2003
360,ROBBIO33,PV,ROBBIO,,33,via Dentici,1468130.0,5014730.0,118.3,,X,3,103.0,146.0,103.0,121.0,138.0,146.0,,,,,,,,,,,,,,,,,,,,,,,,,160.0,,PTUA2003
361,TRAVAGLIATO33,BS,TRAVAGLIATO,ASM,33,mulini via Valverde,1584265.0,5042055.0,132.5,,,2,,,,,,,,,,,,,,,,,,,,,,,,,,,,,,,,,PTUA2003
362,ROBECCHETTO CON INDUNO0151830028,,ROBECCHETTO CON INDUNO,,0151830028,,1482745.0,5041027.0,144.3,via Don Pozzi,,,,,,,,,,,,,,,,,,,,,,,,,,,,,,,,,,,PTUA2003
363,ROBECCO SUL NAVIGLIO0151840023,,ROBECCO SUL NAVIGLIO,,0151840023,,1488730.0,5030170.0,107.78,C.na Visconta,,,,,,,,,,,,,,,,,,,,,,,,,,,,,,,,,,,PTUA2003
364,RODANO0151850001,,RODANO,,0151850001,,1528061.0,5035495.0,103.16,via S.Pellico,,,,,,,,,,,,,,,,,,,,,,,,,,,,,,,,,,,PTUA2003
365,RODANO0151850004,MI - Città,RODANO,,0151850004,via S.Pellico,1528130.0,5035520.0,110.5,via S.Pellico,X,3,,,,,,,,,,,,,,,,,,,,,,,,,,,,,,,,17.0,PTUA2003
366,RODENGO32,BS,RODENGO,SAIANO   ASM,32,Santa di Padergnone,1586957.0,5049659.0,172.4,,,2,,,,,,,,,,,,,,,,,,,,,,,,,,,,,,,,,PTUA2003
367,ROMANENGO019086.0005,CR,ROMANENGO,,019086.0005,via XX Settembre,1561466.875,5025607.5,82.0,,X,3,128.0,131.0,128.0,131.0,,,,,,,,,,,,,,,,,,,,,,,,,,,140.0,,PTUA2003
368,RONCELLO0151860001,MI - MONZA,RONCELLO,CAP,0151860001,S.Ambrogio-serb.,1535790.0,5049790.0,192.99,S.Ambrogio-serb.,X,2,,,,,,,,,,,,,,,,,,,,,,,,,,,,,,,,9.0,PTUA2003
369,RONCO BRIANTINO0151870001,MI,RONCO BRIANTINO,,0151870001, via Mandelli-serb.,1531390.003,5057041.005,249.31,via Mandelli-serb.,,,,,,,,,,,,,,,,,,,,,,,,,,,,,,,,,,,PTUA2003
371,ROSATE0151880001,,ROSATE,,0151880001,,1501271.0,5021782.0,105.59,p.za Vitt.Veneto,,,,,,,,,,,,,,,,,,,,,,,,,,,,,,,,,,,PTUA2003
372,ROVELLASCA3(5),CO,ROVELLASCA,Cons. Lura Ambiente   pozzo 2,3(5),via Dante,1504185.0,5057342.0,247.0,,X,MISTA,,,,,,,,,,,,,,,,,,,,,,,,,,,,,,,,,PTUA2003
373,ROVELLO PORRO017(1bis),CO,ROVELLO PORRO,Cons. Lura Ambiente   pozzo 3,017(1bis),via General Porro,1503100.0,5055090.0,235.0,,X,3,,,,,,,,,,,,,,,,,,,,,,,,,,,,,,,,,PTUA2003
374,ROVERBELLA89,MN,ROVERBELLA,,89,via Giulio Romano 12,1641740.0,5013610.0,36.5,,,1,,,,,,,,,,,,,,,,,,,,,,,,,,,,,,,,,PTUA2003
375,ROZZANO0151890001,,ROZZANO,,0151890001,,1511429.0,5024772.0,103.4,via Matteotti,,,,,,,,,,,,,,,,,,,,,,,,,,,,,,,,,,,PTUA2003
376,SANT'ANGELO LODIGIANO0980500005,LO,SANT'ANGELO LODIGIANO,CAP               ,0980500005,fraz.Ranera,1532041.0,5007048.0,68.25,fraz.Ranera,X,1,,,,,,,,,,,,,,,,,,,,,,,,,,,,,,,,23.0,PTUA2003
379,SAN GIULIANO0151950015,,SAN GIULIANO,,0151950015,,1523855.0,5025495.0,93.5,v.Tolstoy,,,,,,,,,,,,,,,,,,,,,,,,,,,,,,,,,,,PTUA2003
380,SAN ROCCO AL PORTO0980490001,LO,SAN ROCCO AL PORTO,CAP        ,0980490001,via Acquedotto,1554770.0,4992220.0,43.59,via Acquedotto,X,1,,,,,,,,,,,,,,,,,,,,,,,,,,,,,,,,24.0,PTUA2003
382,SABBIONETA91,MN,SABBIONETA,,91,PANGUANETA S.P.A.,1617220.0,4983370.0,23.0,,,,,,,,,,,,,,,,,,,,,,,,,,,,,,,,,,,,PTUA2003
383,SALERANO0981900003,LO,SALERANO,,0981900003,,1530130.0,5015585.0,80.48,,,,,,,,,,,,,,,,,,,,,,,,,,,,,,,,,,,,PTUA2003
384,SAMARATEPO1211800500T0,VA,SAMARATE,,PO1211800500T0,via Mezzomonte - C. Costa,1481085.0,5052910.0,223.7,,X,SUPERF.,,,,,,,,,,,,,,,,,,,,,,,,,,,,,,,,,PTUA2003
385,SAN DONATO0151920005,MI-Città,SAN DONATO,,0151920005,via .A.Moro,1520822.0,5030727.0,103.19,v.A.Moro,,3,,,,,,,,,,,,,,,,,,,,,,,,,,,,,,,,,PTUA2003
387,SAN BASSANO019088.0003,CR,SAN BASSANO,,019088.0003,p.zza Kennedy,1563511.125,5010176.0,58.0,,X,3,130.0,138.0,130.0,138.0,,,,,,,,,,,,,,,,,,,,,,,,,,,204.0,,PTUA2003
388,SAN BENEDETTO PO92,MN,SAN BENEDETTO PO,,92,via Campasso - Portiolo,1646150.0,4989260.0,15.0,,,2,,,,,,,,,,,,,,,,,,,,,,,,,,,,,,,,,PTUA2003
389,SAN BENEDETTO PO93,MN,SAN BENEDETTO PO,,93,via Crociare - Portiolo,1646180.0,4989600.0,16.29999924,,,3,,,,,,,,,,,,,,,,,,,,,,,,,,,,,,,,,PTUA2003
390,SAN COLOMBANO AL LAMBRO0151910009,,SAN COLOMBANO AL LAMBRO,,0151910009,,1539965.0,5001295.0,55.45,Mostiola,,,,,,,,,,,,,,,,,,,,,,,,,,,,,,,,,,,PTUA2003
391,SAN DANIELE PO019089.0002,CR,SAN DANIELE PO,,019089.0002,via XXV Aprile,1592744.125,4990492.5,35.0,,X,3,168.0,180.0,168.0,180.0,,,,,,,,,,,,,,,,,,,,,,,,,,,189.0,,PTUA2003
392,SAN GIACOMO DELLE SEGNATE94,MN,SAN GIACOMO DELLE SEGNATE,,94,piazza Martiri di belfiore 77,1660530.0,4981750.0,16.60000038,,,1,,,,,,,,,,,,,,,,,,,,,,,,,,,,,,,,,PTUA2003
393,SAN GIOVANNI DOSSO96,MN,SAN GIOVANNI DOSSO,,96,Comune,1664380.0,4982600.0,14.0,,X,3,,,,,,,,,,,,,,,,,,,,,,,,,,,,,,,,,PTUA2003
394,SAN GIOVANNI IN CROCE019090.0001,CR,SAN GIOVANNI IN CROCE,,019090.0001,via Busi,1608405.0,4992581.5,26.0,,X,3,,,,,,,,,,,,,,,,,,,,,,,,,,,,,,,,,PTUA2003
395,SAN GIULIANO0151950007,,SAN GIULIANO,,0151950007,,1519358.0,5026813.0,95.41,Maroncelli,,,,,,,,,,,,,,,,,,,,,,,,,,,,,,,,,,,PTUA2003
396,SAN GIULIANO0151950012,,SAN GIULIANO,,0151950012,,1520795.0,5027435.0,99.0,v. Liberazione,,,,,,,,,,,,,,,,,,,,,,,,,,,,,,,,,,,PTUA2003
397,SAN MARTINO IN STRADA0980480003,,SAN MARTINO IN STRADA,,0980480003,,1541478.0,5013387.0,70.16,via F.Aporti-serb.,,,,,,,,,,,,,,,,,,,,,,,,,,,,,,,,,,,PTUA2003
398,SAN MARTINO97,MN,SAN MARTINO,,97,Belletti Guglielmo,1619010.0,4994120.0,26.8,,X,3,154.0,163.0,154.0,163.0,,,,,,,,,,,,,,,,,,,,,,,,,,1993.0,210.0,,PTUA2003
399,SANNAZZARO60,PV,SANNAZZARO,,60,viale Loreto,1492065.0,4994625.0,86.0,,X,3,94.0,142.0,94.0,100.0,106.0,114.0,130.0,142.0,,,,,,,,,,,,,,,,,,,,,,,150.0,,PTUA2003
400,SANTA CRISTINA E BISSONE0181390002,,SANTA CRISTINA E BISSONE,,0181390002,,1531095.0,5000710.0,70.0,via Milano,,,,,,,,,,,,,,,,,,,,,,,,,,,,,,,,,,,PTUA2003
401,SANTA CRISTINA14,PV,SANTA CRISTINA,1,14,via Milano,1531060.0,5000720.0,71.0,,X,2,,,,,,,,,,,,,,,,,,,,,,,,,,,,,,,,,PTUA2003
402,SCANDOLARA RAVARA019092.0004,CR,SCANDOLARA RAVARA,,019092.0004,via Chiesa,1602689.75,4989718.5,30.0,,X,2,68.5,77.5,68.5,77.5,,,,,,,,,,,,,,,,,,,,,,,,,,,81.5,,PTUA2003
403,SEDRIANO0152040003,MI,SEDRIANO,,0152040003, via Fagnani ,1497773.996,5037221.0,144.23,via Fagnani,,,,,,,,,,,,,,,,,,,,,,,,,,,,,,,,,,16.0,PTUA2003
404,SEGRATE0152050007,,SEGRATE,,0152050007,,1521059.0,5038729.0,121.76,Milano 2,,,,,,,,,,,,,,,,,,,,,,,,,,,,,,,,,,,PTUA2003
405,SEGRATE0152050140,MI - Città,SEGRATE,,0152050140,idroscalo,1523056.0,5035094.0,110.72,Idroscalo,X,2,,,,,,,,,,,,,,,,,,,,,,,,,,,,,,,,17.0,PTUA2003
406,SENAGO0152060004,MI - Par.,SENAGO,,0152060004,via Adda,1510325.0,5047249.0,169.78,v. Adda,X,2,,,,,,,,,,,,,,,,,,,,,,,,,,,,,,,,12.0,PTUA2003
407,SENNA0980530003,,SENNA,,0980530003,,1546645.0,4999934.0,47.89,LODIGIANA via Acquedotto,,,,,,,,,,,,,,,,,,,,,,,,,,,,,,,,,,,PTUA2003
408,SERGNANO019094.0004,CR,SERGNANO,,019094.0004,via Vallarsa,1554757.0,5030594.0,85.0,,X,1,,,,,,,,,,,,,,,,,,,,,,,,,,,,,,,,,PTUA2003
409,SESTO C.PO1212000200T0,VA,SESTO C.,,PO1212000200T0,Abbazia S.P.S. Donato,1471395.0,5064270.0,208.22,,X,PROFONDA (valle Ticino),,,,,,,,,,,,,,,,,,,,,,,,,,,,,,,,,PTUA2003
410,SESTO SAN GIOVANNI0152090014,,SESTO SAN GIOVANNI,,0152090014,,1517917.0,5041639.0,114.37,via Marelli,,,,,,,,,,,,,,,,,,,,,,,,,,,,,,,,,,,PTUA2003
411,SESTO SAN GIOVANNI0152090016,MI - MONZA,SESTO SAN GIOVANNI,CAP,0152090016,via Tevere,1520400.0,5044400.0,121.98,via Tevere,,,,,,,,,,,,,,,,,,,,,,,,,,,,,,,,,,13.0,PTUA2003
412,SESTO SAN GIOVANNI0152090017,,SESTO SAN GIOVANNI,,0152090017,,1517310.0,5042250.0,116.29,via Baracca,,,,,,,,,,,,,,,,,,,,,,,,,,,,,,,,,,,PTUA2003
413,SESTO SAN GIOVANNI0152090021,,SESTO SAN GIOVANNI,,0152090021,,1519104.0,5042802.0,117.19,via Italia,,,,,,,,,,,,,,,,,,,,,,,,,,,,,,,,,,,PTUA2003
414,SETTALA0152100004,MI - Città,SETTALA,,0152100004,depuratore,1530907.0,5030968.0,98.83,depuratore,X,1,,,,,,,,,,,,,,,,,,,,,,,,,,,,,,,,17.0,PTUA2003
415,SETTIMO MILANESE0152110005,MI - Par.,SETTIMO MILANESE,,0152110005,via Fermi,1505114.0,5036454.0,132.82,v.Fermi,,2,,,,,,,,,,,,,,,,,,,,,,,,,,,,,,,,16.0,PTUA2003
416,SOLARO0152130001,,SOLARO,,0152130001,,1505849.0,5051473.0,211.36,v. Drizza,,,,,,,,,,,,,,,,,,,,,,,,,,,,,,,,,,,PTUA2003
417,SOLARO0152130021,MI - Par.,SOLARO,,0152130021,via  S.Paolo,1506736.0,5051480.0,208.0,v. S.Paolo,X,3,,,,,,,,,,,,,,,,,,,,,,,,,,,,,,,,7.0,PTUA2003
418,SOVICO0152160005,,SOVICO,,0152160005,,1520190.0,5054875.0,174.26,Beta spa-via Volta,,,,,,,,,,,,,,,,,,,,,,,,,,,,,,,,,,,PTUA2003
419,SPESSA0181520001,,SPESSA,,0181520001,,1527070.0,4997630.0,68.5,via delle Betulle,,,,,,,,,,,,,,,,,,,,,,,,,,,,,,,,,,,PTUA2003
420,SPINEDA019101.0002,CR,SPINEDA,,019101.0002,via Circonvallazione,1619319.75,4990670.0,24.0,,X,3,,,,,,,,,,,,,,,,,,,,,,,,,,,,,,,,,PTUA2003
421,STELVIOPO014026OU0001,SO,STELVIO,pozzo 98,PO014026OU0001,DELEBIO - via Stelvio 139 ,1536281.0,5109556.0,219.878,,X,1,,,,,,,,,,,,,,,,,,,,,,,,,,,,,,,,,PTUA2003
422,SUISIO0162091633,BG,SUISIO,Olmi S.p.a,0162091633,"viale Europa, 25",1539574.0,5055804.0,230.6,,X,2,,,,,,,,,,,,,,,,,,,,,,,,,,,70.0,83.0,6.0,1967.0,112.0,,PTUA2003
423,SULBIATE0152170007,,SULBIATE,,0152170007,,1533555.0,5053640.0,230.2,4 novembre,,,,,,,,,,,,,,,,,,,,,,,,,,,,,,,,,,,PTUA2003
424,TERNO D'ISOLA0162130228,BG,TERNO D'ISOLA,F.B.M.  Hudson Italiana S.p.a.,0162130228,"via Valtrighe, 5",1541227.0,5059580.0,233.4,,X,MISTA 1/2,30.0,120.0,30.0,34.0,38.0,42.0,46.0,50.0,68.0,72.0,78.0,84.0,90.0,96.0,102.0,108.0,114.0,120.0,,,,,,,,,65.0,96.0,,1975.0,178.0,,PTUA2003
425,TORNATA019106.0003,CR,TORNATA,,019106.0003,via della Pace,1612703.125,4995678.0,29.0,,X,3,91.5,109.0,91.5,109.0,,,,,,,,,,,,,,,,,,,,,,,,,,,158.0,,PTUA2003
426,TORRAZZA COSTE22,PV,TORRAZZA COSTE,,22,S. Giorgio,1505680.0,4980505.0,116.0,,X,1,,,,,,,,,,,,,,,,,,,,,,,,,,,,,,,,,PTUA2003
427,TORRAZZA22,PV,TORRAZZA,COSTE,22,S. Giorgio,1505680.0,4980505.0,116.0,,X,1.0,,,,,,,,,,,,,,,,,,,,,,,,,,,,,,,,,PTUA2003
428,TREVIGLIO0162190302,BG,TREVIGLIO,SAME Deutz Fahr Group S.p.a.,0162190302,"viale Cassani, 15",1545466.0,5041662.0,127.6,,X,2,33.0,48.0,33.0,42.0,44.0,48.0,,,,,,,,,,,,,,,,,,,,,6.6,7.0,30.0,1960.0,67.0,,PTUA2003
430,TREZZANO SUL NAVIGLIO0152210001,MI - Par.,TREZZANO SUL NAVIGLIO,,0152210001,via Edison,1505043.0,5029703.0,113.21,via Visconti,X,1,,,,,,,,,,,,,,,,,,,,,,,,,,,,,,,,19.0,PTUA2003
431,TREZZO SULL'ADDA0152210001,MI - Par.,TREZZO SULL'ADDA,,0152210001,,1540543.0,5051091.0,141.68,via Visconti,X,1.0,,,,,,,,,,,,,,,,,,,,,,,,,,,,,,,,19.0,PTUA2003
432,TREZZANO SUL NAVIGLIO0152200001,,TREZZANO SUL NAVIGLIO,,0152200001,,1504740.0,5029600.0,113.21,via Edison,,,,,,,,,,,,,,,,,,,,,,,,,,,,,,,,,,,PTUA2003
433,TRIBIANO0152220001,,TRIBIANO,,0152220001,,1528826.0,5027968.0,94.78,Puccini,,,,,,,,,,,,,,,,,,,,,,,,,,,,,,,,,,,PTUA2003
434,TRIUGGIO0152230007,,TRIUGGIO,,0152230007,,1521240.0,5055620.0,181.37,via Kennedy,,,,,,,,,,,,,,,,,,,,,,,,,,,,,,,,,,,PTUA2003
435,TROMELLO61,PV,TROMELLO,ASM - 1,61,Castellaro,1477165.0,4991375.0,92.0,,,,,,,,,,,,,,,,,,,,,,,,,,,,,,,,,,,,PTUA2003
436,TUFPO014066NR0001,SO,TUF,pozzo 3,PO014066NR0001,TIRANO - Loc. frutteto Tuf,1589667.0,5117945.0,422.185,,X,1,,,,,,,,,,,,,,,,,,,,,,,,,,,,,,,,,PTUA2003
437,TURANO LODIGIANO0980580002,,TURANO LODIGIANO,,0980580002,,1548759.0,5010831.0,59.95,via 25 Aprile,,,,,,,,,,,,,,,,,,,,,,,,,,,,,,,,,,,PTUA2003
438,TURATE2(3),CO,TURATE,Comune   pozzo 6,2(3),C.I.E. n.2,1501039.0,5054988.0,240.0,,X,2,,,,,,,,,,,,,,,,,,,,,,,,,,,,,,,,,PTUA2003
439,URGNANO0162220004,BG,URGNANO,Amministrazione Comunale,0162220004,via dei Gasgnoli,1553309.0,5049721.0,169.8,,X,3,134.8,245.75,134.8,137.8,143.0,147.5,153.5,156.5,194.0,200.0,205.5,207.0,221.0,225.5,231.0,235.6,238.6,245.75,,,,,,,,,,,,1991.0,252.0,,PTUA2003
440,USMATE VELATEPC15227001,LC,USMATE VELATE,,PC15227001,VALAPERTA1,1527651.0,5056898.0,239.5,,X,2,,,,,,,,,,,,,,,,,,,,,,,,,,,,,,,,,PTUA2003
441,VAILATE019112.0003,CR,VAILATE,,019112.0003,via Carducci,1547462.5,5034885.0,102.0,,X,2,,,,,,,,,,,,,,,,,,,,,,,,,,,,,,,,,PTUA2003
442,VALERA FRATTA0980590001,,VALERA FRATTA,,0980590001,,1526403.0,5011526.0,72.35,serb.scuola materna,,,,,,,,,,,,,,,,,,,,,,,,,,,,,,,,,,,PTUA2003
443,VALERIANAPO014061OU0001,SO,VALERIANA,pozzo Campo Coni,PO014061OU0001,SONDRIO - via Valeriana ,1565898.0,5113030.0,286.628,,X,2,,,,,,,,,,,,,,,,,,,,,,,,,,,,,,,,,PTUA2003
444,VALLE LOMELLINA43,PV,VALLE LOMELLINA,1,43,,1473630.0,4999300.0,101.7,,X,3,112.0,137.0,112.0,117.0,122.0,137.0,,,,,,,,,,,,,,,,,,,,,,,,,130.0,,PTUA2003
445,VALLE SALIMBENE0181690010,,VALLE SALIMBENE,,0181690010,,1517310.0,5000450.0,64.1,C.na Moncucca,,,,,,,,,,,,,,,,,,,,,,,,,,,,,,,,,,,PTUA2003
446,VANZAGHELLO0152490002,,VANZAGHELLO,,0152490002,,1483170.0,5047350.0,164.42,via Roma II,,,,,,,,,,,,,,,,,,,,,,,,,,,,,,,,,,,PTUA2003
447,VANZAGHELLO0152490004,MI - Par.,VANZAGHELLO,,0152490004,c.na Fogna,1482365.0,5046716.0,191.5,C.La Fogna,X,3,,,,,,,,,,,,,,,,,,,,,,,,,,,,,,,,,PTUA2003
448,VANZAGHELLO0152490020,MI - Par.,VANZAGHELLO,,0152490020,c.na Fogna,1482365.0,5046716.0,191.5,C.La Fogna piez,X,1,,,,,,,,,,,,,,,,,,,,,,,,,,,,,,,,,PTUA2003
449,VAPRIO D'ADDA0152300003,,VAPRIO D'ADDA,,0152300003,,1540700.0,5046980.0,129.08,via Pozzo-serb.,,,,,,,,,,,,,,,,,,,,,,,,,,,,,,,,,,,PTUA2003
450,VENEGONO I.PO1213600100T0,VA,VENEGONO I.,,PO1213600100T0,via Sordelli 1,1492370.0,5064980.0,323.5,,X,MISTA,,,,,,,,,,,,,,,,,,,,,,,,,,,,,,,,,PTUA2003
451,VERANO BRIANZA0152340016,,VERANO BRIANZA,,0152340016,,1518620.0,5059065.0,183.11,via Sabbionette,,,,,,,,,,,,,,,,,,,,,,,,,,,,,,,,,,,PTUA2003
452,VERDERIO SUPERIORE (**)PI097088101,LC,VERDERIO SUPERIORE (**),,PI097088101,GAVAZZI,1535595.0,5057015.0,250.84,,,,,,,,,,,,,,,,,,,,,,,,,,,,,,,,,,,,PTUA2003
453,VERDERIO SUPERIOREPC09788001,LC,VERDERIO SUPERIORE,,PC09788001,SAN CARLO - via San Carlo,1533927.0,5057534.0,248.0,,X, 2/3,,,,,,,,,,,,,,,,,,,,,,,,,,,,,,,,,PTUA2003
454,VERMEZZO0152350001,MI - Par.,VERMEZZO,,0152350001,via Dante,1498615.0,5026490.0,113.52,via Dante,X,2,,,,,,,,,,,,,,,,,,,,,,,,,,,,,,,,19.0,PTUA2003
455,VERNATE0152360003,MI - Città,VERNATE,,0152360003,Pasturago,1506074.0,5019419.0,100.79,Pasturago,X,2,,,,,,,,,,,,,,,,,,,,,,,,,,,,,,,,17.0,PTUA2003
456,VIADANA105,MN,VIADANA,,105,v.le Lombardia 33,1619120.0,4976220.0,25.0,,,2,,,,,,,,,,,,,,,,,,,,,,,,,,,,,,,,,PTUA2003
458,VIGEVANO50,PV,VIGEVANO,20,50,via S. Maria,1488935.0,5017060.0,103.0,,X,1,30.0,42.0,30.0,42.0,,,,,,,,,,,,,,,,,,,,,,,,,,,55.0,,PTUA2003
459,VIGNATE0152370002,MI,VIGNATE,,0152370002,via Marconi ,1529485.0,5038157.0,117.5,,,,,,,,,,,,,,,,,,,,,,,,,,,,,,,,,,,,PTUA2003
460,VILLANTERIO0181800003,,VILLANTERIO,,0181800003,,1526970.0,5009965.0,77.0,fraz.Bolognola,,,,,,,,,,,,,,,,,,,,,,,,,,,,,,,,,,,PTUA2003
461,VIMERCATE0152410041,MI - MONZA,VIMERCATE,CAP,0152410041,IBM pozzo E,1528045.0,5053045.0,180.79,IBM pozzo E,,,,,,,,,,,,,,,,,,,,,,,,,,,,,,,,,,9.0,PTUA2003
462,VIMODRONE0152420041,,VIMODRONE,,0152420041,,1521660.0,5039578.0,114.2,FEM v.La Torre,,,,,,,,,,,,,,,,,,,,,,,,,,,,,,,,,,,PTUA2003
