PROV,COMUNE - DENOMINAZIONE,CODICE,LOCALITA',X,Y,Q,NOTE,STRAT.,FALDA,PUBBLICO,gen-01,feb-01,mar-01,apr-01,mag-01,giu-01,lug-01,ago-01,set-01,ott-01,nov-01,dic-01,gen-02,feb-02,mar-02,apr-02,mag-02,giu-02,lug-02,ago-02,set-02,ott-02,nov-02,dic-02
BG,BERGAMO - N. Istit. Ital. d' Arti Grafiche S.p.a.,160240273,via Zanica,1552436,5057637,231.4,,X,,,,,,,175.25,177.18,176.61,177.2,176.24,177.05,176.15,175.87,174.86,174.98,173.48,,175.98,176.23,176.62,177.27,176.45,,,
BG,BOLGARE - Lartigianabottoni S.p.a.,160281385,"via Papa Giovanni XXIII, 26",1563060,5053915,199,,X,2,,,,,,162.25,162,,,,161.3,160.56,159.5,157.53,157.66,158.37,,161.37,162.4,163.72,164.33,163.68,,,
BG,BREMBATE - Beiersdorf S.p.a.,160370011,"via dei Murari, 7",1542716,5050800,181,,X,3,,,,,,145.14,145.27,145.43,,144.95,144.64,144.07,143.77,143.36,143.34,143.15,,144.43,144.5,144.97,144.88,140.4,,,
BG,CARAVAGGIO - Amministrazione Comunale,160530002,via Zelioli,1550077,5039136,114.6,,,,,,,,,109.71,109.91,110.6,111.29,111.01,110.6,110.09,109.79,109.15,109.14,108.75,,109.17,109.3,110.53,110.94,110.62,,,
BG,CHIGNOLO D'ISOLA - Bergum Impianti / Flag,160722490,"via Industriale, 1",1541538,5057511,214.9,,X,1,,,,,,180.27,179.38,178.69,178.07,177.92,178.15,178.73,177.72,177.02,181.05,179.64,,181.44,180.4,180.8,179.74,180.42,,,
BG,CIVIDATE AL PIANO - Acciaieria di Cividate S.p.a. ,160731283,Loc. Motta Alta,1565706,5042165,131.2,,X,,,,,,,190.91,191.72,192.33,191.57,189.66,188.82,187.15,185.77,120.9,120.9,120.83,,121.84,121.9,122.43,122.5,122.06,,,
BG,DALMINE - Amministrazione Comunale,160910003,via Fiume Adda,1546509,5056225,211.8,,,3,,,,,,213.51,213.69,214.31,215.27,213.57,214.18,211.79,212.47,163.35,164.78,165.12,,169.85,169.71,171.23,170.99,170.18,,,
BG,GORLE - Tintex S.p.a.,161150118,"via Celadina, 2",1555493,5060225,261.5,,X,2,,,,,,,,,,,,,,211.02,211.27,211.54,,214.42,214.64,215.35,215.48,214.35,,,
BG,GRASSOBBIO - Cava delle Capannelle S.r.l.,161170112,"via Capannelle, 19",1557640,5053380,195.1,,X,2,,,,,,161.12,162.15,163.36,162.89,161.5,160.76,159.73,158.07,156.8,155.67,156.08,,159.88,161.02,162.63,163.19,162.13,,,
BG,ISSO - Boieri Luigi-Clariant S.p.a. (Archimica),161220512-161220144,C.na Secchi-S.S. 11 - Padana Superiore,1557501,5036628,104.6,,,,,,,,,103.15,,,102.2,102.2,102.21,102.21,102.21,101,101.36,101.05,,101.36,101.16,101.3,101.31,101.33,,,
BG,LEVATE - Acquedotto Pianura Bergamasca,161260105,"via per Levate, 40 - Osio Sotto ",1548179,5052042,180.9,,X,3,,,,,,156.21,156.72,157.1,157.17,156.29,155.7,154.35,153.7,152.47,151.71,151.82,,153.65,154.02,156.06,156.65,156.1,,,
BG,MARTINENGO - Stamperia di Martinengo S.r.l.,161330158,"via Pinetti, 44",1559095,5046594,150.7,,,2,,,,,,147.05,146.76,147.12,147.18,147.19,147,146.75,147.39,146.33,146.22,146.35,,147.04,147.06,147.33,147.55,147.39,,,
BG,MISANO GERA D'ADDA - Amministrazione Comunale,161350001,via Garibaldi,1548577,5035708,104.1,,X,2,,,,,,101.47,101.68,102.01,102.26,101.82,101.47,101.18,100.98,100.69,100.88,100.5,,101.63,101.85,102.26,102.09,101.69,,,
BG,PAGAZZANO - Arrigoni S.p.a.,161540946,"via Morengo, 31",1552647,5042405,124.1,,,,,,,,,119.62,119.62,120.27,121.3,121.1,120.62,120.29,119.7,118.78,118.69,118.15,,118.2,,120.12,120.8,120.59,,,
BG,PALOSCO - Comarmi S.n.c.,161573378,"Via Bergamo, 1",1564618,5049592,160,,,,,,,,,151.38,150.44,150.53,,150.3,150.64,149.87,149.24,,,,,,,,,,,,
BG,PALOSCO - Valtulini Giacomo,161573380,C.na Gritti,1564511,5046783,149.2,,X,,,,,,,,,,,,,,,136.95,134.74,134.85,,136.55,136.61,137.53,137.85,137.37,,,
BG,PONTE S. PIETRO - Amministrazione Comunale,161700003,via Moioli,1545759,5060572,225.2,,,,,,,,,,,,,,,,,203.46,204.7,204.35,,206.6,205.01,205.74,205.83,206.19,,,
BG,PONTE S. PIETRO - Amministrazione Comunale,161700005,Via Papa Giovanni XXIII,1545242,5060590,239.2,,,,,,,,,209.55,208.31,208.08,207.67,207.98,208.94,207.8,207.15,,,,,,,,,,,,
BG,PUMENENGO - Amministrazione Comunale,161770001,"viale Europa, 9",1567778,5036490,110.4,,,,,,,,,100.22,101.73,101.91,102.1,100.88,100.2,100,99.9,99.28,99.25,99.1,,100.91,101.37,101.39,100.99,100.36,,,
BG,SUISIO - Olmi S.p.a,162091633,"viale Europa, 25",1539574,5055804,230.6,,X,2,,,,,,160.77,159.93,160.85,160.09,160.6,159.6,157.8,157.6,157.55,156.74,157.38,,158.9,159.28,160.84,160.85,160.53,,,
BG,TERNO D'ISOLA - F.B.M.  Hudson Italiana S.p.a.,162130228,"via Valtrighe, 5",1541227,5059580,233.4,,X,,,,,,,,,,,193.85,194.16,194,193.91,157.97,157.35,157.86,,,,,,,,,
BG,TREVIGLIO - SAME Deutz Fahr Group S.p.a.,162190302,"viale Cassani, 15",1545466,5041662,127.6,,X,2,,,,,,115.5,118.76,119.49,119.96,118.53,117.16,116.03,115.5,114.78,114.27,113.95,,115.4,116.7,118.83,118.79,117.56,,,
BG,URGNANO - Amministrazione Comunale,162220004,via dei Gasgnoli,1553309,5049721,169.8,,X,3,,,,,,156.08,156.56,157.64,157.93,157.3,156.26,155.42,154.53,153.34,151.99,151.76,,153.04,154.6,156.35,157.42,156.8,,,
BS,ALFIANELLO - ASM,2,BREDA MATTINA,1590940,5013084,53.2,,,,,,,,,43.8,,,,,,,,,,,,,,,,,,,
BS,ACQUAFREDDA - ASM,3,VIA 1 MAGGIO,1610842,5018188,56.2,,,,,,,,,53.1,,,,,,,,,,,,,,,,,,,
BS,AZZANO MELLA - ARPA,4,C.na bonifica Nuova,1586806,5037145,101,,,1,,,,,,,98.42,,98.67,,,,,,,98.35,,98.5,,,98.36,98.42,98.2,,
BS,BAGNOLO MELLA - ASM,5,via Montegrappa,1593133,5030861,86,,,1,,,,,,83,,82.8,83.66,,,,,,80.75,82,81.7,,81.6,81.6,,,,,
BS,BAGNOLO MELLA - ASM,6,Pedrocca,1592295,5031974,89.02,,,2,,,,,,85.37,85.52,85.52,86.42,,,,,85.13,85.13,85.03,85.03,,85.08,85.13,85.13,,,,
BS,BEDIZZOLE - ASM,7,Bettoletto,1609377,5040733,149.9,,,2,,,,,,126.7,127.4,,128.6,,,,,125.4,124.3,124.5,125.3,127.5,126.9,129.2,129.6,127.9,,,
BS,BRESCIA - ASM,8,via Brianze,1596060,5046080,164.9,,X,2,,,,,,135.2,127.9,124.5,,,,,,,,,,,,,119.3,,,,
BS,CARPENEDOLO - ARPA,9,P. LAMETTA VIA ERCOLIANI,1612731,5025701,80.3,,,,,,,,,,77.92,,78.83,,,,,,,,,,,,,,,,
BS,CASTREZZATO - COGEME,10,via F.lli Cervi,1576452,5040679,129.5,,X,2,,,,,,,114.78,,,,,,,,,111.88,111.37,111.94,113.28,114.99,116.41,,,,
BS,CAZZAGO SAN MARTINO - COGEME,11,CALINO NUOVO,1580306,5049766,195,,,,,,,,,,112.84,,,,,,,,,,,,,,,,,,
BS,COLOGNE - ARPA,12,VIA BRESCIA,1573702,5047379,173.8,,,,,,,,,,,,133.37,,,,,,,,,,,,,,,,
BS,COMEZZANO-CIZZAGO - COGEME,13,Pozzo centro Cizzago,1574308,5035632,106.5,,X,1,,,,,,,104.51,,,,,,,,,104.23,103.97,104.46,104.26,104.88,105.34,,,,
BS,GAMBARA - ASM,15,via Fiesse,1603746,5011956,47.7,,,2,,,,,,42.5,,,,,,,,40.28,40.3,40.3,40.3,,40.3,39.5,41.7,,,,
BS,GHEDI - ARPA,16,VIA CARAVAGGIO,1600058,5027965,80.5,,,,,,,,,,78.31,,,,,,,,,,,,,,,,,,
BS,ISORELLA - ASM,17,P.ZA IV NOVEMBRE,1604050,5018573,57,,,,,,,,,54.07,,,,,,,,,,,,,,,,,,,
BS,LENO - ARPA,18,VIA VIGANOVO 2,1596681,5025535,70.25,,,,,,,,,,,69.97,,,,,,,,,,,,,,,,,
BS,LONATO - ASM,19,Fenil Nuovo,1615024,5035985,159.5,,,2,,,,,,89.95,89.75,90.95,91.85,,,,,89.43,,87.7,86.4,87.79,88.09,89.4,91.35,91.7,,,
BS,LONATO - ASM,20,MADONNA DELLA SCOPERTA-NUOVO,1623515,5028075,104.57,,,,,,,,,66.17,60.67,60.07,60.87,,,,,,,,,,,,,,,,
BS,MONTICHIARI - ASM,21,Vighizzolo Nuovo,1606945,5033055,120.5,,,2,,,,,,93.9,94,94.6,95.1,,,,,88.8,88.1,87.5,87.4,88.4,89,90,91.8,92,,,
BS,MONTIRONE - ASM,23,via Mercanti,1596004,5033224,100.8,,,1,,,,,,94,92.8,92.7,92.8,,,,,93.2,93.3,92.7,92.4,92.85,92,92.05,93.6,93.97,,,
BS,NAVE - ASM,24,Prada,1598442,5048284,206,,,2,,,,,,180.87,180.32,179.17,,,,,,172.07,,,178.52,176.82,176.79,175.87,175.88,174.62,174.47,,
BS,OFFLAGA - ASM,25,Cignano,1586697,5025513,73,,,2,,,,,,67.45,63.4,,65.55,,,,,,67.46,,,,65.48,,67.4,67.62,,,
BS,PAVONE DEL MELLA - ASM,26,VIA GIOVANNI XXIII,1594740,5016924,54,,,,,,,,,47.8,,,,,,,,,,,,,,,,,,,
BS,POMPIANO - COGEME,28,via Noce,1577244,5031736,93.7,,,1,,,,,,,86.95,,,,,,,,,89.24,89.26,89.57,87.47,88.17,89.29,,,,
BS,PROVAGLIO D'ISEO - COGEME,29,Pozzo Nuovo,1580523,5053088,208,,X,3,,,,,,,116.4,,,,,,,,,113.68,113.19,112.68,112.45,112.92,114.03,,,,
BS,REMEDELLO - ARPA,30,VIA L. DA VINCI (REMEDELLO SOPRA),1607659,5014579,45.5,,,,,,,,,,45.22,,,,,,,,,,,,,,,,,,
BS,REZZATO - ASM,31,via Gardesana - Treponti,1604156,5040364,148,,,2,,,,,,119.35,120.19,,122.68,,,,,,,,,,118.63,,121.17,120.88,,,
BS,RODENGO-SAIANO - ASM,32,Santa di Padergnone,1586957,5049659,172.4,,,2,,,,,,115.9,,,,,,,,115.01,114.18,113.66,,112.91,112.51,112.51,114.21,113.91,,,
BS,TRAVAGLIATO - ASM,33,mulini via Valverde,1584265,5042055,132.5,,,2,,,,,,114.24,114.34,,115.82,,,,,,,112.5,,,112.25,,115.12,114.94,,,
BS,URAGO D'OGLIO - COGEME,34,via Castelcovati,1568653,5040167,131,,X,2,,,,,,,117.24,,,,,,,,,114.68,,115.39,116.54,117.54,117.92,,,,
BS,VEROLAVECCHIA - COGEME,35,Vill. Paolo VI,1582350,5019890,64,,X,3,,,,,,,,,,,,,,,,54.56,52.62,,50.61,50.38,49.17,,,,
BS,VILLA CARCINA - ARPA,36,via dei Cairoli,1593295,5053355,232.5,,,2,,,,,,224.6,,,,,,,,,,215.19,216.3,221.02,221.26,220.46,,218.2,,,
BS,MONTICHIARI - ASM,45,Loc. Ro',1606700,5031100,104.85,,X,,,,,,,89.6,90,90,90.15,,,,,85.3,84.7,84.1,84.2,85.1,85.3,86.1,87.8,88,,,
BS,LONATO - ASM,47,Centenaro,1621050,5031077,103.1,,X,,,,,,,64.7,59.2,58.6,59.4,,,,,64.62,,63.81,63.43,63.07,60.45,59.35,63.8,65.06,,,
BS,CAZZAGO SAN MARTINO - COGEME,48,Valle Bornato,1580570,5049919,196.65,,X,,,,,,,,,,,,,,,,,114.93,114.34,114.33,114.46,115.39,116.8,,,,
CO,MOZZATE - Aqua Seprio spa - pozzo 4,1 (2),via Libertà,1495999,5058550,262.6,,X,2,,,,,,,,,,224.3,223.7,224,224.6,,225.9,226,226,226.1,,,226.8,226.6,,,
CO,CARBONATE -Acqua Serpio spa,1,via Giovanni XXIII,,,186,,,,,,,,,,,,,,224.1,223.9,224,,,,,,,,,,,,
CO,APPIANO GENTILE - Comune,7,Via Mazzini,1498475,5064290,352,,,2,,,,,,,,,,,,262.7,263.86,,,,,,,,,,,,
CO,TURATE - Comune - pozzo 6,2(3),C.I.E. n.2,1501039,5054988,240,,X,2,,,,,,,,,,188.85,,195.4,195.4,,,192.41,192.41,192.34,192.31,192.78,193.06,193.16,,,
CO,ROVELLASCA - Cons. Lura Ambiente - pozzo 2,3(5),via Dante,1504185,5057342,247,,X,MISTA,,,,,,,,,,198.5,197.9,,,,197.9,197.5,197.2,197.1,,,,,,,
CO,FENEGRO' - Antiga Spa - pozzo 2,4(6),Via Trento,1500090,5061970,305,,X,2,,,,,,,,,,252.5,,251.9,251.65,,250.92,250.78,250.76,251.07,251.6,251.67,251.63,251.6,,,
CO,LIMIDO COMASCO - Antiga Spa - pozzo 2,5,via Vicolo Scalini,1498324,5059851,280,,X,2,,,,,,,,,,,,,,,230.06,230.05,229.81,229.82,230.01,229.97,229.79,229.93,,,
CO,BULGAROGRASSO- Az. Colline Comasche-pozzo 1,6(8),via Montichiari,1500420,5065600,327,,X,2,,,,,,,,,,274,,273.8,,,284.7,284.71,284.2,286.69,286.95,285.32,***,***,,,
CO,BREGNANO - Cons. Lura Ambiente - pozzo 6,7(9),loc. Puginate,1503775,5061925,285,,X,2,,,,,,,227.8,,,229.2,229.2,,,,228.5,228.6,228.4,228.4,,,,,,,
CO,FINO MORNASCO - Az.Colline Comasche - pozzo 2,8(10),Cascina Pazzea,1504625,5065990,299,,X,2,,,,,,,285.6,,,284,284.6,284.3,285.14,,282.63,283.69,284,286.43,286.03,285.41,284.45,284.37,,,
CO,CARIMATE - Canturina Servizi spa - pozzo 2,9(12),Valle Serenza,1508600,5060822,244,,x,2,,,,,,,209.2,,,214.05,208.5,208.2,207.82,,,,,206.68,205.85,,206.75,,,,
CO,CANTU' - p. Asnago 4- Canturina Servizi spa,13,Asnago,,,260,,,,,,,,,,227.7,,,229.9,228.7,228.5,227.61,,,,,,,,,,,,
CO,CANTU' - Canturina Servizi spa - pozzo S. Antonino,10 (14),Cascna S.Antonino,1509350,5065650,305,,X,2,,,,,,,,,,224.2,224.6,225.1,224.96,,224.07,224.31,,224.62,224.22,,224.26,,,,
CO,BRENNA - Soc. Pragma Spa - pozzo 3,11(15),Loc. Pozzolo,1514972,5064371,342,,X,2,,,,,,,287.3,,,286,286,285.8,285.15,,278.3,,,,284.75,,,,,,
CO,CABIATE - S.E.T. srl - pozzo 1,12(17),via Buozzi,1514195,5057470,237,,X,2,,,,,,,,,,,207,207,205.95,,205.2,,,,204.6,,,,,,
CO,BINAGO - Comune - pozzo Acacie 3,13(19),via delle Acacie,1492848,5069930,373,,X,2,,,,,,,,,,361.2,,361,361,,361.82,362.44,363.98,363.86,363.04,362.84,362.44,363.19,,,
CO,OLGIATE COMASCO - Comune,20,via Repubblica,1498015,5068805,398,,,,,,,,,,,,,,,,,,,,,,,,,,,,
CO,OLTRONA DI SAN MAMETTE - Az. Colline Comasche,14(21),Margè,1497860,5067095,373,,X,2,,,,,,,,,,310.7,,309.7,309.7,,308.47,308.3,308.32,309.85,310.17,310.2,310.07,xxx,,,
CO,CAPIAGO INTIMIANO-Az.Colline Com.-pozzo Guastone 1,15 (22),Via Roma,1510495,5068940,420,,X,2,,,,,,,,,,416.9,,418.8,418.8,,419.35,419.28,418.95,419.55,419.35,418.83,419,419.27,,,
CO,LURAGO D'ERBA - Soc. Pragma Spa,16(23),Pioppete,1518210,5067545,320,,X,2,,,,,,,,,,295.2,,295.2,295.2,,,,,,,,,,,,
CO,ROVELLO PORRO - Consorzio Lura Ambiente spa,4,Via don Ballabio,1503030,5056525,245,,,,,,,,,,190.12,,,,190.3,,,,,,,,,,,,,,
CO,ROVELLO PORRO - Cons. Lura Ambiente - pozzo 3,17(1bis),via General Porro,1503100,5055090,235,,X,3,,,,,,,,,,186.8,186.7,,,,187,,185.2,185.1,185.1,,,,,,
CO,CERMENATE - Consorzio Lura Ambiente spa,11,Via I Maggio,1505880,5060468,285,,,,,,,,,,,,,200.1,199.6,,,,,,,,,,,,,,
CO,CERMENATE - Cons. Lura ambiente - pozzo 2,18(2bis),via Petrarca,1506475,5061530,305,,X, 2/3,,,,,,,,,,216.8,217,,,,216.6,,216.6,216.8,216.7,,,,,,
CO,NOVEDRATE - Comune - pozzo 3,19(3bis),Villaggio Veneto - 1,1511046,5060448,282,,X,3,,,,,,,,,,200.48,,201.6,200.08,,207.22,206.22,203.22,201.22,207.22,207.72,201.22,199.22,,,
CO,INVERIGO - Comune,18,C.na Rocchina,1517738,5065790,322,,,,,,,,,,,,,,,292.1,291.5,,,,,,,,,,,,
CO,FIGINO SERENZA - soc. Pragma spa,4 bis,Loc Campaccio,1510815,5061625,300,,,,,,,,,,,,,,,,,,,,,,,,,,,,
CO,MARIANO COMENSE - Pragma S.P.A,5 bis,Via S. D'Acquisto,1514310,5060568,255,,,,,,,,,,,204,,204.5,204.4,204.1,204.1,,,,,,,,,,,,
CO,MARIANO COMENSE - Pozzo 3 - Pragma S.P.A,16,Via per Novedrate,1513175,5061640,289,,,,,,,,,,257.5,,,255.4,255,255,,,,,,,,,,,,,
CO,MARIANO COMENSE -Soc. Pragma S.P.A - Trotti Grande,20,Via S. d'Acquisto,1514310,5060568,255,,X,3,,,,,,,,,,,,,,,204.4,,,,,,,,,,
CR,ANNICCO,19003.0005,via A. da Brescia,1569250.375,5010522,60,,X,2,,,,,,,,,,,46.3,46.36,46.21,,,46.09,,,,,,,,,
CR,CAPPELLA DE' PICENARDI,19014.0001,via Cavour,1596934,5001321,42,,X,3,,,,,,,,,,,,,,,,34.76,,,,,,,,,
CR,CASALETTO VAPRIO,19020.0001,via Don Gnocchi,1549003,5028336,86,,X,3,,,,,,,,,,,84.22,84.12,84.06,83.96,83.99,83.82,83.77,84.12,84.1,,,,,,
CR,CASALMAGGIORE 8,19021.0008,Vicomoscano,1613736.375,4981155.5,26,,X,2,,,,,,,,,,,20.21,20.37,20.43,,,20.53,,,,,,,,,
CR,CHIEVE,19029.0001,via Zaninelli,1548491.25,5021128.5,78,,X,3,,,,,,,,,,,70.74,70.72,70.54,,,70.33,,,,,,,,,
CR,CINGIA DE' BOTTI,19031.0003,via Pievetta,1600202,4993266.5,30,,X,3,,,,,,,,,,,27.02,26.77,26.78,,,26.69,,,,,,,,,
CR,FIESCO,19043.0003,via F. Noli,1561257.5,5020927,72,,X,3,,,,,,,,,,,61.83,61.77,61.63,61.54,61.71,61.52,61.42,61.57,61.52,,,,,,
CR,GRONTARDO,19050.0002,Fraz. Levata,1589592,5006001,47,,X,3,,,,,,,,,,,35.72,35.85,35.88,,,35.72,,,,,,,,,
CR,GUSSOLA,19052.0004,via Bergamonti,1606756,4984844,26,,X,2,,,,,,,,,,,21.74,21.76,21.72,,,22.07,,,,,,,,,
CR,ISOLA DOVARESE,19053.0002,via Fornace,1602524.875,5002716,38,,X,3,,,,,,,,,,,32.11,32.17,32.13,31.73,31.99,32.07,31.94,32.27,32.37,,,,,,
CR,IZANO,19054.0003,via Zanesa,1558392.375,5022772,77,,X,3,,,,,,,,,,,68.31,68.2,68.15,,,67.86,,,,,,,,,
CR,MADIGNANO,19055.0002,via Dante,1556531.875,5021341,72,,X,3,,,,,,,,,,,68.61,68.55,68.41,,,68.44,,,,,,,,,
CR,MALAGNINO,19056.0003,via Stazione,1587474.25,4998750,40,,X,2,,,,,,,,,,,30.42,30.37,30.27,,,30.14,,,,,,,,,
CR,OFFANENGO,19062.0005,via Dante,1557924.5,5025552,81,,X,1,,,,,,,,,,,75.98,76.14,75.59,,,75.65,,,,,,,,,
CR,PESCAROLO 3,19069.0003,Loc. Palestra,1593492,5005268.5,45,,X,3,,,,,,,,,,,,,,,,,,,,,,,,,
CR,Pescarolo 4,,Loc. Palestra,1593527.875,5005190.5,45,,,,,,,,,,,,,,34.06,34.16,33.96,,,,,,,,,,,,
CR,PIADENA,19071.0003,via Bassa,1607835.25,4998399.5,34,,X,3,,,,,,,,,,,34,34,34,34.51,34.51,34.51,34.51,34.51,34.51,,,,,,
CR,PIZZIGHETTONE,19076.0006,via Stadio,1562536.875,5004476.5,46,,X,3,,,,,,,,,,,44.41,44.36,44.29,44,44.22,44.01,43.94,43.98,43.93,,,,,,
CR,POZZAGLIO,19077.0001,via bongiovanni,1582847,5005656,50,,X,3,,,,,,,,,,,37.57,37.62,37.62,37.56,37.38,37.46,37.23,37.62,37.67,,,,,,
CR,RIPALTA ARPINA,19080.0002,via Capitani,1557143.875,5016713.5,65,,X,3,,,,,,,,,,,57.26,57.26,57.12,,,56.85,,,,,,,,,
CR,RIPALTA CREMASCA,19081.0002,Loc. Zappello,1554044,5020362,76,,X,1,,,,,,,,,,,67.41,67.41,67.25,,,67.06,,,,,,,,,
CR,ROMANENGO,19086.0005,via XX Settembre,1561466.875,5025607.5,82,,X,3,,,,,,,,,,,82,82,82,,,82.47,,,,,,,,,
CR,SAN BASSANO ,19088.0003,p.zza Kennedy,1563511.125,5010176,58,,X,3,,,,,,,,,,,46.83,46.76,46.73,,,46.3,,,,,,,,,
CR,SAN DANIELE PO,19089.0002,via XXV Aprile,1592744.125,4990492.5,35,,X,3,,,,,,,,,,,32.04,31.99,31.97,,,31.81,,,,,,,,,
CR,SAN GIOVANNI IN CROCE,19090.0001,via Busi,1608405,4992581.5,26,,X,3,,,,,,,,,,,24.02,24.01,24.06,,,23.97,,,,,,,,,
CR,SCANDOLARA RAVARA,19092.0004,via Chiesa,1602689.75,4989718.5,30,,X,2,,,,,,,,,,,26.47,26.48,26.42,26.22,26.01,26.63,25.79,26.97,27.12,,,,,,
CR,SERGNANO,19094.0004,via Vallarsa,1554757,5030594,85,,X,1,,,,,,,,,,,81.03,81.02,80.88,80.87,80.88,80.93,80.82,81.14,81.12,,,,,,
CR,SPINEDA,19101.0002,via Circonvallazione,1619319.75,4990670,24,,X,3,,,,,,,,,,,24,24,24,24.4,24.4,24.4,24.4,23.83,23.81,,,,,,
CR,TORNATA,19106.0003,via della Pace,1612703.125,4995678,29,,X,3,,,,,,,,,,,24.46,24.6,24.5,,,24.62,,,,,,,,,
CR,VAILATE,19112.0003,via Carducci,1547462.5,5034885,102,,X,2,,,,,,,,,,,97.58,97.07,97.26,,,96.24,,,,,,,,,
LC,CASATENOVO,PI097016101,MAGGIONI (EX PIRROTTA),1524964,5058591,294.1,,X,2,,,,,,,248.99,249.51,248.28,248.78,248.71,248.68,248.3,247.32,248.6,249.2,248.82,250.28,250.73,250.23,250.81,251.55,,,
LC,CERNUSCO LOMBARDONE,PC097020003,VILLA,1530522,5059523,248,,X,2,,,,,,,,,229.29,228.48,227.69,226.99,226.17,224.85,226.87,230.6,229.55,231.79,232.51,232.15,232.48,234.18,,,
LC,IMBERSAGO,PC097039001,ROBBIATE1- via dei Mulini,1535411,5060791,198,,X,2,,,,,,,,,193.5,193.55,193.73,193.51,193.28,193.12,193.25,192.7,193.2,193.45,193.5,192.95,193.68,194.66,,,
LC,IMBERSAGO,PC097039003,PONTICELLO- Strada Alzaia,1534898,5062596,196,,X,2,,,,,,,,,194.9,196.2,194.8,,195.8,192.42,193.29,193.14,193.19,193.6,193.34,193.15,193.36,193.48,,,
LC,MERATE,PC097048001,REGONDINO,1531012,5061302,266,,X,2,,,,,,,,,235.27,237.76,237.66,238,237.01,236.29,240.26,239.93,238.06,241.19,239.24,239.68,239.64,241.16,,,
LC,MISSAGLIA,PI097049101,BRIVIO,1528143,5059731,274.5,,X,2,,,,,,,251.11,250.99,250.75,251.37,251.79,251.23,250.85,250.66,252.13,251.4,251.3,249.7,251.15,250.9,251.7,252.6,,,
LC,OSNAGO,PC097061011,STATALE -via Statale,1530797,5057843,246,,X, 2/3,,,,,,,,,223.31,222.59,222.07,221.03,220.26,219.39,221.86,223.32,222.76,225.08,224.72,225.57,225.37,226.98,,,
LC,USMATE VELATE,PC15227001,VALAPERTA1,1527651,5056898,239.5,,X,2,,,,,,,191.88,191.13,188.98,190.87,190.6,190.06,189.65,189.5,188.6,187.5,188.24,186.3,187.84,186,185.82,185.4,,,
LC,VERDERIO SUPERIORE,PC09788001,SAN CARLO - via San Carlo,1533927,5057534,248,,X, 2/3,,,,,,,,,200.47,199.89,199.4,199.07,199.93,198.55,198.5,199.4,199.6,200.2,201.35,201.1,201.3,201.6,,,
LO,BERTONICO - CAP                        ,980020002,via Garibaldi,1552858,5009264,46.44,,X,2,,,,,,36.34,36.44,36.44,,36.24,,,,36.14,35.94,35.74,,,,,36.64,36.64,,,
LO,CAVENAGO ADDA,980170064,Soltarico,1544810,5014760,73,,,,,,,,,60.4,60.5,60.2,,60,,,,,,,,,,,,,,,
LO,CAVENAGO ADDA - CAP             ,980170003,via Valsecchi serb.,1547241,5014694,70.73,,X,1,,,,,,,,,,,,,,57.33,57.23,56.93,,,,,58.13,58.33,,,
LO,CERVIGNANO A. - CAP               ,980180001,p.zza Caduti,1533303,5024632,81.68,,X,1,,,,,,75.88,76.18,76.88,,76.58,,,,76.18,75.98,75.98,,,,,76.68,76.88,,,
LO,COMAZZO - CAP,980200001,p.zza Caduti,1536534,5032132,93.02,,X,2,,,,,,87.22,87.32,87.82,88.12,88.02,87.72,,,87.12,87.32,87.22,86.92,87.52,87.72,,88.32,88.12,,,
LO,FOMBIO - CAP                                 ,980260002,via Giovanni XXIII,1554292,4998880,42.264,,X,2,,,,,,30.26,30.06,29.76,,29.46,,,29.86,29.36,29.46,29.46,,,,,30.96,30.86,,,
LO,GRAFFIGNANA - CAP                    ,980280001,via Milano - serb.,1535471,5006700,64.27,,X,2,,,,,,58.47,58.47,58.97,,58.67,,,58.57,58.57,58.57,58.27,,58.07,58.27,,58.77,58.87,,,
LO,LODIVECCHIO - CAP                     ,980320002,via Cabrini-serb.,1532570,5016525,74.23,,X,2,,,,,,,,,,,,,,69.43,69.23,68.83,,68.53,68.43,,69.03,69.23,,,
LO,MACCASTORNA - CAP                 ,980330001,via Roma,1567299,4999597,38.85,,X,2,,,,,,36.05,36.05,36.15,,36.15,,,,34.85,34.75,34.45,,,,,35.55,35.85,,,
LO,MALEO - CAP                                  ,980350002,p.zza 25 Aprile,1560100,5001920,44.76,,X,1,,,,,,31.76,31.76,31.56,,32.06,,,,31.66,31.56,31.36,,,,,31.66,31.56,,,
LO,ORIO LITTA - CAP                         ,980420003,via Pio Rossi,1543820,5000952,51.5,,X,1,,,,,,40.9,40.6,40.2,,39.8,,,39.6,39.4,28.6,39.3,,39.7,,,40.5,40.3,,,
LO,PIEVE FISSIRAGA - CAP            ,980450001,C.na S.Antonio,1535548,5013741,72.89,,X,1,,,,,,68.69,68.89,69.19,,68.99,,,68.89,68.79,68.49,68.19,,68.39,68.49,,69.19,69.19,,,
LO,S.ROCCO AL PORTO - CAP        ,980490001,via Acquedotto,1554770,4992220,43.59,,X,1,,,,,,39.59,39.59,39.69,,39.59,,,39.49,38.99,39.09,39.29,,,,,36.39,36.59,,,
LO,S.ANGELO LODIGIANO - CAP               ,980500005,fraz.Ranera,1532041,5007048,68.25,,X,1,,,,,,61.25,61.25,61.65,,61.75,,61.75,61.95,36.69,36.49,43.59,,35.89,36.19,,63.75,63.85,,,
LO,SALERANO,981900003,,1530130,5015585,80.48,,,,,,,,,,,,,73.48,,73.38,73.48,,,,,,,,,,,,
MI - Città,BASIGLIO,150150001,p.zza M. Rossi-Chiesa,1512870,5021817,96.68,,X,1,,,,,,93.34,93.64,93.74,93.74,93.34,93.14,,,92.9,93.2,93.3,93.4,92.9,93.2,,93.68,93.68,,,
MI - Città,BASIGLIO,150150005,Vivaldi,1512099,5023725,100.53,,X,3,,,,,,94.73,94.83,95.13,95.43,94.83,94.53,,,94.03,94.33,94.23,94.43,94.53,94.63,,95.03,95.13,,,
MI - Città,CASSANO D'ADDA,150590001,Muzza I-5 Martiri,1540544,5041200,116.7,,,1,,,,,,112.39,112.59,113.09,113.29,113.19,112.09,,,113.7,111.3,111.7,111.1,112.5,112.5,,112.8,112.3,,,
MI,ARCONATE                                      ,150070002, via Turati,1488408,5043208,179.17,,,,,,,,,154.77,,156.17,,158.67,157.57,,,,,,,,,,,,,,
MI,CONCOREZZO               ,150840002,S.P.13 Malcantone,1525395.999,5047386.998,162.27,,,,,,,,,140.77,140.87,140.87,141.07,140.87,140.57,,,,,,,,,,,,,,
MI,Inzago ,151140006,vill.Residenziale,1536840,5041965,129,,,,,,,,,,,,,,,,,,,,,,,,,,,,
MI,MEZZAGO                           ,151450001,via Unione,1534736.001,5052942.997,220.39,,,,,,,,,182.39,183.39,181.69,182.39,182.09,181.69,,,,,,,,,,,,,,
MI,OZZERO            ,151650025, v.25 Aprile-Faraon,1493904.997,5024331.997,107.99,,,,,,,,,102.29,103.29,103.69,103.99,103.39,102.79,,,,,,,,,,,,,,
MI,RONCO BR.                     ,151870001, via Mandelli-serb.,1531390.003,5057041.005,249.31,,,,,,,,,218.61,218.21,215.71,215.51,215.21,214.51,,,,,,,,,,,,,,
MI,S.Giuliano,151950015, v.Tolstoy,1523874.16,5025487.77,95.41,,,,,,,,,86.41,86.41,86.31,86.71,86.41,86.31,,,,,,,,,,,,,,
MI,SEDRIANO                                      ,152040003, via Fagnani ,1497773.996,5037221,144.23,,,,,,,,,138.63,138.83,139.23,139.63,139.83,139.33,,,,,,,,,,,,,,
MI,VIGNATE ,152370002,via Marconi ,1529485,5038157,117.5,,,,,,,,,109.7,,,,,,,,,,,,,,,,,,,
MI-Città,GESSATE,151060008,p.zza Aturia 9,1534449,5044895,128.3,,,1,,,,,,,,,,,,,,109.7,109.4,108.8,108.5,108.3,109.3,,113.1,113.6,,,
MI - Città,LOCATE TRIULZI,151250001,p.zza Gramsci,1517398,5022688,96.26,,X,2,,,,,,90.22,90.22,90.32,90.62,90.62,90.22,,,89.66,89.66,89.76,89.46,89.86,90.06,,90.26,90.36,,,
MI - Città,MEDIGLIA,151390001,Via Stephenson,1526616,5028755,96.36,,X,2,,,,,,92.84,92.84,93.24,93.34,93.04,93.04,,,92.56,92.66,92.86,92.56,92.26,92.66,,93.16,93.36,,,
MI - Città,MILANO Acqued. Anfossi 16,151460036,,1516872,5033973,115,,,3,,,,,,,,,,,,,,101.5,102.3,102.47,102.4,102.6,102.65,102.55,,102.8,,,
MI - Città,MILANO Acqued. C. Armi 4,151460040,,1512512,5035801,123.7,,,2,,,,,,,,,,,,,,105.3,104.9,105,105,105.1,105.15,105,105.1,105.2,,,
MI - Città,MILANO Acqued. C. Ovidio 10,151460413,,1519041,5033694,109.8,,,2,,,,,,,,,,,,,,100.5,99.7,99.9,99.9,99.9,99.65,100.25,100.2,100.6,,,
MI - Città,MILANO Acqued. C. Feltre 17,151460290,,1518933,5037571,121.5,,,2,,,,,,,,,,,,,,103.7,104.5,105.5,105.5,105.4,105.15,105,106.8,106.3,,,
MI - Città,MILANO Acqued. C. Salemi 8,151460477,,1512360,5041410,141.5,,,3,,,,,,,,,,,,,,116.1,115.8,115.5,115.5,115.2,115.4,116.05,116.6,117.4,,,
MI - Città,MILANO Fogn. PZ 20,151461435,,1509933,5031679,114.2,,,1,,,,,,,,,,,,,,107.75,108.3,107.6,107.8,107.7,108,,,,,,
MI - Città,MILANO Fogn. PZ 40,151461120,,1513631,5033934,117.74,,,1,,,,,,,,,,,,,,103.84,103.64,104.24,103.74,104.04,104.14,104.04,,,,,
MI - Città,MILANO Fogn. PZ 43  ,151461313,,1519749,5037968,119.3,,,1,,,,,,,,,,,,,,108.87,109,108.6,108.2,108.8,108.6,,,,,,
MI - Città,MILANO Fogn. PZ 54,151461379,,1518799,5029419,103.4,,,1,,,,,,,,,,,,,,98.6,98.4,98.5,98.7,98.6,99.3,,,,,,
MI - Città,MILANO FOgn.PZ 4,151461534,,1510149,5040199,138.83,,,1,,,,,,,,,,,,,,103.84,103.64,104.24,103.74,104.04,104.14,104.04,,,,,
MI - Città,PESCHIERA BORROMEO,151710197,FEM Mezzate,1522946,5032854,105.61,,,1,,,,,,102.51,102.51,102.81,102.81,102.61,,,,102.21,102.51,102.81,102.31,101.81,102.21,,102.21,102.41,,,
MI - Città,RODANO,151850004,via S.Pellico,1528130,5035520,110.5,,X,3,,,,,,108,108,108.1,108.1,108.2,108,,,105.6,105.5,104.5,,104.5,104.9,104.75,108.7,108.8,,,
MI-Città,SAN  DONATO,151920005,via .A.Moro,1520822,5030727,103.19,,,3,,,,,,,,,,,,,,92.89,93.19,93.79,92.89,92.59,93.09,,93.99,93.79,,,
MI - Città,SEGRATE,152050140,idroscalo,1523056,5035094,110.72,,X,2,,,,,,104.42,104.22,104.62,105.02,105.22,105.62,,,105.32,105.22,105.02,103.72,103.42,103.72,,104.22,104.62,,,
MI - Città,SETTALA,152100004,depuratore,1530907,5030968,98.83,,X,1,,,,,,95.63,,96.03,96.13,96.33,96.33,,,96.03,95.83,95.53,,95.83,95.83,95.83,96.38,96.23,,,
MI - Città,VERNATE,152360003,Pasturago,1506074,5019419,100.79,,X,2,,,,,,97.09,97.29,97.69,97.89,97.59,97.19,,,96.79,97.09,96.99,97.19,96.79,96.79,,97.69,97.79,,,
MI - Città,PANTIGLIATE,151670001,via D'Annunzio,1527170,5032050,97.39,,,2,,,,,,,,,,,,,,92.09,92.39,92.49,91.99,91.69,92.19,,93.09,93.09,,,
MI - MONZA,CARNATE- CAP,154900019,Grandi x Usmate,1529290,5054175,215.226,,X,3,,,,,,,,,,,,,,193.53,189.93,189.73,,190.53,,,190.43,190.93,,,
MI - MONZA,CARNATE - CAP,154900021,Grandi nuovo,1529290,5054175,215.226,,X,2,,,,,,,,,,,,,,170.03,170.53,170.23,,170.93,,,169.73,170.03,,,
MI - MONZA,CINISELLO BALSAMO - CAP,150770073,via Petrella,1517875,5045125,128.85,,,,,,,,,,,,,,,,,98.55,98.25,98.05,97.85,97.65,97.95,,98.85,99.15,,,
MI - MONZA,CINISELLO BALSAMO - CAP,150770023,via Galilei,1519410,5044683,150.67,,X,3,,,,,,126.37,125.67,126.07,126.37,126.27,126.27,,,125.7,126.9,126.1,125.7,124.5,124.7,,125.07,125.67,,,
MI - MONZA,BRUGHERIO - CAP,150340123,via Volano FEM,1523293,5042878,139,,,,,,,,,,,,,,,,,121.4,121,120.6,121.7,122,122.6,,124,124.4,,,
MI - MONZA,VIMERCATE - CAP,152410041,IBM pozzo E,1528045,5053045,180.79,,,,,,,,,,,,,,,,,158.49,156.79,156.59,153.09,,,,156.79,157.39,,,
MI - MONZA,COREZZANA - CAP,150920003,via Fermi,1523723,5056321,247.15,,X,3,,,,,,,,,,,,,,173.55,172.85,172.35,,,,,172.95,173.25,,,
MI - MONZA,DESIO - CAP,151000003,via Torricelli,1516295,5051936,146.19,,X,1,,,,,,,,,,,,,,99.19,98.99,98.49,98.09,98.29,98.69,,98.69,99.39,,,
MI - MONZA,SESTO SAN GIOVANNI- CAP,152090016,via Tevere,1520400,5044400,121.98,,,,,,,,,,,,,,,,,102.98,102.28,101.78,101.48,102.58,102.98,,103.68,103.98,,,
MI - MONZA,MONZA - AGAM,151490084,pozzo Battisti 2,1521014,5048849,174,,,2,,,,,,,,,,,,,,136.4,134.6,135.9,,,134.5,134.9,136.05,136.6,136.4,,
MI - MONZA,RONCELLO - CAP,151860001,S.Ambrogio-serb.,1535790,5049790,192.99,,X,2,,,,,,160.99,160.99,161.29,161.39,161.29,160.89,,,160.2,160.2,160.6,159.7,160,160.3,,158.99,159.59,,,
MI - Par.,BERNATE TICINO,150190001,via Pellico-Casate,1486563,5037866,139.53,,X,1,,,,,,139.03,139.43,140.63,141.93,142.63,,141.63,,127.43,126.93,126.83,126.83,127.23,128.53,,130.93,131.53,,,
MI - Par.,BUBBIANO,150350003,via Noè,1501099,5019569,104.19,,X,3,,,,,,98.49,98.89,99.19,99.49,99.19,98.79,,,98.19,98.59,98.39,97.99,98.49,98.59,,99.19,99.39,,,
MI - Par.,BUCCINASCO,150360002,via  Lario,1508474,5029898,107.39,,X,2,,,,,,107.39,107.49,107.59,107.99,107.79,107.49,,,100.99,100.59,100.69,,101.19,100.99,101.04,101.39,101.39,,,
MI - Par.,CORBETTA,150850004,via Veneto,1494156.004,5034189.999,132.09,,X,1,,,,,,,,,,,,,,127.89,128.19,127.79,127.69,128.19,128.39,,128.69,128.59,,,
MI - Par.,CUSAGO,150970003,via Cervi fino a 5/99 p.1,1502657,5033450,127.1,,X,3,,,,,,121.39,121.39,121.59,121.89,121.49,121.29,,,120.99,120.79,120.6,,121,121.1,,121.9,121.6,,,
MI - Par.,CORNAREDO,150870001,Campo Sportivo I,1501530,5037775,136.84,,,1,,,,,,,,,,,,,,130.84,131.34,131.04,131.04,131.34,131.84,,132.34,132.84,,,
MI - Par.,LAINATE,151160008,Lainate Caronasca,1502320,5047210,180,,X,2,,,,,,,,,,,,,,162,162.2,161.9,161.4,161.8,162.9,,163.4,163.5,,,
MI - Par.,LAZZATE,151170003,via S.Lorenzo-serb.,1506594,5058727,188.9,,X,2,,,,,,197.97,198.27,197.67,197.97,196.87,196.17,,,117.9,117.4,117.5,,,,,188.9,117,,,
MI - Par.,MARCALLO CON CASONE,151340004,via Clerici,1490298,5037079,137.44,,X,3,,,,,,,,,,,,,,128.54,128.14,128.14,127.74,129.29,127.44,,130.29,131.04,,,
MI - Par.,MORIMONDO,151500013,Loc. Fallavecchia,1497393,5018893,103.74,,,2,,,,,,,,,,,,,,91.7,91.3,91,,91.65,92.5,92.55,92.24,92.14,,,
MI - Par.,NERVIANO,151540065,Cantone 65,1498320,5043055,166,,X,3,,,,,,155.1,155,155.5,155.4,156.7,156,,,155,154.5,154.2,,154.3,155,,156,156.4,,,
MI - Par.,ALBAIRATE,150050010,c.na Faustina PRIV.,1495936,5028883,123.16,,,1,,,,,,,,,,,,,,120.36,121.06,120.46,120.46,121.36,121.36,,122.16,121.46,,,
MI - Par.,SETTIMO MILANESE,152110005,via Fermi,1505114,5036454,132.82,,,2,,,,,,,,,,,,,,123.62,123.32,123.12,,123.82,123.82,,124.42,124.92,,,
MI - Par.,RESCALDINA,151810001,"via Melzi Comune, 1",1496143.502,5051419.778,180.25,,X,1,,,,,,,,,,,,,,140.75,140.35,140.25,,,180.25,,180.25,142.75,,,
MI - Par.,RHO,151820106,Alumix spa via S.Martino,1503760,5039860,138.59,,,1,,,,,,,,,,,,,,130.59,131.19,130.79,130.59,131.29,131.79,,133.29,133.29,,,
MI - Par.,SENAGO,152060004,via Adda,1510325,5047249,169.78,,X,2,,,,,,142.18,142.58,142.78,143.18,142.88,142.78,,,142.38,141.78,141.58,,142.08,142.38,,142.78,142.78,,,
MI - Par.,SOLARO,152130021,via  S.Paolo,1506736,5051480,208,,X,3,,,,,,168.05,168.35,169.05,169.05,170.35,170.75,,,166,165,164.6,,,,,208,166.9,,,
MI - Par.,TREZZANO S/N ,152210001,via Edison,1505043,5029703,113.21,,X,1,,,,,,,,,,,,,,109.41,110.71,109.51,109.51,109.61,109.91,,110.21,110.01,,,
MI - Par.,VANZAGHELLO,152490020,c.na Fogna,1482365,5046716,191.5,,X,1,,,,,,,,,,,,,,164.3,163.5,163.1,,162.3,164.9,,165.5,163.8,,,
MI - Par.,VANZAGHELLO,152490004,c.na Fogna,1482365,5046716,191.5,,X,3,,,,,,161.09,160.89,160.89,161.49,161.59,160.99,,,160.2,160,160,,159.2,159.5,,160.3,160,,,
MI - Par.,VERMEZZO,152350001,via Dante,1498615,5026490,113.52,,X,2,,,,,,,,,,,,,,111.02,111.22,110.72,,111.42,111.62,,111.82,111.72,,,
MN,CAVRIANA,36,TURATI ALESSANDRO,1625900,5025260,122,,,,,,,,,,,106,,106.42,106.58,106.52,104.83,,,,,,,,,,,,
MN,CAVRIANA,37,Bassignani Cave s.n.c.,1625500,5020470,61.2,,,1,,,,,,,46.77,47,46.4,48.98,46.69,47.83,47.47,46.95,,,,,,,,47.7,,,
MN,CURTATONE,42,SARZI AMADE' ANTONIO,1633980,5000510,23.5,,,,,,,,,,18.16,18.4,18.4,18.18,18.38,18.24,18.02,,,,,,,,,,,,
MN,CURTATONE,45,via Donatori sangue,1639420,4998740,26.5,,,1,,,,,,,20.53,20.6,20.4,20.47,20.38,20.22,20.17,20,,20.08,20.35,,20.49,,,17.3,,,
MN,GONZAGA,53,via degli Arduini 22 - Bondeno,1646490,4978450,19,,,1,,,,,,,16.52,17,17,15.96,16.69,15.87,15.97,16.8,,17,17,,17,17.1,,16.8,,,
MN,MARCARIA,62,Trofelli Giudo,1627770,4991910,23.1,,,1,,,,,,,20.5,20.2,19.3,20.2,20.28,20.09,,,,,,,,,,20.55,,,
MN,MONZAMBANO,70,Tosi Giovanni,1631850,5023970,110.2,,,1,,,,,,,96.79,98.7,97.2,96.53,98.08,97.89,96.27,96.8,,96.8,97.2,,96.35,97.4,,97.4,,,
MN,PONTI SUL MINCIO,80,Scala Erbesti Giuseppina,1633160,5027910,64.5,,,1,,,,,,,53.28,54,53.5,52.39,52.8,53.18,51.72,,,,,,,,,52.4,,,
MN,REVERE,85,via Smerrieri 4,1667680,4989800,14.5,,,1,,,,,,,12,9.4,11,11.28,10.89,11.07,10.48,10.05,,10.7,10.55,,11.45,11.6,,11.6,,,
MN,ROVERBELLA,89,via Giulio Romano 12,1641740,5013610,36.5,,,1,,,,,,,35.18,35.4,35.2,35.19,35.16,35.14,34.94,35.14,,34.95,34.95,,35.3,35.2,,35.1,,,
MN,SAN GIACOMO DELLE SEGNATE,94,piazza Martiri di belfiore 77,1660530,4981750,16.60000038,,,1,,,,,,,12.42,12.1,11.9,11.78,12.03,11.81,11.75,10.8,,11.82,12.1,,12.45,12.04,,12,,,
MN,BORGOFRANCO SUL PO,15,Residenza alla Pace,1673730,4991070,13.6,,,2,,,,,,,10.34,9.9,9.4,9.44,9.37,9.17,9.16,8.85,,,,,,,,9.9,,,
MN,VIADANA,105,v.le Lombardia 33,1619120,4976220,25,,,2,,,,,,,16.29,15.6,15.8,15.95,15.97,16.42,16.48,16.8,, , , ,,,,16.1,,,
MN,CASALROMANO,23,via del Dosso 18 - Fontanella Grazioli,1604660,5005280,37.90000153,,,2,,,,,,,31.59,29.1,32.5,30.67,31.05,31.29,31.4,31.4,,31.35,31.35,,29.7,,30.7,29.9,,,
MN,CASALROMANO,25,Gerelli Irene,1607280,5005820,37.8,,,2,,,,,,,33.39,31.6,29.5,33.06,33.52,33.58,33.72,34,,,,,,,,33.8,,,
MN,CASTEL D'ARIO,27,v.le delle Industrie - Roppi,1655220,5005120,21,,,2,,,,,,,12,18.6,18.8,18.7,18.87,19.48,19.18,18.55,,19.9,19.8,,19.6,19,,20,,,
MN,CASTIGLIONE DELLE STIVIERE,34,CASTIGLIONE S.C.R.L.,1615700,5026120,82.3,,,,,,,,,,77.4,76.6,77.2,77.7,76.75,78.76,78.77,,,,,,,,,,,,
MN,CAVRIANA,35,via Tezze 8pozzo 1),1625630,5021740,77,,X,2,,,,,,,54.02,52,53.5,57.24,55.13,56.18,56.07,43.68,,,54.5,,,,,55.52,,,
MN,GUIDIZZOLO,55,Cobelli Luigi,1622460,5020780,73.2,,,2,,,,,,,56.5,56,56.7,57.62,56.26,55.96,57.16,56.45,,56.28,56.5,56.05,57.4,,,ferie,,,
MN,OSTIGLIA,76,via San Romano Casetto 40/A,1667790,4994100,13.60000038,,,2,,,,,,,12,11.6,11.2,10.7,11.2,4.56,11,10.7,, , , ,,,,11.82,,,
MN,SABBIONETA,91,PANGUANETA S.P.A.,1617220,4983370,23,,,,,,,,,,19.67,20.5,19.7,19.73,20.12,20.07,20.09,,,,,,,,,,,,
MN,SAN BENEDETTO PO,92,via Campasso - Portiolo,1646150,4989260,15,,,2,,,,,,,13.4,13.35,12.6,12.66,13.12,12.76,12.4,11.78,,12.2,12.2,,12.3,,,13.1,,,
MN,ASOLA,4,Comune,1610990,5008890,41.5,,X,3,,,,,,,34.04,33.6,33.7,33.9,34.58,34.96,34.99,34.37,,34.3,34.9,,,,31.7,31.36,,,
MN,BIGARELLO,12,Sol S.p.a.,1650940,5005680,24.5,,,3,,,,,,,22.48,22.1,22.1,22.23,22.13,22.43,22.46,22.2,,22.36,22.35,,22.15,22.18,,22.25,,,
MN,BOZZOLO,17,COMUNE,1616760,4995900,27.3,,,,,,,,,,24.1,23.9,23.8,24.1,23.82,23.96,23.97,,,,,,,,,,,,
MN,CASALROMANO,24,via IV Novembre (vicino al pensile),1607830,5006280,37.70000076,,X,3,,,,,,,31.88,30.4,31.9,29.99,32.07,32.98,30.83,32.7,,33.3,32.87,,31.9,,32,32.9,,,
MN,CASTEL D'ARIO,26,v.le delle Industrie - Roppi,1655200,5005160,21,,,3,,,,,,,19.7,19.2,18.35,19.5,19.21,19.87,18.92,19.45,,18.6,18.65,,18.75,19.1,,18.8,,,
MN,CASTELLUCCHIO,31,vai Matteotti 23,1629710,5000790,27.79999924,,X,3,,,,,,,,26.4,26.45,26.34,26.49,26.78,25.49,26.6,,26.7,26.7,,26.6,26.4,,26.55,,,
MN,GAZZUOLO,49,ITALGAS (VIADANA),1624010,4992410,23.5,,,,,,,,,,21.98,21.6,21.5,21.46,21.8,21.78,21.52,,,,,,,,,,,,
MN,GONZAGA,54,Grecav Officine S.p.a.,1642920,4979930,20.1,,X,3,,,,,,,16.85,17.3,17.1,16.45,16.56,16.96,16.22,16.5,,,,,,,,17.1,,,
MN,MACARIA,63,Mec-Carni S.p.a.,1623050,4997930,28,,,3,,,,,,,26,24.5,24.2,24.3,24.42,24.39,24.38,24.4,,23.85,24.2,,24.8,20.5,,20,,,
MN,QUINGENTOLE,81,Zona Artigianale Gabbiana,1660760,4988860,13.10000038,,X,3,,,,,,,11.5,11.1,11,10.9,10.87,10.97,11.08,10.25,,10.35,10.4,,10.9,10.31,,10.96,,,
MN,REDONDESCO,84,via Bologne (vicino al pensile),1618690,5003540,33,,X,3,,,,,,,29.9,29.9,29.7,29.8,29.73,29.99,29.99,29.9,,29.98,30,,30,,29.8,29.47,,,
MN,SAN BENEDETTO PO,93,via Crociare - Portiolo,1646180,4989600,16.29999924,,,3,,,,,,,,13.6,13.1,13.05,13.28,13.16,12.7,12.19,,12.75,12.65,,13.8,13.6,,13.7,,,
MN,SAN GIOVANNI DOSSO,96,Comune,1664380,4982600,14,,X,3,,,,,,,10.02,9.6,9.6,9.46,9.47,9.28,9.27,9,,,,,,,,9.6,,,
MN,SAN MARTINO,97,Belletti Guglielmo,1619010,4994120,26.8,,X,3,,,,,,,24,23.7,23.8,23.8,23.76,23.63,23.78,23.77,,,,,,,,23.87,,,
PV,ALBONESE 1,35,,1477055,5015750,116,,,,,,,,,,,,,112.56,112.53,112.28,112.05,,,,,,,,,,,,
PV,BELGIOIOSO 5,12,via Dante,1523740,5000800,75.8,,X,1,,,,,,,,,65.56,65.43,65.13,64.73,64.6,64.35,64.39,64.09,63.95,64.64,64.62,64.9,65.5,65.45,,,
PV,BEREGUARDO 2,28,via S. Antonino,1502480,5011810,95,,X,2,,,,,,,,,81.19,79.75,79.65,78.69,78.15,79.97,80.04,79.6,,80.5,79.45,80.79,80.99,80.96,,,
PV,BEREGUARDO 4,28,Via S. Antonino,1502530,5011330,98,,,,,,,,,,,,90.59,90.7,90.8,90.8,89.8,,,,,,,,,,,,
PV,BORNASCO 1,7,presso Municipio,1517200,5012745,82,,X,1,,,,,,,,,,77.67,77.39,77.47,77.21,76.95,77.1,77.84,,77.38,77.38,77.83,78.12,77.86,,,
PV,BREME 1,52,Presso Municipio,1470225,4997100,95.7,,,,,,,,,,,,93.38,93.26,92.95,92.6,92.52,,,,,,,,,,,,
PV,CANDIA 1,45,,1468415,5003205,103.2,,X,2,,,,,,,,,101.54,99.8,99.94,99.48,99.57,99.2,99.35,99.23,99.65,101.4,101.56,101.6,101.41,100.4,,,
PV,CASEI GEROLA 2,21,St. per Castelnuovo ,1494095,4983105,80.9,,X,1,,,,,,,,,73.21,73.02,73,72.9,72.9,72.85,73,73.1,73.19,73.57,72.97,72.62,72.62,72.48,,,
PV,PORTALBERA 5,13,Cassinassa,1524334,4993150,69,,X,1,,,,,,,,,60.1,59.15,59.12,58.92,58.87,58.69,58.76,58.67,58.42,58.5,58.2,58.21,58.33,58.14,,,
PV,CERGNAGO 1,55,,1482375,5004830,102,,,,,,,,,,,,100.21,99.89,99.71,99.5,99.45,,,,,,,,,,,,
PV,CASSOLNOVO 4,41,via Tornura (pozzo vecchio),1484810,5023820,121,,X,2,,,,,,,,,108.38,107.88,107.44,106.83,106.8,106.7,106.83,106.66,106.92,107.69,107.8,108.34,108.42,107.95,,,
PV,CERVESINA 1,16,,1501295,4989950,70.7,,X,2,,,,,,,,,62.59,62.47,62.67,62.35,62.27,62.17,62.19,62.19,62.18,62.51,62.31,62.27,62.32,62.27,,,
PV,CILAVEGNA 2,38,via Petrarca,1480220,5017495,115.5,,X,1,,,,,,,,,111.98,111.6,111.65,111.56,111.5,111.41,111.56,111.54,111.61,111.56,111.62,111.62,111.62,111.79,,,
PV,CORANA 1,17,Strada per Silvano Pietra,1497225,4989280,70,,,,,,,,,,,,,,,,,,,,,,,,,,,,
PV,CURA 1,6,Borghetto,1520475,5007050,71.4,,X,2,,,,,,,,,68.6,68.9,68.57,67.68,67.57,,67.45,67.2,67.47,67.8,67.35,67.91,68.3,68.05,,,
PV,DORNO,59,via Cordara,1495780,5000315,88.1,,X,2,,,,,,,,,79.4,79.05,78.6,78.15,77.99,77.38,77.4,76.9,76.81,77.37,77.72,78.34,79.22,79.45,,,
PV,GARLASCO 2,23,via Albera,1494570,5003840,91.1,,X,3,,,,,,,,,83.43,83.26,82.63,82.12,81.78,81.45,81.25,80.9,81,81.52,81.63,82.57,83.4,83.1,,,
PV,GARLASCO 3,26,via Bozzola - Palazzeto,1494065,5004980,90.8,,X,1,,,,,,,,,87.1,87.19,86.81,86.45,86.01,85.42,85,84.75,84.1,84.21,84.68,85.5,86.68,87.14,,,
PV,GENZONE 1,10,Via cairoli,1527575,5002880,72.7,,,,,,,,,,,,66.47,65.96,65.68,65.49,65.22,,,,,,,,,,,,
PV,GIUSSAGO 2,8,via Papa Giov. XXIII ,1511200,5014400,92,,X,2,,,,,,,,,,,,,,87.2,88.09,87.7,,88.4,88.49,88.72,88.86,88.36,,,
PV,GIUSSAGO 5,63,Via F.lli Cervi,,,86.7,,,,,,,,,,,,79.77,79.77,79.38,78.99,78.97,,,,,,,,,,,,
PV,SIZIANO 2,62,via I Maggio,1515665,5017899,89.9,,X,2,,,,,,,,,84.02,83.8,83.93,83.73,83.73,83.53,83.69,83.4,83.63,83.98,83.55,84,84.42,83.87,,,
PV,LANDRIANO 4,30,Strada Cerca,1520920,5017805,86.8,,,,,,,,,,,,80.45,80.31,80.27,79.13,78.13,,,,,,,,,,,,
PV,LANGOSCO 2,46,,1465575,5006900,106.3,,,,,,,,,,,,,101.65,101.3,101.02,100.85,,,,,,,,,,,,
PV,LOMELLO,53,,1484075,4995560,90,,,,,,,,,,,,88.31,87.6,87.5,87.21,86.92,,,,,,,,,,,,
PV,MORTARA 1,39,via Marsala,1479160,5010480,108,,X,3,,,,,,,,,102.3,102.05,101.56,101.78,101.48,101.05,100.87,102.16,102.5,102.2,101.87,102.22,102.76,102.44,,,
PV,NICORVO,36,,1474020,5014550,113.9,,,,,,,,,,,,,107.97,107.75,107.4,107.19,,,,,,,,,,,,
PV,OTTOBIANO,56,Strada per Valeggio,1487325,4999890,95.2,,,,,,,,,,,,93.48,91.64,92.08,92.04,89.57,,,,,,,,,,,,
PV,PALESTRO 1,31,presso Municipio,1463525,5016650,120.5,,X,3,,,,,,,,,117.92,117.47,117.2,117,116.86,116.6,116.6,116.4,116.52,117.53,117.5,117.7,118.15,117.56,,,
PV,PAVIA 40,4,Campeggi 1,1510910,5006400,82.6,,,,,,,,,,,,68.56,68.6,69.17,68.1,68.17,,,,,,,,,,,,
PV,PIEVE 2,15,,1534830,4995238,54.9,,X,1,,,,,,,,,52.23,51.79,51.64,51.57,51.48,50.78,51.13,50.8,51.1,51.1,51.15,51.46,51.68,51.46,,,
PV,PINAROLO 1,18,,1512525,4989200,68,,X,1,,,,,,,,,63.55,62.7,63.25,62.51,62.45,62.33,62.37,62.33,62.21,62.4,62.38,62.2,62.16,62.15,,,
PV,ROBBIO,33,via Dentici,1468130,5014730,118.3,,X,3,,,,,,,,,112.17,111.76,111.49,111.19,111.06,110.49,110.86,110.81,110.97,111.72,111.69,112.06,112.18,111.94,,,
PV,SANNAZZARO,60,viale Loreto,1492065,4994625,86,,X,3,,,,,,,,,81.49,81.16,81.26,80.9,80.6,80.47,80.22,80.03,80.2,80.52,79.45,81.17,81.48,81.29,,,
PV,SANTA CRISTINA 1,14,via Milano,1531060,5000720,71,,X,2,,,,,,,,,54.26,54.59,54.8,54.36,53.4,53.67,54.1,52.9,54.02,53,53,53.27,54.37,54.18,,,
PV,SOMMO 2,2,via XXV aprile,1506780,4998055,79,,X,3,,,,,,,,,63.1,62.93,63.49,62.67,62.54,62.35,62.35,62.17,62.21,62.46,62.58,59.69,62.95,62.97,,,
PV,TORRAZZA COSTE,22,S. Giorgio,1505680,4980505,116,,X,1,,,,,,,,,113.18,112.94,113.12,113.31,113.25,113.21,113.28,113.26,113.25,113.33,113.2,113.15,113.33,113.29,,,
PV,TORRE D'ARESE 1,9,via Morivione,1525160,5009820,77.4,,X,3,,,,,,,,,74.28,73.8,74.39,73.6,73.28,,73.18,74.05,73,73.14,73.6,73.72,74.3,74.17,,,
PV,TROMELLO 1,61,Castellaro,1477165,4991375,92,,,,,,,,,,,,92.08,90.95,90.1,89.93,89.99,,,,,,,,,,,,
PV,TORREBERETTI 1,25,Via Pascoli,1489690,5006080,95,,,,,,,,,,,,,,,,,,,,,,,,,,,,
PV,VALLE LOMELLINA 1,43,,1473630,4999300,101.7,,X,3,,,,,,,,,99.91,98.7,98.36,98.16,97.9,97.58,97.49,97.37,97.72,99.37,99.82,100,99.87,98.82,,,
PV,VERRUA 2,19,Canova,1513160,4994640,60,,,,,,,,,,,,57.08,57.07,57.98,56.83,56.8,,,,,,,,,,,,
PV,VIGEVANO 17,49,Corso Brodolini,1488985,5016985,102.5,,,,,,,,,,,,99.62,99.2,98.76,98.27,98.07,,,,,,,,,,,,
PV,VIGEVANO 20,50,via S. Maria,1488935,5017060,103,,X,1,,,,,,,,,99.32,98.97,98.57,98.08,97.88,97.42,97.6,98.65,97.3,98.15,98.43,99.2,99.4,99,,,
PV,VIGAVANO 4,47,presso Coop,1489525,5017860,103.5,,,,,,,,,,,,96.12,96.04,95.7,95.56,95.45,,,,,,,,,,,,
PV,VIGEVANO 9,48,Vallettta Fogliano,1487880,5016710,117,,X,3,,,,,,,,,106.07,106.54,106.06,105.06,105.8,105.05,104.28,105.5,105.84,105.54,105.6,105.9,105.96,106.22,,,
PV,VOGHERA 1,27,via Volturno,1501045,4981950,98.4,,X,2,,,,,,,,,75.2,75.16,75.3,75.3,74.9,74.5,74.39,74.2,74.2,74.6,74.3,73.9,73.8,73.9,,,
PV,VOGHERA 8,20,via Bassi,1499680,4983305,90.5,,X,3,,,,,,,,,74.51,74.3,74.3,73.9,73.7,,73.15,73,73.58,73.15,72.82,72.8,72.69,72.7,,,
PV,ZERBOLÒ 1,3,Viale Libertà,1501220,5005810,67.7,,,,,,,,,,,,,67.05,67.01,66.89,66.83,,,,,,,,,,,,
PV,ZINASCO 2,1,S.P. Alessandria-Pavia,1501635,4996750,82.2,,,,,,,,,,,,67.91,67.64,67.52,67.25,67.1,,,,,,,,,,,,
PV,MEDE 3,,,,,,,,,,,,,,,,,,,,,-4.3,,,,,,,,,,,,
SO,Tuf - pozzo 3,PO014066NR0001,TIRANO - Loc. frutteto Tuf,1589667,5117945,422.185,,X,1,,,,,,,403.29,404.04,401.19,398.73,396.29,394.78,394.74,393.9,394.07,392.34,392.63,393.85,396.47,397.29,397.14,396.27,394.98,,
SO,Boario,PO014066OU0001,TIRANO - Foro Boario,1589850,5118181,425.776,,X,1,,,,,,,403.68,404.58,402,399.32,397.18,395.51,395.01,393.85,393.89,392.17,392.2,393.68,396.18,397.63,397.18,396.2,394.98,,
SO,Stelvio - pozzo 98,PO014026OU0001,DELEBIO - via Stelvio 139 ,1536281,5109556,219.878,,X,1,,,,,,,208.36,208.66,208.29,207.95,208.02,207.33,206.73,205.41,205.73,208.23,208.46,209.45,209.64,209.26,208.87,208.56,208.05,,
SO,Cotoni n.4,PO014061OR0001,SONDRIO - Marzotto,1567250,5112867,294.392,,X,1,,,,,,,285.25,285.07,284.51,284.17,284.36,283.96,283.77,283.65,283.65,283.74,283.63,284.39,284.57,284.35,283.99,283.84,283.96,,
SO,Valeriana - pozzo Campo Coni,PO014061OU0001,SONDRIO - via Valeriana ,1565898,5113030,286.628,,X,2,,,,,,,283.83,283.58,283.06,282.75,282.9,282.45,282.34,282.19,282.2,282.3,282.13,282.9,283.08,282.73,282.5,282.34,282.46,,
SO,Bernina - pozzo 4,PO014061OU0002,SONDRIO -via Bernina ,1566441,5113304,292.913,,X,1,,,,,,,284.72,284.41,283.4,283.74,283.96,283.51,283.35,283.21,283.18,283.31,283.18,283.93,284.11,283.82,284.52,283.36,283.46,,
SO,A.I. Gordona,PO014032OR0001,GORDONA - Area Industriale,1529150,5125002,227.965,,,1,,,,,,,226.84,226.54,226.46,225.93,225.69,225.06,224.73,224.55,224.39,224.38,224.74,226.26,226.27,225.82,225.89,225.37,225.19,,
VA,ALBIZZATE,PO1200200800T0,via G. Rossa 8,1485030,5065340,317.9,,X,SUPERF.,,,,,,307.9,305.9,302.9,302.4,302.75,302.56,302.15,301.44,298.98,297.94,298.42,295.02,301.07,302.55,302.23,303.06,302.48,,,
VA,ARCISATE,PO1200400100T0,via Piave,1489675,5078705,362.22,,X,SUPERF. (acquifero locale),,,,,,360.38,360.02,360.12,360,360.22,360.18,360.05,359.86,359.34,359.13,359.09,359.17,359.59,359.64,359.7,359.63,359.78,,,
VA,BUSTO A.,PO1202602103T0,ZONA INDUSTRIALE,1486405,5048283,210.5,,,,,,,,,177.93,178.3,177.73,177.63,177.62,177.28,177.43,177.15,,,,,,,,,,,,
VA,BUSTO A.,PO1202602103T0,via Marco Polo,1486405,5048283,210.5,,X,SUPERF.,,,,,,,,,,,,,,177.03,176.83,176.68,176.65,176.83,177.06,176.93,177.13,177.32,,,
VA,CARONNO P.,PO1203400600T0,via della Vittoria,1503390,5049745,192.5,,X,MISTA,,,,,,169.7,,170.17,170.42,170.53,170.38,170.3,170.27,170.02,170.1,169.8,169.88,170.16,170.3,170.3,170.9,171.23,,,
VA,CASALE LITTA,PO1203600300T0,Firello - Villa Dosia,1479360,5065190,280.72,,X,SUPERF. (acquifero locale),,,,,,,,,,,,,,267.42,267.27,267.57,267.59,269.62,269.15,268.9,269.16,270.06,,,
VA,CITTIGLIO,PO1205100100T0,Municipio,1474310,5082435,245,,X,SUPERF. (acquifero locale),,,,,,227.02,226.23,225.36,224.61,223.95,223.88,223.35,222.95,222.26,222.73,223.5,223.35,230.66,230.71,227.83,227.89,228.54,,,
VA,GALLARATE,PO1207000900T0,via Alberone - via Ferrari,1483140,5055620,235,,X,SUPERF. (acquifero locale),,,,,,,215.2,211.67,210.69,210.1,209.9,209.9,209.9,209.51,209.51,209.31,209.31,,209.51,207.57,211.67,209.9,,,
VA,GALLARATE,PO1207002201T0,via Monte S. Martino,1482360,5058150,271,,X,MISTA,,,,,,203.3,203.1,201.93,204.68,203.7,203.5,203.89,203.5,203.89,203.7,203.11,203.11,202.52,201.15,201.54,203.5,202.91,,,
VA,GERENZANO,PO1207502002T0,Discarica - controllo,1497940,5052150,220.65,,X,SUPERF.,,,,,,187.25,,187.45,187.63,187.67,187.65,187.59,187.53,187.3,187.25,187.21,187.16,187.34,187.5,187.59,187.7,187.79,,,
VA,LONATE P.,PO1209000902T0,via Molinelli - Bellaria,1477670,5005023,207.4,,X,SUPERF.,,,,,,158.79,158.54,158.25,158.1,158.04,157.99,157.84,157.79,157.65,157.43,157.32,157.3,157.73,158,158.02,158.03,157.95,,,
VA,LONATE P.,PO1209000903T0,via Molinelli - Bellaria,1477670,5050230,207.45,,X,PROFONDA,,,,,,155.26,153.82,153.33,153.58,154.12,154.65,154.93,154.88,152.81,157.25,157.94,158.26,158.85,151.97,149.31,150.57,151.7,,,
VA,LUINO,PO1209202100T0,via Forlanini,1480320,5093625,214.1,,X,SUPERF. (acquifero locale),,,,,,,197.02,197.08,197.01,196.94,196.94,196.71,196.61,195.48,196.64,196.7,196.69,197.87,197.02,196.91,197.08,197.05,,,
VA,MORNAGO,PO1210601101T0,VINAGO,1480820,5064970,289.4,,,,,,,,,,,276.1,275.15,274.35,273.82,273.27,272.79,,,,,,,,,,,,
VA,MORNAGO,PO1210601504T0,Montonate,1481720,5065240,289.7,,X,SUPERF. (acquifero locale),,,,,,,280.84,278.89,277.82,276.63,276.12,275.54,275.18,273.9,273.37,273.34,273.45,274.03,274.8,274.92,274.96,275.97,,,
VA,SAMARATE,PO1211800500T0,via Mezzomonte - C. Costa,1481085,5052910,223.7,,X,SUPERF.,,,,,,,,,180.34,180.15,180.37,180.23,180.12,179.81,179.58,179.34,179.2,178.91,179,179.16,179.56,179.68,,,
VA,SESTO C.,PO1212000200T0,Abbazia S.P.S. Donato,1471395,5064270,208.22,,X,PROFONDA (valle Ticino),,,,,,,,199.52,199.45,198.88,199.06,198.8,198.48,198.47,198.53,198.66,198.56,199.58,199.62,199.48,199.68,199.92,,,
VA,VENEGONO I.,PO1213600100T0,via Sordelli 1,1492370,5064980,323.5,,X,MISTA,,,,,,282.96,,281.9,282,280.63,281.7,281.66,281.8,281.14,281.12,281.53,280.7,281.05,281.24,281.23,281.31,281.47,,,
