DATA,COLOGNE12,URAGO D'OGLIO34,COMEZZANO13,CASTREZZATO10,CAZZAGO SAN MARTINO11,CAZZAGO SAN MARTINO48,TRAVAGLIATO33,AZZANO MELLA4,BRESCIA8,VEROLAVECCHIA35,ALFIANELLO2,REZZATO31,BEDIZZOLE7,BAGNOLO MELLA6,BAGNOLO MELLA5,MONTIRONE23,GHEDI16,MONTICHIARI45,MONTICHIARI21,CARPENEDOLO9,OFFLAGA25,LENO18,PAVONE DEL MELLA26,ISORELLA17,GAMBARA15,REMEDELLO30,ASOLA4,CASALROMANO23,CASALROMANO25,CASALROMANO24,ISOLA DOVARESE19053,LONATO19,LONATO47,LONATO20,MONZAMBANO70,CAVRIANA37,CAVRIANA35,CAVRIANA36,GUIDIZZOLO55,ACQUAFREDDA3,REDONDESCO84,CASTELLUCCHIO31,MARCARIA62,ROVERBELLA89,BIGARELLO12,CASTEL D'ARIO27,OSTIGLIA76,CURTATONE42,CURTATONE45,SAN BENEDETTO PO92,SAN BENEDETTO PO93,GONZAGA54,GONZAGA53,QUINGENTOLE81,SAN GIACOMO DELLE SEGNATE94,SAN GIOVANNI DOSSO96,REVERE85,BORGOFRANCO SUL PO15,A.I. GORDONAPO014032OR0001,ALBAIRATE0150050010,ALBIZZATEPO1200200800T0,ALBONESE35,ANNICCO019003.0005,APPIANO GENTILE7,ARCISATEPO1200400100T0,ARCONATE0150070002,BASIGLIO0150150005,BASIGLIO0150150001,BELGIOIOSO12,BEREGUARDO28,BERGAMO0160240273,BERNATE TICINO0150190001,BERNINAPO014061OU0002,BERTONICO0980020002,BINAGO13(19),BOARIOPO014066OU0001,BOLGARE0160281385,BORNASCO7,BOZZOLO17,BREGNANO7(9),BREMBATE0160370011,BREME52,BRENNA11(15),BRUGHERIO0150340123,BUBBIANO0150350003,BUCCINASCO0150360002,BULGAROGRASSO6(8),BUSTO A.PO1202602103T0,CABIATE12(17),CANDIA45,CANTU'010 (14),CANTU'13,CAPIAGO INTIMIANO015 (22),CAPPELLA DE' PICENARDI019014.0001,CARAVAGGIO0160530002,CARBONATE1,CARIMATE9(12),CARNATE0154900021,CARNATE0154900019,CARONNO P.PO1203400600T0,CASALE LITTAPO1203600300T0,CASALETTO VAPRIO019020.0001,CASALMAGGIORE019021.0008,CASATENOVOPI097016101,CASEI GEROLA21,CASSANO D'ADDA0150590001,CASSOLNOVO41,CASTEL D'ARIO26,CASTIGLIONE DELLE STIVIERE34,CAVENAGO ADDA0980170064,CAVENAGO ADDA0980170003,CERGNAGO55,CERMENATE018(2bis),CERMENATE11,CERNUSCO LOMBARDONEPC097020003,CERVESINA16,CERVIGNANO A.0980180001,CHIEVE019029.0001,CHIGNOLO D'ISOLA0160722490,CILAVEGNA38,CINGIA DE' BOTTI019031.0003,CINISELLO BALSAMO0150770073,CINISELLO BALSAMO0150770023,CITTIGLIOPO1205100100T0,CIVIDATE AL PIANO0160731283,COMAZZO0980200001,CONCOREZZO0150840002,CORANA17,CORBETTA0150850004,COREZZANA0150920003,CORNAREDO0150870001,COTONIPO014061OR0001,CURA6,CUSAGO0150970003,DALMINE0160910003,DESIO0151000003,DORNO59,FENEGRO'4(6),FIESCO019043.0003,FIGINO SERENZA4 bis,FINO MORNASCO8(10),FOMBIO0980260002,GALLARATEPO1207002201T0,GALLARATEPO1207000900T0,GARLASCO23,GARLASCO26,GAZZUOLO49,GENZONE10,GERENZANOPO1207502002T0,GESSATE0151060008,GIUSSAGO8,GIUSSAGO63,GORLE0161150118,GRAFFIGNANA0980280001,GRASSOBBIO0161170112,GRONTARDO019050.0002,GUSSOLA019052.0004,IMBERSAGOPC097039003,IMBERSAGOPC097039001,INVERIGO18,INZAGO0151140006,ISOLA DOVARESE019053.0002,ISSO0161220512-161220144,IZANO019054.0003,LAINATE0151160008,LANDRIANO30,LANGOSCO46,LAZZATE0151170003,LEVATE0161260105,LIMIDO COMASCO5,LOCATE TRIULZI0151250001,LODIVECCHIO0980320002,LOMELLO53,LONATE P.PO1209000902T0,LONATE P.PO1209000903T0,LUINOPO1209202100T0,LURAGO D'ERBA16(23),MACARIA63,MACCASTORNA0980330001,MADIGNANO019055.0002,MALAGNINO019056.0003,MALEO0980350002,MARCALLO CON CASONE0151340004,MARIANO COMENSE16,MARIANO COMENSE5 bis,MARIANO COMENSE20,MARTINENGO0161330158,MEDEnan,MEDIGLIA0151390001,MERATEPC097048001,MEZZAGO0151450001,MILANO0151460036,MILANO0151460040,MILANO0151460290,MILANO0151460413,MILANO0151460477,MILANO0151461435,MILANO0151461120,MILANO0151461313,MILANO0151461379,MILANO0151461534,MISANO GERA D'ADDA0161350001,MISSAGLIAPI097049101,MONZA0151490084,MORIMONDO0151500013,MORNAGOPO1210601101T0,MORNAGOPO1210601504T0,MORTARA39,MOZZATE1 (2),NAVE24,NERVIANO0151540065,NICORVO36,NOVEDRATE019(3bis),OFFANENGO019062.0005,OLGIATE COMASCO20,OLTRONA DI SAN MAMETTE14(21),ORIO LITTA0980420003,OSNAGOPC097061011,OTTOBIANO56,OZZERO0151650025,PAGAZZANO0161540946,PALESTRO31,PALOSCO0161573378,PALOSCO0161573380,PANTIGLIATE0151670001,PAVIA4,PESCAROLO019069.0003,PESCAROLOnan,PESCHIERA BORROMEO0151710197,PIADENA019071.0003,PIEVE15,PIEVE FISSIRAGA0980450001,PINAROLO18,PIZZIGHETTONE019076.0006,POMPIANO28,PONTE S. PIETRO0161700005,PONTE S. PIETRO0161700003,PONTI SUL MINCIO80,PORTALBERA13,POZZAGLIO019077.0001,PROVAGLIO D'ISEO29,PUMENENGO0161770001,RESCALDINA0151810001,RHO0151820106,RIPALTA ARPINA019080.0002,RIPALTA CREMASCA019081.0002,ROBBIO33,RODANO0151850004,RODENGO32,ROMANENGO019086.0005,RONCELLO0151860001,RONCO BR.0151870001,ROVELLASCA3(5),ROVELLO PORRO017(1bis),ROVELLO PORRO4,S.ANGELO LODIGIANO0980500005,S.GIULIANO0151950015,S.ROCCO AL PORTO0980490001,SABBIONETA91,SALERANO0981900003,SAMARATEPO1211800500T0,SAN  DONATO0151920005,SAN BASSANO019088.0003,SAN DANIELE PO019089.0002,SAN GIOVANNI IN CROCE019090.0001,SAN MARTINO97,SANNAZZARO60,SANTA CRISTINA14,SCANDOLARA RAVARA019092.0004,SEDRIANO0152040003,SEGRATE0152050140,SENAGO0152060004,SERGNANO019094.0004,SESTO C.PO1212000200T0,SESTO SAN GIOVANNI0152090016,SETTALA0152100004,SETTIMO MILANESE0152110005,SIZIANO62,SOLARO0152130021,SOMMO2,SPINEDA019101.0002,STELVIOPO014026OU0001,SUISIO0162091633,TERNO D'ISOLA0162130228,TORNATA019106.0003,TORRAZZA COSTE22,TORRE D'ARESE9,TORREBERETTI25,TREVIGLIO0162190302,TREZZANO S/N0152210001,TROMELLO61,TUFPO014066NR0001,TURATE2(3),URGNANO0162220004,USMATE VELATEPC15227001,VAILATE019112.0003,VALERIANAPO014061OU0001,VALLE LOMELLINA43,VANZAGHELLO0152490020,VANZAGHELLO0152490004,VENEGONO I.PO1213600100T0,VERDERIO SUPERIOREPC09788001,VERDERIO SUPERIORE (**)PI097088101,VERMEZZO0152350001,VERNATE0152360003,VERRUA19,VIADANA105,VIGEVANO47,VIGEVANO49,VIGEVANO50,VIGEVANO48,VIGNATE0152370002,VILLA CARCINA36,VIMERCATE0152410041,VOGHERA27,VOGHERA20,ZERBOLÃ’3,ZINASCO1
2001-01-01,,,,,,,,,,,,,,,,,,,,,,,,,,,,,,,,,,,,,,,,,,,,,,,,,,,,,,,,,,,,,,,,,,,,,,,,,,,,,,,,,,,,,,,,,,,,,,,,,,,,,,,,,,,,,,,,,,,,,,,,,,,,,,,,,,,,,,,,,,,,,,,,,,,,,,,,,,,,,,,,,,,,,,,,,,,,,,,,,,,,,,,,,,,,,,,,,,,,,,,,,,,,,,,,,,,,,,,,,,,,,,,,,,,,,,,,,,,,,,,,,,,,,,,,,,,,,,,,,,,,,,,,,,,,,,,,,,,,,,,,,,,,,,,,,,,,,,,,,,,,,,,,,,,,,,,,,,,,,,
2001-02-01,,,,,,,,,,,,,,,,,,,,,,,,,,,,,,,,,,,,,,,,,,,,,,,,,,,,,,,,,,,,,,,,,,,,,,,,,,,,,,,,,,,,,,,,,,,,,,,,,,,,,,,,,,,,,,,,,,,,,,,,,,,,,,,,,,,,,,,,,,,,,,,,,,,,,,,,,,,,,,,,,,,,,,,,,,,,,,,,,,,,,,,,,,,,,,,,,,,,,,,,,,,,,,,,,,,,,,,,,,,,,,,,,,,,,,,,,,,,,,,,,,,,,,,,,,,,,,,,,,,,,,,,,,,,,,,,,,,,,,,,,,,,,,,,,,,,,,,,,,,,,,,,,,,,,,,,,,,,,,
2001-03-01,,,,,,,,,,,,,,,,,,,,,,,,,,,,,,,,,,,,,,,,,,,,,,,,,,,,,,,,,,,,,,,,,,,,,,,,,,,,,,,,,,,,,,,,,,,,,,,,,,,,,,,,,,,,,,,,,,,,,,,,,,,,,,,,,,,,,,,,,,,,,,,,,,,,,,,,,,,,,,,,,,,,,,,,,,,,,,,,,,,,,,,,,,,,,,,,,,,,,,,,,,,,,,,,,,,,,,,,,,,,,,,,,,,,,,,,,,,,,,,,,,,,,,,,,,,,,,,,,,,,,,,,,,,,,,,,,,,,,,,,,,,,,,,,,,,,,,,,,,,,,,,,,,,,,,,,,,,,,,
2001-04-01,,,,,,,,,,,,,,,,,,,,,,,,,,,,,,,,,,,,,,,,,,,,,,,,,,,,,,,,,,,,,,,,,,,,,,,,,,,,,,,,,,,,,,,,,,,,,,,,,,,,,,,,,,,,,,,,,,,,,,,,,,,,,,,,,,,,,,,,,,,,,,,,,,,,,,,,,,,,,,,,,,,,,,,,,,,,,,,,,,,,,,,,,,,,,,,,,,,,,,,,,,,,,,,,,,,,,,,,,,,,,,,,,,,,,,,,,,,,,,,,,,,,,,,,,,,,,,,,,,,,,,,,,,,,,,,,,,,,,,,,,,,,,,,,,,,,,,,,,,,,,,,,,,,,,,,,,,,,,,
2001-05-01,,,,,,,114.24,,135.2,,43.8,119.35,126.7,85.37,83.0,94.0,,89.6,93.9,,67.45,,47.8,54.07,42.5,,,,,,,89.95,64.7,66.17,,,,,,53.1,,,,,,,,,,,,,,,,,,,,,307.9,,,,360.38,154.77,94.73,93.34,,,175.25,139.03,,36.34,,,162.25,,,,145.14,,,,98.49,107.39,,177.93,,,,,,,109.71,,,,,169.7,,,,,,112.39,,,,60.4,,,,,,,75.88,,180.27,,,,126.37,227.02,190.91,87.22,140.77,,,,,,,,,,,,,,,,,,,,,,,,,,,,,,,,,,,,,,,,,,,,,,,,,,,,,,,,,,,,,,,,,,,,,,,,,,,,,,,,,,,,,,,,,,,,,,,,,,,,,,,,,,,,,,,,,,,,,,,,,,,,,,,,,,,,,,,,,,,,,,,,,,,,,,,,,,,,,,,,,,,,,,,,,,,,,,,,,,,,,,,,,,,,,,,
2001-06-01,,117.24,104.51,114.78,112.84,,114.34,98.42,127.9,,,120.19,127.4,85.52,,92.8,78.31,90.0,94.0,77.92,63.4,,,,,45.22,34.04,31.59,33.39,31.88,,89.75,59.2,60.67,96.79,46.77,54.02,,56.5,,29.9,,20.5,35.18,22.48,12.0,12.0,18.16,20.53,13.4,,16.85,16.52,11.5,12.42,10.02,12.0,10.34,226.84,,305.9,,,,360.02,,94.83,93.64,,,177.18,139.43,284.72,36.44,,403.68,162.0,,24.1,227.8,145.27,,287.3,,98.89,107.49,,178.3,,,,227.7,,,109.91,,209.2,,,,,,,248.99,,112.59,,19.7,77.4,60.5,,,,,,,76.18,,179.38,,,,125.67,226.23,191.72,87.32,140.87,,,,,,,,,,,,,,,,,,,,,,,,,,,,,,,,,,,,,,,,,,,,,,,,,,,,,,,,,,,,,,,,,,,,,,,,,,,,,,,,,,,,,,,,,,,,,,,,,,,,,,,,,,,,,,,,,,,,,,,,,,,,,,,,,,,,,,,,,,,,,,,,,,,,,,,,,,,,,,,,,,,,,,,,,,,,,,,,,,,,,,,,,,,,,,,
2001-07-01,,,,,,,,,124.5,,,,,85.52,82.8,92.7,,90.0,94.6,,,69.97,,,,,33.6,29.1,31.6,30.4,,90.95,58.6,60.07,98.7,47.0,52.0,106.0,56.0,,29.9,26.4,20.2,35.4,22.1,18.6,11.6,18.4,20.6,13.35,13.6,17.3,17.0,11.1,12.1,9.6,9.4,9.9,226.54,,302.9,,,,360.12,156.17,95.13,93.74,,,176.61,140.63,284.41,36.44,,404.58,,,23.9,,145.43,,,,99.19,107.59,,177.73,,,,,,,110.6,,,,,170.17,,,,249.51,,113.09,,19.2,76.6,60.2,,,,,,,76.88,,178.69,,,,126.07,225.36,192.33,87.82,140.87,,,,,,,,,,,,,,,,,,,,,,,,,,,,,,,,,,,,,,,,,,,,,,,,,,,,,,,,,,,,,,,,,,,,,,,,,,,,,,,,,,,,,,,,,,,,,,,,,,,,,,,,,,,,,,,,,,,,,,,,,,,,,,,,,,,,,,,,,,,,,,,,,,,,,,,,,,,,,,,,,,,,,,,,,,,,,,,,,,,,,,,,,,,,,,,
2001-08-01,133.37,,,,,,115.82,98.67,,,,122.68,128.6,86.42,83.66,92.8,,90.15,95.1,78.83,65.55,,,,,,33.7,32.5,29.5,31.9,,91.85,59.4,60.87,97.2,46.4,53.5,,56.7,,29.7,26.45,19.3,35.2,22.1,18.8,11.2,18.4,20.4,12.6,13.1,17.1,17.0,11.0,11.9,9.6,11.0,9.4,226.46,,302.4,,,,360.0,,95.43,93.74,65.56,81.19,177.2,141.93,283.4,,,402.0,,,23.8,,,93.38,,,99.49,107.99,,177.63,,101.54,,,,,111.29,,,,,170.42,,,,248.28,73.21,113.29,108.38,18.35,77.2,,,100.21,,,229.29,62.59,,,178.07,111.98,,,126.37,224.61,191.57,88.12,141.07,,,,,,,,,,,,,,,,,,,,,,,,,,,,,,,,,,,,,,,,,,,,,,,,,,,,,,,,,,,,,,,,,,,,,,,,,,,,,,,,,,,,,,,,,,,,,,,,,,,,,,,,,,,,,,,,,,,,,,,,,,,,,,,,,,,,,,,,,,,,,,,,,,,,,,,,,,,,,,,,,,,,,,,,,,,,,,,,,,,,,,,,,,,,,,,
2001-09-01,,,,,,,,,,,,,,,,,,,,,,,,,,,33.9,30.67,33.06,29.99,,,,,96.53,48.98,57.24,106.42,57.62,,29.8,26.34,20.2,35.19,22.23,18.7,10.7,18.18,20.47,12.66,13.05,16.45,15.96,10.9,11.78,9.46,11.28,9.44,225.93,,302.75,112.56,,,360.22,158.67,94.83,93.34,65.43,79.75,176.24,142.63,283.74,36.24,361.2,399.32,,77.67,24.1,229.2,144.95,93.26,286.0,,99.19,107.79,274.0,177.62,,99.8,224.2,229.9,416.9,,111.01,,214.05,,,170.53,,,,248.78,73.02,113.19,107.88,19.5,77.7,60.0,,99.89,216.8,200.1,228.48,62.47,76.58,,177.92,111.6,,,126.27,223.95,189.66,88.02,140.87,,,,,,,,,,,,,,,,,,,,,,,,,,,,,,,,,,,,,,,,,,,,,,,,,,,,,,,,,,,,,,,,,,,,,,,,,,,,,,,,,,,,,,,,,,,,,,,,,,,,,,,,,,,,,,,,,,,,,,,,,,,,,,,,,,,,,,,,,,,,,,,,,,,,,,,,,,,,,,,,,,,,,,,,,,,,,,,,,,,,,,,,,,,,,,,
2001-10-01,,,,,,,,,,,,,,,,,,,,,,,,,,,34.58,31.05,33.52,32.07,32.11,,,,98.08,46.69,55.13,106.58,56.26,,29.73,26.49,20.28,35.16,22.13,18.87,11.2,18.38,20.38,13.12,13.28,16.56,16.69,10.87,12.03,9.47,10.89,9.37,225.69,,302.56,112.53,46.3,,360.18,157.57,94.53,93.14,65.13,79.65,177.05,,283.96,,,397.18,161.3,77.39,23.82,229.2,144.64,92.95,286.0,,98.79,107.49,,177.28,207.0,99.94,224.6,228.7,,,110.6,224.1,208.5,,,170.38,,84.22,20.21,248.71,73.0,112.09,107.44,19.21,76.75,,,99.71,217.0,199.6,227.69,62.67,,70.74,178.15,111.65,27.02,,126.27,223.88,188.82,87.72,140.57,,,,,,,,,,,,,,,,,,,,,,,,,,,,,,,,,,,,,,,,,,,,,,,,,,,,,,,,,,,,,,,,,,,,,,,,,,,,,,,,,,,,,,,,,,,,,,,,,,,,,,,,,,,,,,,,,,,,,,,,,,,,,,,,,,,,,,,,,,,,,,,,,,,,,,,,,,,,,,,,,,,,,,,,,,,,,,,,,,,,,,,,,,,,,,,
2001-11-01,,,,,,,,,,,,,,,,,,,,,,,,,,,34.96,31.29,33.58,32.98,32.17,,,,97.89,47.83,56.18,106.52,55.96,,29.99,26.78,20.09,35.14,22.43,19.48,4.56,18.24,20.22,12.76,13.16,16.96,15.87,10.97,11.81,9.28,11.07,9.17,225.06,,302.15,112.28,46.36,262.7,360.05,,,,64.73,78.69,176.15,141.63,283.51,,361.0,395.51,160.56,77.47,23.96,,144.07,92.6,285.8,,,,273.8,177.43,207.0,99.48,225.1,228.5,418.8,,110.09,223.9,208.2,,,170.3,,84.12,20.37,248.68,72.9,,106.83,19.87,78.76,,,99.5,,,226.99,62.35,,70.72,178.73,111.56,26.77,,,223.35,187.15,,,,,,,,,,,,,,,,,,,,,,,,,,,,,,,,,,,,,,,,,,,,,,,,,,,,,,,,,,,,,,,,,,,,,,,,,,,,,,,,,,,,,,,,,,,,,,,,,,,,,,,,,,,,,,,,,,,,,,,,,,,,,,,,,,,,,,,,,,,,,,,,,,,,,,,,,,,,,,,,,,,,,,,,,,,,,,,,,,,,,,,,,,,,,,,,,
2001-12-01,,,,,,,,,,,,,,,,,,,,,,,,,,,34.99,31.4,33.72,30.83,32.13,,,,96.27,47.47,56.07,104.83,57.16,,29.99,25.49,,34.94,22.46,19.18,11.0,18.02,20.17,12.4,12.7,16.22,15.97,11.08,11.75,9.27,10.48,9.16,224.73,,301.44,112.05,46.21,263.86,359.86,,,,64.6,78.15,175.87,,283.35,,361.0,395.01,159.5,77.21,23.97,,143.77,92.52,285.15,,,,,177.15,205.95,99.57,224.96,227.61,418.8,,109.79,224.0,207.82,,,170.27,,84.06,20.43,248.3,72.9,,106.8,18.92,78.77,,,99.45,,,226.17,62.27,,70.54,177.72,111.5,26.78,,,222.95,185.77,,,,,,,,,,,,,,,,,,,,,,,,,,,,,,,,,,,,,,,,,,,,,,,,,,,,,,,,,,,,,,,,,,,,,,,,,,,,,,,,,,,,,,,,,,,,,,,,,,,,,,,,,,,,,,,,,,,,,,,,,,,,,,,,,,,,,,,,,,,,,,,,,,,,,,,,,,,,,,,,,,,,,,,,,,,,,,,,,,,,,,,,,,,,,,,,,
2002-01-01,,,,,,,,,,,,,125.4,85.13,,93.2,,85.3,88.8,,,,,,40.28,,34.37,31.4,34.0,32.7,31.73,89.43,64.62,,96.8,46.95,43.68,,56.45,,29.9,26.6,,35.14,22.2,18.55,10.7,,20.0,11.78,12.19,16.5,16.8,10.25,10.8,9.0,10.05,8.85,224.55,120.36,298.98,,,,359.34,,94.03,92.9,64.35,79.97,174.86,127.43,283.21,36.14,,393.85,157.53,76.95,,,143.36,,,121.4,98.19,100.99,,,,99.2,,,,,109.15,,,170.03,193.53,170.02,267.42,83.96,,247.32,72.85,113.7,106.7,19.45,,,57.33,,,,224.85,62.17,76.18,,177.02,111.41,,98.55,125.7,222.26,120.9,87.12,,,,,,,,,,,,,,,,,,,,,,,,,,,,,,,,,,,,,,,,,,,,,,,,,,,,,,,,,,,,,,,,,,,,,,,,,,,,,,,,,,,,,,,,,,,,,,,,,,,,,,,,,,,,,,,,,,,,,,,,,,,,,,,,,,,,,,,,,,,,,,,,,,,,,,,,,,,,,,,,,,,,,,,,,,,,,,,,,,,,,,,,,,,,,,,,
2002-02-01,,,,,,,,,,,,,124.3,85.13,80.75,93.3,,84.7,88.1,,67.46,,,,40.3,,,,,,31.99,,,,,,,,,,,,,,,,,,,,,,,,,,,,224.39,121.06,297.94,,,,359.13,,94.33,93.2,64.39,80.04,174.98,126.93,283.18,35.94,361.82,393.89,157.66,77.1,,228.5,143.34,,278.3,121.0,98.59,100.59,284.7,,205.2,99.35,224.07,,419.35,,109.14,,,170.53,189.93,170.1,267.27,83.99,,248.6,73.0,111.3,106.83,,,,57.23,,216.6,,226.87,62.19,75.98,,181.05,111.56,,98.25,126.9,222.73,120.9,87.32,,,,,,,,,,,,,,,,,,,,,,,,,,,,,,,,,,,,,,,,,,,,,,,,,,,,,,,,,,,,,,,,,,,,,,,,,,,,,,,,,,,,,,,,,,,,,,,,,,,,,,,,,,,,,,,,,,,,,,,,,,,,,,,,,,,,,,,,,,,,,,,,,,,,,,,,,,,,,,,,,,,,,,,,,,,,,,,,,,,,,,,,,,,,,,,,
2002-03-01,,114.68,104.23,111.88,,114.93,112.5,98.35,,54.56,,,124.5,85.03,82.0,92.7,,84.1,87.5,,,,,,40.3,,34.3,31.35,,33.3,32.07,87.7,63.81,,96.8,,,,56.28,,29.98,26.7,,34.95,22.36,19.9,,,20.08,12.2,12.75,,17.0,10.35,11.82,,10.7,,224.38,120.46,298.42,,46.09,,359.09,,94.23,93.3,64.09,79.6,173.48,126.83,283.31,35.74,362.44,392.17,158.37,77.84,,228.6,143.15,,,120.6,98.39,100.69,284.71,,,99.23,224.31,,419.28,34.76,108.75,,,170.23,189.73,169.8,267.57,83.82,20.53,249.2,73.1,111.7,106.66,18.6,,,56.93,,,,230.6,62.19,75.98,70.33,179.64,111.54,26.69,98.05,126.1,223.5,120.83,87.22,,,,,,,,,,,,,,,,,,,,,,,,,,,,,,,,,,,,,,,,,,,,,,,,,,,,,,,,,,,,,,,,,,,,,,,,,,,,,,,,,,,,,,,,,,,,,,,,,,,,,,,,,,,,,,,,,,,,,,,,,,,,,,,,,,,,,,,,,,,,,,,,,,,,,,,,,,,,,,,,,,,,,,,,,,,,,,,,,,,,,,,,,,,,,,,,
2002-04-01,,,103.97,111.37,,114.34,,,,52.62,,,125.3,85.03,81.7,92.4,,84.2,87.4,,,,,,40.3,,34.9,31.35,,32.87,31.94,86.4,63.43,,97.2,,54.5,,56.5,,30.0,26.7,,34.95,22.35,19.8,,,20.35,12.2,12.65,,17.0,10.4,12.1,,10.55,,224.74,120.46,295.02,,,,359.17,,94.43,93.4,63.95,,,126.83,283.18,,363.98,392.2,,,,228.4,,,,121.7,97.99,,284.2,,,99.65,,,418.95,,,,,,,169.88,267.59,83.77,,248.82,73.19,111.1,106.92,18.65,,,,,216.6,,229.55,62.18,,,,111.61,,97.85,125.7,223.35,,86.92,,,,,,,,,,,,,,,,,,,,,,,,,,,,,,,,,,,,,,,,,,,,,,,,,,,,,,,,,,,,,,,,,,,,,,,,,,,,,,,,,,,,,,,,,,,,,,,,,,,,,,,,,,,,,,,,,,,,,,,,,,,,,,,,,,,,,,,,,,,,,,,,,,,,,,,,,,,,,,,,,,,,,,,,,,,,,,,,,,,,,,,,,,,,,,,,
2002-05-01,,115.39,104.46,111.94,,114.33,,98.5,,,,,127.5,,,92.85,,85.1,88.4,,,,,,,,,,,,32.27,87.79,63.07,,,,,,56.05,,,,,,,,,,,,,,,,,,,,226.26,121.36,301.07,,,,359.59,,94.53,92.9,64.64,80.5,175.98,127.23,283.93,,363.86,393.68,161.37,77.38,,228.4,144.43,,,122.0,98.49,101.19,286.69,,,101.4,224.62,,419.55,,109.17,,206.68,170.93,190.53,170.16,269.62,84.12,,250.28,73.57,112.5,107.69,,,,,,216.8,,231.79,62.51,,,181.44,111.56,,97.65,124.5,230.66,121.84,87.52,,,,,,,,,,,,,,,,,,,,,,,,,,,,,,,,,,,,,,,,,,,,,,,,,,,,,,,,,,,,,,,,,,,,,,,,,,,,,,,,,,,,,,,,,,,,,,,,,,,,,,,,,,,,,,,,,,,,,,,,,,,,,,,,,,,,,,,,,,,,,,,,,,,,,,,,,,,,,,,,,,,,,,,,,,,,,,,,,,,,,,,,,,,,,,,,
2002-06-01,,116.54,104.26,113.28,,114.46,112.25,,,50.61,,118.63,126.9,85.08,81.6,92.0,,85.3,89.0,,65.48,,,,40.3,,,29.7,,31.9,32.37,88.09,60.45,,96.35,,,,57.4,,30.0,26.6,,35.3,22.15,19.6,,,20.49,12.3,13.8,,17.0,10.9,12.45,,11.45,,226.27,121.36,302.55,,,,359.64,,94.63,93.2,64.62,79.45,176.23,128.53,284.11,,363.04,396.18,162.4,77.38,,,144.5,,284.75,122.6,98.59,100.99,286.95,,204.6,101.56,224.22,,419.35,,109.3,,205.85,,,170.3,269.15,84.1,,250.73,72.97,112.5,107.8,18.75,,,,,216.7,,232.51,62.31,,,180.4,111.62,,97.95,124.7,230.71,121.9,87.72,,,,,,,,,,,,,,,,,,,,,,,,,,,,,,,,,,,,,,,,,,,,,,,,,,,,,,,,,,,,,,,,,,,,,,,,,,,,,,,,,,,,,,,,,,,,,,,,,,,,,,,,,,,,,,,,,,,,,,,,,,,,,,,,,,,,,,,,,,,,,,,,,,,,,,,,,,,,,,,,,,,,,,,,,,,,,,,,,,,,,,,,,,,,,,,,
2002-07-01,,117.54,104.88,114.99,,115.39,,,,50.38,,,129.2,85.13,81.6,92.05,,86.1,90.0,,,,,,39.5,,,,,,,89.4,59.35,,97.4,,,,,,,26.4,,35.2,22.18,19.0,,,,,13.6,,17.1,10.31,12.04,,11.6,,225.82,,302.23,,,,359.7,,,,64.9,80.79,176.62,,283.82,,362.84,397.63,163.72,77.83,,,144.97,,,,,101.04,285.32,,,101.6,,,418.83,,110.53,,,,,170.3,268.9,,,250.23,72.62,,108.34,19.1,,,,,,,232.15,62.27,,,180.8,111.62,,,,227.83,122.43,,,,,,,,,,,,,,,,,,,,,,,,,,,,,,,,,,,,,,,,,,,,,,,,,,,,,,,,,,,,,,,,,,,,,,,,,,,,,,,,,,,,,,,,,,,,,,,,,,,,,,,,,,,,,,,,,,,,,,,,,,,,,,,,,,,,,,,,,,,,,,,,,,,,,,,,,,,,,,,,,,,,,,,,,,,,,,,,,,,,,,,,,,,,,,,,,
2002-08-01,,117.92,105.34,116.41,,116.8,115.12,98.36,119.3,49.17,,121.17,129.6,85.13,,93.6,,87.8,91.8,,67.4,,,,41.7,,31.7,30.7,,32.0,,91.35,63.8,,,,,,,,29.8,,,,,,,,,,,,,,,,,,225.89,122.16,303.06,,,,359.63,,95.03,93.68,65.5,80.99,177.27,130.93,284.52,36.64,362.44,397.18,164.33,78.12,,,144.88,,,124.0,99.19,101.39,,,,101.41,224.26,,419.0,,110.94,,206.75,169.73,190.43,170.9,269.16,,,250.81,72.62,112.8,108.42,,,,58.13,,,,232.48,62.32,76.68,,179.74,111.62,,98.85,125.07,227.89,122.5,88.32,,,,,,,,,,,,,,,,,,,,,,,,,,,,,,,,,,,,,,,,,,,,,,,,,,,,,,,,,,,,,,,,,,,,,,,,,,,,,,,,,,,,,,,,,,,,,,,,,,,,,,,,,,,,,,,,,,,,,,,,,,,,,,,,,,,,,,,,,,,,,,,,,,,,,,,,,,,,,,,,,,,,,,,,,,,,,,,,,,,,,,,,,,,,,,,,
2002-09-01,,,,,,,114.94,98.42,,,,120.88,127.9,,,93.97,,88.0,92.0,,67.62,,,,,,31.36,29.9,33.8,32.9,,91.7,65.06,,97.4,47.7,55.52,,,,29.47,26.55,20.55,35.1,22.25,20.0,11.82,,17.3,13.1,13.7,17.1,16.8,10.96,12.0,9.6,11.6,9.9,225.37,121.46,302.48,,,,359.78,,95.13,93.68,65.45,80.96,176.45,131.53,283.36,36.64,363.19,396.2,163.68,77.86,,,140.4,,,124.4,99.39,101.39,,,,100.4,,,419.27,,110.62,,,170.03,190.93,171.23,270.06,,,251.55,72.48,112.3,107.95,18.8,,,58.33,,,,234.18,62.27,76.88,,180.42,111.79,,99.15,125.67,228.54,122.06,88.12,,,,,,,,,,,,,,,,,,,,,,,,,,,,,,,,,,,,,,,,,,,,,,,,,,,,,,,,,,,,,,,,,,,,,,,,,,,,,,,,,,,,,,,,,,,,,,,,,,,,,,,,,,,,,,,,,,,,,,,,,,,,,,,,,,,,,,,,,,,,,,,,,,,,,,,,,,,,,,,,,,,,,,,,,,,,,,,,,,,,,,,,,,,,,,,,
2002-10-01,,,,,,,,98.2,,,,,,,,,,,,,,,,,,,,,,,,,,,,,,,,,,,,,,,,,,,,,,,,,,,225.19,,,,,,,,,,,,,,283.46,,,394.98,,,,,,,,,,,,,,,,,,,,,,,,,,,,,,,,,,,,,,,,,,,,,,,,,,,,,,,,,,,,,,,,,,,,,,,,,,,,,,,,,,,,,,,,,,,,,,,,,,,,,,,,,,,,,,,,,,,,,,,,,,,,,,,,,,,,,,,,,,,,,,,,,,,,,,,,,,,,,,,,,,,,,,,,,,,,,,,,,,,,,,,,,,,,,,,,,,,,,,,,,,,,,,,,,,,,,,,,,,,,,,,,,,,,,,,,,,,,,,,,,,
2002-11-01,,,,,,,,,,,,,,,,,,,,,,,,,,,,,,,,,,,,,,,,,,,,,,,,,,,,,,,,,,,,,,,,,,,,,,,,,,,,,,,,,,,,,,,,,,,,,,,,,,,,,,,,,,,,,,,,,,,,,,,,,,,,,,,,,,,,,,,,,,,,,,,,,,,,,,,,,,,,,,,,,,,,,,,,,,,,,,,,,,,,,,,,,,,,,,,,,,,,,,,,,,,,,,,,,,,,,,,,,,,,,,,,,,,,,,,,,,,,,,,,,,,,,,,,,,,,,,,,,,,,,,,,,,,,,,,,,,,,,,,,,,,,,,,,,,,,,,,,,,,,,,,,,,,,,,,,,,,,,,
2002-12-01,,,,,,,,,,,,,,,,,,,,,,,,,,,,,,,,,,,,,,,,,,,,,,,,,,,,,,,,,,,,,,,,,,,,,,,,,,,,,,,,,,,,,,,,,,,,,,,,,,,,,,,,,,,,,,,,,,,,,,,,,,,,,,,,,,,,,,,,,,,,,,,,,,,,,,,,,,,,,,,,,,,,,,,,,,,,,,,,,,,,,,,,,,,,,,,,,,,,,,,,,,,,,,,,,,,,,,,,,,,,,,,,,,,,,,,,,,,,,,,,,,,,,,,,,,,,,,,,,,,,,,,,,,,,,,,,,,,,,,,,,,,,,,,,,,,,,,,,,,,,,,,,,,,,,,,,,,,,,,
2003-01-01,,,104.68,113.62,,117.96,,98.63,122.7,51.48,,,127.9,85.13,81.7,93.95,,87.95,91.4,,67.76,,,,,,31.0,31.97,34.38,32.22,32.68,90.65,65.07,,98.5,47.7,16.95,56.82,57.0,,29.27,27.1,,,22.68,19.0,12.1,,20.9,,13.95,16.95,,11.0,,,,10.2,225.37,120.76,307.12,,,,360.18,,94.6,95.3,64.6,80.38,175.3,128.13,283.56,36.44,363.22,396.72,,77.83,,228.1,143.9,,287.0,123.9,99.39,100.69,,,207.1,99.71,225.65,,419.82,,109.85,,210.2,170.23,191.03,172.46,271.32,84.0,,253.03,74.8,108.69,106.93,18.96,,,58.73,,220.5,,241.37,63.07,76.68,,181.16,111.42,,98.95,123.9,228.23,121.1,88.02,,,,,,,,,,,,,,,,,,,,,,,,,,,,,,,,,,,,,,,,,,,,,,,,,,,,,,,,,,,,,,,,,,,,,,,,,,,,,,,,,,,,,,,,,,,,,,,,,,,,,,,,,,,,,,,,,,,,,,,,,,,,,,,,,,,,,,,,,,,,,,,,,,,,,,,,,,,,,,,,,,,,,,,,,,,,,,,,,,,,,,,,,,,,,,,,
2003-02-01,,,104.29,112.83,,117.05,,98.5,,53.5,,,,,,,,,,,,,,,,,30.88,31.75,34.2,32.7,32.8,,,,97.4,47.1,17.2,56.49,56.7,,29.47,26.9,,,22.45,19.68,11.85,,20.3,,13.28,17.2,,10.6,,,,9.3,224.845,120.86,305.66,,,,359.88,,94.5,95.1,64.28,80.25,175.24,127.93,283.243,36.34,362.87,395.706,162.16,77.5,,228.1,144.5,,286.7,123.6,99.19,101.09,,,207.9,99.42,225.7,,419.62,,109.51,,209.95,170.03,191.23,172.3,270.66,83.81,,252.22,74.5,108.89,106.62,18.74,,,58.73,,220.5,,238.1,62.93,76.38,,179.97,111.29,,98.75,123.7,226.46,121.39,88.12,,,,,,,,,,,,,,,,,,,,,,,,,,,,,,,,,,,,,,,,,,,,,,,,,,,,,,,,,,,,,,,,,,,,,,,,,,,,,,,,,,,,,,,,,,,,,,,,,,,,,,,,,,,,,,,,,,,,,,,,,,,,,,,,,,,,,,,,,,,,,,,,,,,,,,,,,,,,,,,,,,,,,,,,,,,,,,,,,,,,,,,,,,,,,,,,
2003-03-01,,,104.13,112.42,,116.68,,98.46,,51.93,,,,,,,,,,,,,,,,,,31.6,34.07,,32.78,,,,97.2,46.6,,,56.7,,29.47,26.85,,,22.3,19.8,11.3,,17.2,,13.05,16.85,,10.66,,,,,224.465,120.36,,,,,,,94.1,94.8,,,174.4,127.23,283.153,36.44,362.54,394.256,160.49,,,228.4,144.05,,286.3,123.1,98.79,100.69,,,207.5,,225.8,,418.28,,109.03,,209.75,169.23,190.83,,,83.68,,250.38,,108.49,,19.6,,,58.53,,220.4,,234.94,,76.18,,179.92,,,98.45,123.3,,121.02,87.62,,,,,,,,,,,,,,,,,,,,,,,,,,,,,,,,,,,,,,,,,,,,,,,,,,,,,,,,,,,,,,,,,,,,,,,,,,,,,,,,,,,,,,,,,,,,,,,,,,,,,,,,,,,,,,,,,,,,,,,,,,,,,,,,,,,,,,,,,,,,,,,,,,,,,,,,,,,,,,,,,,,,,,,,,,,,,,,,,,,,,,,,,,,,,,,,
2003-04-01,,,103.92,112.21,,116.3,,97.9,,51.36,,,,,,,,,,,,,,,,,,,,,,,,,,,,,,,,,,,,,,,,,,,,,,,,,225.925,,,,,,,,,,,,174.4,,283.143,,,393.366,158.76,,,,143.58,,,,,,,,,,225.73,,,,109.05,,,,,,,,,248.97,,,,,,,,,220.5,,231.35,,,,178.12,,,,,,121.03,,,,,,,,,,,,,,,,,,,,,,,,,,,,,,,,,,,,,,,,,,,,,,,,,,,,,,,,,,,,,,,,,,,,,,,,,,,,,,,,,,,,,,,,,,,,,,,,,,,,,,,,,,,,,,,,,,,,,,,,,,,,,,,,,,,,,,,,,,,,,,,,,,,,,,,,,,,,,,,,,,,,,,,,,,,,,,,,,,,,,,,,,,,,,,,,,
