gid,id_punto,id_originale,id_ente,tipo_punto,id_acquifero,id_hydros,presenza_strat,stratigrafia_pdf,istat_comune,istat_prov,x_sr1,y_sr1,x_sr2,y_sr2,quota_testa_tubo,nota_coordinate,quota_piano_campagna,fonte_quota_piano_campagna,indirizzo_punto,ente_gestore,proprieta,indirizzo_proprieta,fonte,bacino_idro,note
1,PO0160130R0002,,,POZZO,,,,,ARZAGO D'ADDA,BG,1545721.0,5035382.0,545694.0,5035362.0,106.0,,106.0,,,,,,PTUA2022,IT03GWBISSMPAO,
2,PO0160240R0273,,,POZZO,,,,,BERGAMO,BG,1552434.0,5057641.0,552407.0,5057621.0,231.478,,231.478,,,,,,PTUA2022-PTUA2003,IT03GWBISSAPAO,N. Istit. Ital. d' Arti Grafiche S.p.a.-via Zanica
3,PO0160240R0296,,,PIEZOMETRO,,,,,BERGAMO,BG,1552422.0,5057977.0,552395.0,5057957.0,232.0,,232.0,,,,,,PTUA2022,IT03GWBISSAPAO,
4,PO0160280R0003,,,PIEZOMETRO,,,,,BOLGARE,BG,1563297.0,5053209.0,563270.0,5053189.0,192.624,,192.474,,,,,,PTUA2022,IT03GWBISSAPAO,
5,PO0160400U0001,,,POZZO,,,,,BRIGNANO GERA D'ADDA,BG,1550989.0,5043697.0,550962.0,5043677.0,130.0,,130.0,,,,,,PTUA2022,IT03GWBISSAPAO,
6,PO016042NU0001,,,POZZO,,,,,BRUSAPORTO,BG,1560042.0,5057541.0,560015.0,5057521.0,232.0,,232.0,,,,,,PTUA2022,IT03GWBISSAPAO,
7,PO0160510R0161,,,POZZO,,,,,CAPRIATE SAN GERVASIO,BG,1541744.0,5050891.0,541717.0,5050871.0,187.12,,187.12,,,,,,PTUA2022,IT03GWBISSAPAO,
8,PO0160750U0002,,,POZZO,,,,,CISERANO,BG,1546806.0,5047858.0,546779.0,5047838.0,159.316,,158.566,,,,,,PTUA2022,IT03GWBISSAPAO,
9,PO0160750U0003,,,PIEZOMETRO,,,,,CISERANO,BG,1548113.0,5048625.0,548086.0,5048605.0,159.04,,159.04,,,,,,PTUA2022,IT03GWBISSAPAO,
10,PO0160760R1284,,,PIEZOMETRO,,,,,CIVIDATE AL PIANO,BG,1565680.0,5042216.0,565653.0,5042196.0,131.5,,131.5,,,,,,PTUA2022,IT03GWBISSAPAO,
11,PO0160830R0001,,,POZZO,,,,,CORTENUOVA,BG,1561898.0,5042230.0,561871.0,5042210.0,130.43,,130.43,,,,,,PTUA2022,IT03GWBISSAPAO,
12,PO0160870R0001,,,POZZO,,,,,COVO,BG,1559535.0,5038855.0,559508.0,5038835.0,114.6,,114.6,,,,,,PTUA2022,IT03GWBISSMPAO,
13,PO0160890R0001,,,POZZO,,,,,CURNO,BG,1546246.0,5058675.0,546219.0,5058655.0,201.044,,200.294,,,,,,PTUA2022,IT03GWBISSAPAO,
14,PO0160960U0001,,,POZZO,,,,,FARA GERA D'ADDA,BG,1541590.0,5044959.0,541563.0,5044939.0,131.0,,131.0,,,,,,PTUA2022,IT03GWBISSAPAO,
15,PO0160980R0009,,,PIEZOMETRO,,,,,FILAGO,BG,1541822.0,5054580.0,541795.0,5054560.0,202.836,,202.836,,,,,,PTUA2022,IT03GWBISSAPAO,
16,PO0161010R0001,,,POZZO,,,,,FONTANELLA,BG,1563895.0,5036351.0,563868.0,5036331.0,110.02,,110.02,,,,,,PTUA2022,IT03GWBISSMPAO,
17,PO0161130R0001,,,POZZO,,,,,GHISALBA,BG,1559921.0,5049763.0,559894.0,5049743.0,169.0,,169.0,,,,,,PTUA2022,IT03GWBISSAPAO,
18,PO0161150R0118,,,POZZO,,,,,GORLE,BG,1555493.0,5060225.0,555466.0,5060205.0,261.5,,261.5,,,,,,PTUA2022,IT03GWBISSAPAO,
19,PO0161150U0002,,,PIEZOMETRO,,,,,GORLE,BG,1555777.0,5060403.0,555750.0,5060383.0,262.955,,262.955,,,,,,PTUA2022,IT03GWBISSAPAO,
20,PO0161170R0112,,,POZZO,,,,,GRASSOBBIO,BG,1557640.0,5053380.0,557613.0,5053360.0,195.1,,195.1,,,,,,PTUA2022,IT03GWBISSAPAO,
21,PO016117NU0001,,,PIEZOMETRO,,,,,GRASSOBBIO,BG,1556849.0,5054086.0,556822.0,5054066.0,204.898,,204.898,,,,,,PTUA2022,IT03GWBISSAPAO,
22,PO0161220R0519,,,POZZO,,,,,ISSO,BG,1556780.0,5036747.0,556753.0,5036727.0,104.8,,104.8,,,,,,PTUA2022,IT03GWBISSMPAO,
23,PO016123NU0001,,,POZZO,,,,,LALLIO,BG,1548663.0,5057222.0,548636.0,5057202.0,216.8,,216.8,,,,,,PTUA2022,IT03GWBISSAPAO,
24,PO0161260R0002,,,POZZO,,,,,LEVATE,BG,1549398.0,5052203.0,549371.0,5052183.0,183.3,,183.3,,,,,,PTUA2022,IT03GWBISSAPAO,
25,PO0161290R0001,,,POZZO,,,,,LURANO,BG,1550487.0,5045663.0,550460.0,5045643.0,142.426,,142.296,,,,,,PTUA2022,IT03GWBISSAPAO,
26,PO0161330R0158,,,POZZO,,,,,MARTINENGO,BG,1559095.0,5046594.0,559068.0,5046574.0,150.7,,150.7,,,,,,PTUA2022,IT03GWBISSAPAO,
27,PO0161400R0001,,,POZZO,,,,,MORENGO,BG,1554070.0,5044692.0,554043.0,5044672.0,139.3,,139.3,,,,,,PTUA2022,IT03GWBISSAPAO,
28,PO0161530R0004,,,PIEZOMETRO,,,,,OSIO SOTTO,BG,1544489.0,5052062.0,544462.0,5052042.0,182.635,,181.915,,,,,,PTUA2022,IT03GWBISSAPAO,
29,PO0161540R0001,,,POZZO,,,,,PAGAZZANO,BG,1553584.0,5042001.0,553557.0,5041981.0,122.91,,122.73,,,,,,PTUA2022,IT03GWBISSAPAO,
30,PO0161570R3380,,,POZZO,,,,,PALOSCO,BG,1564693.0,5047606.0,564666.0,5047586.0,149.671,,149.501,,,,,,PTUA2022,IT03GWBISSAPAO,
31,PO0161720U0001,,,POZZO,,,,,PONTIROLO NUOVO,BG,1544767.0,5046525.0,544740.0,5046505.0,154.4,,154.4,,,,,,PTUA2022,IT03GWBISSAPAO,
32,PO0161770U0001,,,POZZO,,,,,PUMENENGO,BG,1567775.0,5036488.0,567748.0,5036468.0,110.197,,110.197,,,,,,PTUA2022,IT03GWBISSAPAO,DATI SONDA AUTOMATICA NON VALIDI
33,PO0161830R0003,,,POZZO,,,,,ROMANO DI LOMBARDIA,BG,1559087.0,5041618.0,559060.0,5041598.0,124.207,,124.207,,,,,,PTUA2022,IT03GWBISSAPAO,
34,PO0162070R0001,,,POZZO,,,,,STEZZANO,BG,1551930.0,5055420.0,551903.0,5055400.0,214.0,,214.0,,,,,,PTUA2022,IT03GWBISSAPAO,
35,PO0162120R0001,,,POZZO,,,,,TELGATE,BG,1567114.0,5052583.0,567087.0,5052563.0,191.0,,190.5,,,,,,PTUA2022,IT03GWBISSAPAO,
36,PO0162130R0002,,,PIEZOMETRO,,,,,TERNO D'ISOLA,BG,1541535.0,5059487.0,541508.0,5059467.0,230.29,,230.29,,,,,,PTUA2022,IT03GWBISSAPAO,
37,PO016219NUP001,,,POZZO,,,,,TREVIGLIO,BG,1546081.0,5041378.0,546054.0,5041359.0,127.309,,126.559,,,,,,PTUA2022,IT03GWBISSAPAO,
38,PO0162240R0001,,,POZZO,,,,,VALBREMBO,BG,1546514.0,5062518.0,546487.0,5062498.0,239.214,,239.214,,,,,,PTUA2022,IT03GWBISSAPAO,
39,PO0170020RC545,,,POZZO,,,,,ADRO,BS,1573729.0,5052149.0,573702.0,5052129.0,214.63,,214.63,,,,,,PTUA2022,IT03GWBISSAPOM,
40,PO017122NRP001,,,POZZO,,,,,BARBARIGA,BS,1583867.0,5027930.0,583840.0,5027911.0,80.26,,80.05,,,,,,PTUA2022,IT03GWBISSMPOM,
41,PO017013NRP001,,,POZZO,,,,,BASSANO BRESCIANO,BS,1587770.0,5018673.0,587743.0,5018654.0,61.799,,62.549,,,,,,PTUA2022,IT03GWBISSMPOM,
42,PO0170290RC490,,,POZZO,,,,,BRESCIA,BS,1600991.0,5039616.0,600963.0,5039596.0,135.48,,135.48,,,,,,PTUA2022,IT03GWBISSAPOM,
43,PO0170290UB135,,,PIEZOMETRO,,,,,BRESCIA,BS,1591245.0,5041399.0,591217.0,5041379.0,119.62,,119.62,,,,,,PTUA2022,IT03GWBISSAPOM,
44,PO017029NR0001,,,PIEZOMETRO,,,,,BRESCIA,BS,1591999.0,5038838.0,591971.0,5038818.0,107.06,,107.06,,,,,,PTUA2022,IT03GWBISSAPOM,
45,PO017029NU0001,,,PIEZOMETRO,,,,,BRESCIA,BS,1593209.0,5043760.0,593181.0,5043740.0,139.77,,139.77,,,,,,PTUA2022,IT03GWBISSAPOM,vicino barriera idraulica Caffaro
46,PO0170340RC481,,,PIEZOMETRO,,,,,CALVISANO,BS,1603526.0,5027971.0,603498.0,5027951.0,85.95,,85.8,,,,,,PTUA2022,IT03GWBISSAPOM,
47,PO0170340RC483,,,PIEZOMETRO,,,,,CALVISANO,BS,1604597.0,5024878.0,604569.0,5024858.0,75.97,,75.64,,,,,,PTUA2022,IT03GWBISSAPOM,
48,PO017037NRP001,,,PIEZOMETRO,,,,,CAPRIANO DEL COLLE,BS,1589919.0,5032092.0,589892.0,5032072.0,86.237,,85.787,,,,,,PTUA2022,IT03GWBISSMPOM,
49,PO0170400RC511,,,PIEZOMETRO,,,,,CASTEGNATO,BS,1584432.0,5046137.0,584404.0,5046117.0,157.22,,157.28,,,,,,PTUA2022,IT03GWBISSAPOM,
50,PO0170450RC542,,,POZZO,,,,,CASTREZZATO,BS,1578823.0,5040233.0,578796.0,5040213.0,129.4,,129.92,,,,,,PTUA2022,IT03GWBISSAPOM,
51,PO0170590UC609,,,POZZO,,,,,COLOGNE,BS,1573715.0,5047385.0,573688.0,5047365.0,172.98,,172.98,,,,,,PTUA2022,IT03GWBISSAPOM,
52,PO0170600UC013,,,POZZO,,,,,COMEZZANO - CIZZAGO,BS,1574609.0,5036396.0,574582.0,5036376.0,109.54,,108.89,,,,,,PTUA2022,IT03GWBISSMPOM,
53,PO0170710RC478,,,PIEZOMETRO,,,,,FIESSE,BS,1604088.0,5008251.0,604060.0,5008231.0,41.5,,40.78,,,,,,PTUA2022,IT03GWBISSMPOM,
54,PO017073NUP001,,,POZZO,,,,,GAMBARA,BS,1601147.0,5012366.0,601119.0,5012346.0,48.524,,48.324,,,,,,PTUA2022,IT03GWBISSMPOM,
55,PO0170860UC579,,,POZZO,,,,,ISORELLA,BS,1604146.0,5018664.0,604118.0,5018644.0,55.48,,55.78,,,,,,PTUA2022,IT03GWBISSMPOM,
56,PO0170880RC541,,,PIEZOMETRO,,,,,LENO,BS,1596052.0,5022698.0,596024.0,5022678.0,62.16,,62.16,,,,,,PTUA2022,IT03GWBISSMPOM,
57,PO0171130RC561,,,PIEZOMETRO,,,,,MONTICHIARI,BS,1605394.0,5033615.0,605366.0,5033595.0,118.75,,120.0,,,,,,PTUA2022,IT03GWBISSAPOM,
58,PO017113NRD106,,,POZZO,,,,,MONTICHIARI,BS,1605228.0,5032203.0,605200.0,5032183.0,111.68,,111.28,,,,,,PTUA2022,IT03GWBISSAPOM,
59,PO0171140UC023,,,POZZO,,,,,MONTIRONE,BS,1596343.0,5033180.0,596315.0,5033160.0,98.78,,100.61,,,,,,PTUA2022,IT03GWBISSAPOM,
60,PO0171500UC557,,,POZZO,,,,,PONTOGLIO,BS,1567026.0,5046862.0,566999.0,5046842.0,154.43,,156.23,,,,,,PTUA2022,IT03GWBISSAPOM,
61,PO0171630UC032,,,POZZO,,,,,RODENGO SAIANO,BS,1586957.0,5049659.0,586929.0,5049639.0,172.4,,172.4,,,,,,PTUA2022,IT03GWBISSAPOM,
62,PO0171660UC529,,,POZZO,,,,,ROVATO,BS,1579399.0,5046613.0,579372.0,5046593.0,176.48,,176.48,,,,,,PTUA2022,IT03GWBISSAPOM,
63,PO0171960RC629,,,POZZO,,,,,VEROLAVECCHIA,BS,1581582.0,5015456.0,581554.0,5015436.0,49.54,,50.09,,,,,,PTUA2022,IT03GWBISSMPOM,
64,PO0130230U0003,,,POZZO,,,,,BINAGO,CO,1492831.0,5069906.0,492805.0,5069886.0,372.084,,373.384,,,,,,PTUA2022,IT03GWBISSAPTA,
65,PO0130280U0009,,,POZZO,,,,,BREGNANO,CO,1503977.0,5061937.0,503950.0,5061917.0,281.548,,283.013,,,,,,PTUA2022,IT03GWBISSAPTA,
66,PO013029NU0003,,,POZZO,,,,,BRENNA,CO,1514944.0,5064415.0,514917.0,5064395.0,340.871,,342.371,,,,,,PTUA2022,IT03GWBISSAPTA,
67,PO0130460U0001,,,POZZO,,,,,CARIMATE,CO,1508169.0,5061986.0,508142.0,5061966.0,250.348,,253.598,,,,,,PTUA2022,IT03GWBISSAPTA,
68,PO013064NU0002,,,POZZO,,,,,CERMENATE,CO,1506455.0,5061527.0,506428.0,5061507.0,301.932,,304.572,,,,,,PTUA2022,IT03GWBISSAPTA,
69,PO0131000U0002,,,POZZO,,,,,FENEGRO',CO,1500080.0,5061944.0,500053.0,5061924.0,301.197,,300.817,,,,,,PTUA2022,IT03GWBISSAPTA,
70,PO0131310U0001,,,POZZO,,,,,LOCATE VARESINO,CO,1494622.0,5059677.0,494595.0,5059657.0,272.942,,273.982,,,,,,PTUA2022,IT03GWBISSAPTA,
71,PO0131330U0009,,,POZZO,,,,,LOMAZZO,CO,1502044.0,5061531.0,502017.0,5061511.0,303.805,,306.115,,,,,,PTUA2022,IT03GWBISSAPTA,
72,PO013138NU0001,,,POZZO,,,,,LURATE CACCIVIO,CO,1499675.0,5067227.0,499648.0,5067207.0,324.141,,326.341,,,,,,PTUA2022,IT03GWBISSAPTA,
73,PO013143NUP001,,,POZZO,,,,,MARIANO COMENSE,CO,1513136.0,5061586.0,513110.0,5061567.0,284.119,,285.209,,,,,,PTUA2022,IT03GWBISSAPTA,
74,PO0131590U0001,,,POZZO,,,,,MOZZATE,CO,1495984.0,5058535.0,495957.0,5058515.0,260.0,,261.965,,,,,,PTUA2022,IT03GWBISSAPTA,
75,PO0131690U0001,,,POZZO,,,,,OLTRONA DI SAN MAMETTE,CO,1497858.0,5067077.0,497832.0,5067057.0,366.316,,367.466,,,,,,PTUA2022,IT03GWBISSAPTA,
76,PO019021NRA001,,,POZZO,,,,,CASALMAGGIORE,CR,1612303.0,4981188.0,612274.0,4981169.0,23.57,,23.57,,,,,,PTUA2022,IT03GWBISSBPPO,
77,PO019027NRA001,,,PIEZOMETRO,,,,,CASTELVISCONTI,CR,1574426.0,5015792.0,574398.0,5015772.0,65.2,,64.48,,,,,,PTUA2022,IT03GWBISSMPAO,
78,PO019033NRA001,,,PIEZOMETRO,,,,,CORTE DE' FRATI,CR,1586592.0,5006566.0,586564.0,5006546.0,48.01,,47.83,,,,,,PTUA2022,IT03GWBISSMPAO,
79,PO019035NRA001,,,PIEZOMETRO,,,,,CREMA,CR,1552672.0,5022953.0,552645.0,5022933.0,77.81,,77.81,,,,,,PTUA2022,IT03GWBISSMPAO,
80,PO019036NUA001,,,PIEZOMETRO,,,,,CREMONA,CR,1583006.0,4998561.0,582978.0,4998541.0,42.99,,43.3,,,,,,PTUA2022,IT03GWBISSMPAO,
81,PO019040NRA001,,,PIEZOMETRO,,,,,DEROVERE,CR,1597866.0,4994960.0,597838.0,4994940.0,32.95,,32.7,,,,,,PTUA2022,IT03GWBISSBPPO,
82,PO019047NRA001,,,PIEZOMETRO,,,,,GENIVOLTA,CR,1568930.0,5021713.0,568902.0,5021693.0,60.78,,60.33,,,,,,PTUA2022,IT03GWBISSMPAO,
83,PO019049NRA001,,,POZZO,,,,,GOMBITO,CR,1556176.0,5011339.0,556148.0,5011319.0,51.28,,51.28,,,,,,PTUA2022,IT03GWBISSMPAO,
84,PO019051NRA001,,,PIEZOMETRO,,,,,GRUMELLO CREMONESE ED UNITI,CR,1568904.0,5004763.0,568876.0,5004743.0,46.42,,46.42,,,,,,PTUA2022,IT03GWBISSMPAO,
85,PO019056NRA001,,,POZZO,,,,,MALAGNINO,CR,1586970.0,4998293.0,586940.0,4998273.0,41.0,,41.0,,,,,,PTUA2022,IT03GWBISSMPAO,
86,PO019065NRA001,,,PIEZOMETRO,,,,,PADERNO PONCHIELLI,CR,1574466.0,5010608.0,574438.0,5010588.0,58.87,,58.21,,,,,,PTUA2022,IT03GWBISSMPAO,
87,PO019070NRA001,,,PIEZOMETRO,,,,,PESSINA CREMONESE,CR,1599806.0,5003171.0,599778.0,5003151.0,39.44,,39.3,,,,,,PTUA2022,IT03GWBISSMPAO,
88,PO019071NRA001,,,PIEZOMETRO,,,,,PIADENA,CR,1611031.0,4998762.0,611002.0,4998742.0,26.5,,26.14,,,,,,PTUA2022,IT03GWBISSBPPO,
89,PO019077NRA001,,,PIEZOMETRO,,,,,POZZAGLIO ED UNITI,CR,1579867.0,5008365.0,579839.0,5008345.0,53.81,,53.07,,,,,,PTUA2022,IT03GWBISSMPAO,
90,PO019083NRA001,,,POZZO,,,,,RIVAROLO DEL RE ED UNITI,CR,1616532.0,4988746.0,616502.0,4988727.0,21.39,,22.0,,,,,,PTUA2022,IT03GWBISSBPPO,
91,PO019084NRA002,,,PIEZOMETRO,,,,,RIVOLTA D'ADDA,CR,1540446.0,5033610.0,540419.0,5033590.0,96.18,,95.96,,,,,,PTUA2022,IT03GWBISSMPAO,
92,PO019088NRP001,,,POZZO,,,,,SAN BASSANO,CR,1563745.0,5010339.0,563718.0,5010320.0,50.943,,51.343,,,,,,PTUA2022,IT03GWBISSMPAO,
93,PO019089NUA001,,,POZZO,,,,,SAN DANIELE PO,CR,1590562.0,4991171.0,590532.0,4991152.0,33.6,,33.6,,,,,,PTUA2022,IT03GWBISSBPPO,
94,PO019091NRA001,,,PIEZOMETRO,,,,,SAN MARTINO DEL LAGO,CR,1602982.0,4991142.0,602954.0,4991122.0,29.18,,28.83,,,,,,PTUA2022,IT03GWBISSBPPO,
95,PO019094NU0944,,,POZZO,,,,,SERGNANO,CR,1554749.0,5030589.0,554722.0,5030569.0,91.1,,90.54,,,,,,PTUA2022-PTUA2003,IT03GWBISSMPAO,via Vallarsa
96,PO019103NRA001,,,PIEZOMETRO,,,,,STAGNO LOMBARDO,CR,1583764.0,4989711.0,583736.0,4989691.0,34.83,,34.46,,,,,,PTUA2022,IT03GWBISSBPPO,
97,PO019110NRA001,,,PIEZOMETRO,,,,,TRIGOLO,CR,1564950.0,5019524.0,564922.0,5019504.0,70.82,,70.16,,,,,,PTUA2022,IT03GWBISSMPAO,
98,PO0970200U0002,,,POZZO,,,,,CERNUSCO LOMBARDONE,LC,1531046.0,5060385.0,531019.0,5060365.0,254.711,,256.57,,,,,,PTUA2022,IT03GWBISSAPTA,
99,PO0970200U0003,,,POZZO,,,,,CERNUSCO LOMBARDONE,LC,1530517.0,5059509.0,530490.0,5059489.0,246.905,,248.915,,,,,,PTUA2022,IT03GWBISSAPTA,
100,PO0970440U0002,,,POZZO,,,,,LOMAGNA,LC,1528378.0,5057101.0,528339.0,5057036.0,252.0,,252.0,,,,,,PTUA2022,IT03GWBISSAPTA,
101,PO0970480U0001,,,POZZO,,,,,MERATE,LC,1531016.0,5061299.0,530989.0,5061279.0,264.704,,266.704,,,,,,PTUA2022,IT03GWBISSAPTA,
102,PO0970610U0001,,,POZZO,,,,,OSNAGO,LC,1530578.0,5058762.0,530551.0,5058742.0,248.594,,248.594,,,,,,PTUA2022,IT03GWBISSAPTA,
103,PO0970610U0015,,,POZZO,,,,,OSNAGO,LC,1529887.0,5057963.0,529860.0,5057943.0,238.515,,238.095,,,,,,PTUA2022,IT03GWBISSAPTA,
104,PO097088NR0002,,,POZZO,,,,,VERDERIO SUPERIORE,LC,1535595.0,5057015.0,535566.0,5056994.0,250.84,,250.84,,,,,,PTUA2022,IT03GWBISSAPTA,
105,PO098002NR0045,,,POZZO,,,,,BERTONICO,LO,1551624.0,5007982.0,551597.0,5007962.0,65.153,,64.753,,,,,,PTUA2022,IT03GWBISSMPLAS,
106,PO098003NR0063,,,POZZO,,,,,BOFFALORA D'ADDA,LO,1537605.0,5023199.0,537578.0,5023179.0,72.433,,72.403,,,,,,PTUA2022,IT03GWBISSMPAO,
107,PO098004NR0044,,,POZZO,,,,,BORGHETTO LODIGIANO,LO,1537721.0,5005153.0,537694.0,5005133.0,58.29,,58.29,,,,,,PTUA2022,IT03GWBISSMPLAS,
108,PO098006NR0030,,,POZZO,,,,,BREMBIO,LO,1544838.0,5007947.0,544811.0,5007927.0,67.16,,67.16,,,,,,PTUA2022,IT03GWBISSMPLAS,
109,PO098008NR0025,,,POZZO,,,,,CASALETTO LODIGIANO,LO,1528748.0,5016850.0,528721.0,5016831.0,71.308,,71.898,,,,,,PTUA2022,IT03GWBISSMPTLS,SONDA AUTOMATICA GUASTA DA MARZO 2020
110,PO0980100U0007,,0980100003,POZZO,,,,,CASALPUSTERLENGO,LO,1550751.0,5003654.0,550724.0,5003635.0,61.881,,63.661,,,,,,PTUA2022-CAP,IT03GWBISSMPLAS,via Cadorna
111,PO0980100U0008,,,POZZO,,,,,CASALPUSTERLENGO,LO,1550705.0,5003638.0,550677.0,5003618.0,61.881,,63.661,,,,,,PTUA2022,IT03GWBISSMPLAS,
112,PO0980110U0001,,0980110001,POZZO,,,,,CASELLE LANDI,LO,1562237.0,4994642.0,562210.0,4994623.0,45.233,,45.493,,,,,,PTUA2022-CAP,IT03GWBISSBPPO,via Roma I
113,PO098012NR0011,,,POZZO,,,,,CASELLE LURANI,LO,1528191.0,5011983.0,528164.0,5011963.0,77.6,,77.6,,,,,,PTUA2022,IT03GWBISSMPTLS,
114,PO098014NR0011,,,POZZO,,,,,CASTIGLIONE D'ADDA,LO,1556180.0,5007132.0,556152.0,5007112.0,58.89,,58.89,,,,,,PTUA2022,IT03GWBISSMPLAS,
115,PO098017NR0063,,0980170064,POZZO,,,,,CAVENAGO D'ADDA,LO,1544796.0,5014696.0,544769.0,5014676.0,67.88,,67.88,,,,,,PTUA2022-CAP,IT03GWBISSMPLAS,Soltarico
116,PO0980180U0001,,0980180001,POZZO,,,,,CERVIGNANO D'ADDA,LO,1533300.0,5024638.0,533273.0,5024618.0,86.922,,87.162,,,,,,PTUA2022-PTUA2003-CAP,IT03GWBISSMPLAN,p.za Caduti-CAP               -p.zza Caduti-Piazza Caduti
117,PO0980190U0008,,,POZZO,,,,,CODOGNO,LO,1555214.0,5001655.0,555186.0,5001635.0,60.38,,60.38,,,,,,PTUA2022,IT03GWBISSMPLAS,
118,PO098019NR0307,,,POZZO,,,,,CODOGNO,LO,1555645.0,4999655.0,555617.0,4999635.0,59.43,,59.43,,,,,,PTUA2022,IT03GWBISSMPLAS,
119,PO0980200U0003,,0980200003,POZZO,,,,,COMAZZO,LO,1536250.0,5032282.0,536223.0,5032262.0,99.238,,98.783,,,,,,PTUA2022-CAP,IT03GWBISSMPLAN,Serbatoio
120,PO098024NR0018,,,POZZO,,,,,CORTE PALASIO,LO,1544807.0,5016814.0,544779.0,5016794.0,63.97,,63.97,,,,,,PTUA2022,IT03GWBISSMPLAS,
121,PO098024NR0040,,,POZZO,,,,,CORTE PALASIO,LO,1544926.0,5019135.0,544899.0,5019115.0,67.44,,67.44,,,,,,PTUA2022,IT03GWBISSMPAO,
122,PO098024NR0087,,,PIEZOMETRO,,,,,CORTE PALASIO,LO,1543975.0,5018387.0,543947.0,5018367.0,66.918,,66.918,,,,,,PTUA2022,IT03GWBISSMPAO,
123,PO098025NR0110,,,PIEZOMETRO,,,,,CRESPIATICA,LO,1542996.0,5021730.0,542968.0,5021710.0,72.827,,72.563,,,,,,PTUA2022,IT03GWBISSMPAO,
124,PO098026NR0074,,,PIEZOMETRO,,,,,FOMBIO,LO,1553850.0,4999561.0,553822.0,4999541.0,58.095,,57.91,,,,,,PTUA2022,IT03GWBISSMPLAS,
125,PO098028NR0021,,,POZZO,,,,,GRAFFIGNANA,LO,1535560.0,5007448.0,535533.0,5007428.0,62.91,,62.91,,,,,,PTUA2022,IT03GWBISSMPTLS,
126,PO0980310U0014,,,POZZO,,,,,LODI,LO,1539147.0,5017594.0,539120.0,5017574.0,76.4,,76.4,,,,,,PTUA2022,IT03GWBISSMPLAS,
127,PO0980310U0335,,,POZZO,,,,,LODI,LO,1539114.0,5017565.0,539087.0,5017546.0,78.675,,79.315,,,,,,PTUA2022,IT03GWBISSMPLAS,
128,PO098031NR0333,,,POZZO,,,,,LODI,LO,1536116.0,5018864.0,536089.0,5018845.0,81.233,,80.783,,,,,,PTUA2022,IT03GWBISSMPLAS,
129,PO0980320U0002,,0980320002,POZZO,,,,,LODI VECCHIO,LO,1532580.0,5016545.0,532553.0,5016525.0,80.442,,80.892,,,,,,PTUA2022-CAP,IT03GWBISSMPLAS,
130,PO098042NR0008,,,POZZO,,,,,ORIO LITTA,LO,1543632.0,5001895.0,543605.0,5001875.0,66.65,,66.65,,,,,,PTUA2022,IT03GWBISSMPLAS,
131,PO098049NR0122,,,POZZO,,,,,SAN ROCCO AL PORTO,LO,1555771.0,4991330.0,555742.0,4991311.0,51.85,,51.85,,,,,,PTUA2022,IT03GWBISSBPPO,
132,PO098049NR0141,,,PIEZOMETRO,,,,,SAN ROCCO AL PORTO,LO,1551005.0,4994257.0,550976.0,4994238.0,49.723,,49.747,,,,,,PTUA2022,IT03GWBISSBPPO,
133,PO098050NR0053,,,POZZO,,,,,SANT'ANGELO LODIGIANO,LO,1532605.0,5008576.0,532578.0,5008556.0,75.05,,75.05,,,,,,PTUA2022,IT03GWBISSMPTLS,
134,PO0980510U0001,,,POZZO,,,,,SANTO STEFANO LODIGIANO,LO,1558501.0,4998246.0,558474.0,4998227.0,51.843,,51.013,,,,,,PTUA2022,IT03GWBISSMPLAS,
135,PO098052NR0037,,,PIEZOMETRO,,,,,SECUGNAGO,LO,1545743.0,5007828.0,545716.0,5007808.0,67.381,,67.437,,,,,,PTUA2022,IT03GWBISSMPLAS,
136,PO0980530U0003,,0980530003,POZZO,,,,,SENNA LODIGIANA,LO,1546643.0,4999930.0,546615.0,4999911.0,60.63,,60.63,,,,,,PTUA2022-CAP,IT03GWBISSMPLAS,via Acquedotto
137,PO098056NR0115,,,POZZO,,,,,TAVAZZANO CON VILLAVESCO,LO,1531450.0,5021580.0,531423.0,5021560.0,85.28,,85.28,,,,,,PTUA2022,IT03GWBISSMPLAN,
138,PO0980600U0001,,,POZZO,,,,,VILLANOVA DEL SILLARO,LO,1536358.0,5010175.0,536331.0,5010155.0,72.786,,71.715,,,,,,PTUA2022,IT03GWBISSMPLAS,
139,PO0980610U0001,,0980610001,POZZO,,,,,ZELO BUON PERSICO,LO,1533979.0,5028725.0,533952.0,5028705.0,95.03,,95.03,,,,,,PTUA2022-CAP,IT03GWBISSMPLAN,
140,PO108004NR0031,,01080040031,POZZO,,,,,ARCORE,MB,1525448.0,5051287.0,525421.0,5051267.0,185.69,,185.69,,,,,,PTUA2022,IT03GWBISSAPTA,
141,PO108005NU0002,,,POZZO,,,,,BARLASSINA,MB,1510182.0,5055898.0,510155.0,5055878.0,226.54,,226.76,,,,,,PTUA2022,IT03GWBISSAPTA,
142,PO1080520U0016,,,PIEZOMETRO,,,,,CAPONAGO,MB,1528664.0,5045748.0,528638.0,5045729.0,155.237,,157.507,,,,,,PTUA2022,IT03GWBISSAPTA,
143,PO108017NR0055,,01080170055,POZZO,,,,,CAVENAGO DI BRIANZA,MB,1531620.0,5048380.0,531593.0,5048360.0,174.0,,174.0,,,,,,PTUA2022,IT03GWBISSAPTA,
144,PO1080210U0002,,01080210002,POZZO,,,,,CONCOREZZO,MB,1525403.0,5047377.0,525376.0,5047357.0,162.45,,162.45,,,,,,PTUA2022,IT03GWBISSAPTA,
145,PO108023NU0003,,,POZZO,,,,,DESIO,MB,1516288.0,5051940.0,516261.0,5051920.0,199.167,,199.167,,,,,,PTUA2022-PTUA2003,IT03GWBISSAPTA,via Torricelli-CAP-via Torricelli
146,PO108027NR0020,,01080270020,POZZO,,,,,LIMBIATE,MB,1509357.0,5051500.0,509330.0,5051480.0,207.97,,207.97,,,,,,PTUA2022,IT03GWBISSAPTA,
147,PO1080280U0004,,,POZZO,,,,,LISSONE,MB,1519324.0,5051552.0,519297.0,5051532.0,193.19,,193.19,,,,,,PTUA2022,IT03GWBISSAPTA,
148,PO1080310U0001,,,POZZO,,,,,MEZZAGO,MB,1534739.0,5052951.0,534712.0,5052931.0,220.664,,220.664,,,,,,PTUA2022,IT03GWBISSAPTA,
149,PO108033NR0142,,01080330142,POZZO,,,,,MONZA,MB,1522648.0,5051403.0,522621.0,5051383.0,178.79,,178.79,,,,,,PTUA2022,IT03GWBISSAPTA,
150,PO108033NU0120,,01080330120,PIEZOMETRO,,,,,MONZA,MB,1521583.0,5048688.0,521556.0,5048668.0,168.55,,168.55,,,,,,PTUA2022,IT03GWBISSAPTA,
151,PO108033NU0243,,,PIEZOMETRO,,,,,MONZA,MB,1520754.0,5045957.0,520727.0,5045937.0,163.584,,163.584,,,,,,PTUA2022,IT03GWBISSAPTA,
152,PO108034NU0036,,01080340036,POZZO,,,,,MUGGIO',MB,1517630.0,5047880.0,517603.0,5047860.0,171.49,,171.49,,,,,,PTUA2022,IT03GWBISSAPTA,
153,PO1080350U0024,,,POZZO,,,,,NOVA MILANESE,MB,1514999.0,5048844.0,514972.0,5048824.0,174.02,,176.6,,,,,,PTUA2022,IT03GWBISSAPTA,
154,PO108036NU0001,,,POZZO,,,,,ORNAGO,MB,1532857.0,5049622.0,532830.0,5049602.0,187.69,,187.69,,,,,,PTUA2022,IT03GWBISSAPTA,
155,PO1080390U0026,,,POZZO,,,,,SEREGNO,MB,1516768.0,5056444.0,516742.0,5056425.0,230.749,,233.749,,,,,,PTUA2022,IT03GWBISSAPTA,
156,PO0150020U0005,,,POZZO,,,,,ABBIATEGRASSO,MI,1493737.0,5027427.0,493710.0,5027408.0,120.75,,120.75,,,,,,PTUA2022,IT03GWBISSMPTLN,
157,PO0150020U0014,,,POZZO,,,,,ABBIATEGRASSO,MI,,,493116.0,5028379.0,122.0,,122.0,,,,,,PTUA2022,IT03GWBISSMPTLN,
158,PO015012NR0072,,0150120072,POZZO,,,,,BAREGGIO,MI,1499022.0,5036506.0,498995.0,5036486.0,140.17,,140.17,,,,,,PTUA2022,IT03GWBISSMPTLN,
159,PO0150150U0001,,0150150001,POZZO,,,,,BASIGLIO,MI,1512896.0,5021812.0,512869.0,5021793.0,96.789,,96.789,,,,,,PTUA2022-PTUA2003-CAP,IT03GWBISSMPTLN,p.za M.Rossi-Chiesa-p.zza M. Rossi-Chiesa-Piazza Rossi-Chiesa
160,PO015019NR0001,,,POZZO,,,,,BERNATE TICINO,MI,1486533.0,5037861.0,486506.0,5037842.0,151.01,,151.13,,,,,,PTUA2022-PTUA2003,IT03GWBISSAPTA,v.Pellico-Casate-via Pellico-Casate
161,PO015019NR0037,,,POZZO,,,,,BERNATE TICINO,MI,,,486234.0,5036651.0,147.27,,147.27,,,,,,PTUA2022,IT03GWBISSAPTA,
162,PO015027NR0045,,0150270045,POZZO,,,,,BOLLATE,MI,1508117.0,5042493.0,508090.0,5042473.0,148.4,,148.4,,,,,,PTUA2022,IT03GWBISSAPTA,
163,PO015041NR0075,,,PIEZOMETRO,,,,,BUSTO GAROLFO,MI,1491363.0,5042033.0,491337.0,5042014.0,171.64,,172.01,,,,,,PTUA2022,IT03GWBISSAPTA,
164,PO015051NR0012,,0150510012,POZZO,,,,,CARUGATE,MI,1526121.0,5045232.0,526092.0,5045211.0,153.0,,153.0,,,,,,PTUA2022,IT03GWBISSAPTA,
165,PO015059NR0135,,,POZZO,,,,,CASSANO D'ADDA,MI,,,539584.0,5043353.0,128.019,,128.019,,,,,,PTUA2022,IT03GWBISSAPTA,
166,PO015060NU0070,,0150600070,PIEZOMETRO,,,,,CASSINA DE' PECCHI,MI,1528584.0,5041396.0,528555.0,5041375.0,134.13,,134.13,,,,,,PTUA2022,IT03GWBISSAPTA,
167,PO015062NR0026,,,POZZO,,,,,CASTANO PRIMO,MI,1482274.0,5043044.0,482247.0,5043025.0,173.38,,173.38,,,,,,PTUA2022,IT03GWBISSAPTA,
168,PO015062NR0071,,,PIEZOMETRO,,,,,CASTANO PRIMO,MI,1479280.0,5043827.0,479252.0,5043806.0,170.69,,170.64,,,,,,PTUA2022,IT03GWBISSAPTA,
169,PO015081NR0044,,0150810044,POZZO,,,,,COLOGNO MONZESE,MI,1521245.0,5042340.0,521218.0,5042320.0,135.52,,135.52,,,,,,PTUA2022,IT03GWBISSAPTA,
170,PO0150870U0001,,,POZZO,,,,,CORNAREDO,MI,1501585.0,5037867.0,501558.0,5037847.0,142.84,,142.84,,,,,,PTUA2022,IT03GWBISSMPTLN,
171,PO0151080U0002,,0151080002,POZZO,,,,,GORGONZOLA,MI,1532076.0,5042267.0,532049.0,5042247.0,134.37,,134.37,,,,,,PTUA2022,IT03GWBISSAPTA,"fino al 2018 misure manuali; successiva transizione a misure con sonde automatiche, i cui dati non sono stati inseriti in quanto non validi"
172,PO015113NUP001,,,PIEZOMETRO,,,,,INVERUNO,MI,1489324.0,5039486.0,489298.0,5039467.0,158.606,,158.826,,,,,,PTUA2022,IT03GWBISSAPTA,
173,PO015116NR0026,,0151160026,POZZO,,,,,LAINATE,MI,1502338.0,5046935.0,502310.0,5046914.0,180.0,,180.0,,,,,,PTUA2022,IT03GWBISSAPTA,
174,PO015118NR0049,,,POZZO,,,,,LEGNANO,MI,1491387.0,5049806.0,491359.0,5049785.0,217.8,,217.8,,,,,,PTUA2022,IT03GWBISSAPTA,
175,PO0151400R0048,,,POZZO,,,,,MELEGNANO,MI,,,523570.0,5021899.0,91.716,,91.716,,,,,,PTUA2022,IT03GWBISSMPTLN,
176,PO015140NR0109,,,PIEZOMETRO,,,,,MELEGNANO,MI,1525126.0,5022191.0,525097.0,5022171.0,90.34,,90.52,,,,,,PTUA2022,IT03GWBISSMPTLN,
177,PO0151460U1638,,0151461638,POZZO,,,,,MILANO,MI,1514275.0,5033534.0,514248.0,5033514.0,115.28,,115.28,,,,,,PTUA2022,IT03GWBISSAPTA,
178,PO015146NR0699,,0151460699,POZZO,,,,,MILANO,MI,1514998.0,5041116.0,514971.0,5041096.0,137.19,,137.19,,,,,,PTUA2022,IT03GWBISSAPTA,
179,PO015146NR1105,,0151461105,POZZO,,,,,MILANO,MI,1509892.0,5039399.0,509865.0,5039379.0,135.32,,135.32,,,,,,PTUA2022,IT03GWBISSAPTA,
180,PO015146NR2600,,0151462600,POZZO,,,,,MILANO,MI,1519050.0,5036610.0,519023.0,5036590.0,117.19,,117.19,,,,,,PTUA2022,IT03GWBISSAPTA,
181,PO015146NU1120,,0151461120,PIEZOMETRO,,,,,MILANO,MI,1513631.0,5033934.0,513604.0,5033914.0,117.37,,117.37,,,,,,PTUA2022-PTUA2003-FOG,IT03GWBISSAPTA,Fogn. PZ 40-SCUOLA DI VIA ARIBERTO 12-14
182,PO015146NU1313,,0151461313,PIEZOMETRO,,,,,MILANO,MI,1519778.0,5037955.0,519751.0,5037935.0,118.845,,118.845,,,,,,PTUA2022-PTUA2003-Idroscalo2005-FOG,IT03GWBISSAPTA,Fogn. PZ 43  -PARCO LAMBRO V.LE VAN GOGH 10 (MAGAZZINO PIANTAGIONI)
183,PO015146NU1353,,0151462122,PIEZOMETRO,,,,,MILANO,MI,1519822.0,5033800.0,519795.0,5033780.0,108.811,,108.811,,,,,,PTUA2022-Idroscalo2005-FOG,IT03GWBISSAPTA,SCUOLA VIA MONLUE' 65 (FOG)
184,PO015146NU1378,,0151461378,PIEZOMETRO,,,,,MILANO,MI,1515314.0,5031525.0,515287.0,5031505.0,111.174,,111.174,,,,,,PTUA2022-Idroscalo2005-FOG,IT03GWBISSMPTLN,SCUOLA VIA ANTONINI 50
185,PO015146NU1379,,0151461379,PIEZOMETRO,,,,,MILANO,MI,1518797.0,5029392.0,518770.0,5029372.0,103.009,,103.009,,,,,,PTUA2022-PTUA2003-Idroscalo2005-FOG,IT03GWBISSMPTLN,Fogn. PZ 54-SCUOLA VIA S. BERNARDO 19 (CHIARAVALLE)
186,PO015146NU1435,,0151461435,PIEZOMETRO,,,,,MILANO,MI,1509889.0,5031683.0,509862.0,5031663.0,115.102,,115.102,,,,,,PTUA2022-PTUA2003-FOG,IT03GWBISSMPTLN,Fogn. PZ 20-Scuola di Via San Colombano n.8 - RONCHETTO.S\N
187,PO015146NU1489,,0151461489,PIEZOMETRO,,,,,MILANO,MI,1505573.0,5032814.0,505546.0,5032794.0,122.041,,122.041,,,,,,PTUA2022-FOG,IT03GWBISSMPTLN,SCUOLA VIA MUGGIANO 16
188,PO015146NU1496,,0151461496,PIEZOMETRO,,,,,MILANO,MI,1506100.0,5037850.0,506073.0,5037830.0,135.68,,135.68,,,,,,PTUA2022-FOG,IT03GWBISSMPTLN,SCUOLA VIA SILLA 150
189,PO015146NU1534,,0151461534,PIEZOMETRO,,,,,MILANO,MI,1510150.0,5040217.0,510123.0,5040197.0,138.95,,138.83,,,,,,PTUA2022-PTUA2003-FOG,IT03GWBISSAPTA,Fogn.PZ 4-VIA CARBONIA - MARCIAPIEDE DI FRONTE AL N. 5
190,PO015146NU1536,,0151461536,PIEZOMETRO,,,,,MILANO,MI,1511891.0,5036706.0,511864.0,5036686.0,125.2,,125.2,,,,,,PTUA2022-FOG,IT03GWBISSAPTA,VIA GATTAMELATA 35
191,PO015146NU1557,,0151461557,POZZO,,,,,MILANO,MI,1514421.0,5036858.0,514394.0,5036838.0,123.76,,123.7,,,,,,PTUA2022-Idroscalo2005-FOG,IT03GWBISSAPTA,SCUOLA VIA D'AZEGLIO
192,PO015151NUP001,,,PIEZOMETRO,,,,,MOTTA VISCONTI,MI,1499639.0,5015128.0,499612.0,5015109.0,99.129,,101.149,,,,,,PTUA2022,IT03GWBISSMPTLN,
193,PO015154NR0013,,0151540013,POZZO,,,,,NERVIANO,MI,1497725.0,5042642.0,497698.0,5042622.0,169.04,,169.04,,,,,,PTUA2022,IT03GWBISSAPTA,
194,PO015159NR0012,,0151590012,POZZO,,,,,OPERA,MI,1516247.0,5024024.0,516220.0,5024004.0,97.98,,97.98,,,,,,PTUA2022,IT03GWBISSMPTLN,
195,PO0151660U0001,,0151660001,POZZO,,,,,PADERNO DUGNANO,MI,1512878.0,5046798.0,512851.0,5046778.0,165.69,,165.69,,,,,,PTUA2022,IT03GWBISSAPTA,
196,PO015170NR0021,,0151700021,POZZO,,,,,PERO,MI,1506133.0,5038908.0,506106.0,5038888.0,141.02,,141.02,,,,,,PTUA2022,IT03GWBISSAPTA,
197,PO015170NR0099,,0151700099,PIEZOMETRO,,,,,PERO,MI,1505670.0,5039510.0,505725.0,5039688.0,142.29,,142.29,,,,,,PTUA2022,IT03GWBISSAPTA,
198,PO015173NR0001,,,POZZO,,,,,PIEVE EMANUELE,MI,1515750.0,5020780.0,515723.0,5020760.0,94.74,,94.74,,,,,,PTUA2022,IT03GWBISSMPTLN,
199,PO015175NR0150,,,POZZO,,,,,PIOLTELLO,MI,1526065.0,5037018.0,526038.0,5036998.0,120.58,,120.58,,,,,,PTUA2022,IT03GWBISSAPTA,
200,PO0151810U0001,,,POZZO,,,,,RESCALDINA,MI,1496137.0,5051418.0,496110.0,5051398.0,222.44,,222.54,,,,,,PTUA2022-PTUA2003-OLONA,IT03GWBISSAPTA,"via Melzi-Comune I-via Melzi Comune, 1-via Melzi Comune, 1"
201,PO015182NR0018,,0151820018,POZZO,,,,,RHO,MI,1502727.0,5042389.0,502700.0,5042369.0,159.41,,159.41,,,,,,PTUA2022,IT03GWBISSAPTA,
202,PO015189NR0143,,0151890143,POZZO,,,,,ROZZANO,MI,1514822.0,5025586.0,514795.0,5025566.0,100.6,,100.6,,,,,,PTUA2022,IT03GWBISSMPTLN,
203,PO015192NR0212,,0151920212,POZZO,,,,,SAN DONATO MILANESE,MI,1520262.0,5028345.0,520235.0,5028325.0,99.24,,99.24,,,,,,PTUA2022,IT03GWBISSMPTLN,
204,PO015194NR0015,,,POZZO,,,,,SAN GIORGIO SU LEGNANO,MI,1493421.0,5046619.0,493394.0,5046599.0,196.76,,196.76,,,,,,PTUA2022,IT03GWBISSAPTA,
205,PO015194NU0017,,,PIEZOMETRO,,,,,SAN GIORGIO SU LEGNANO,MI,1492959.0,5045915.0,492931.0,5045894.0,191.6,,191.65,,,,,,PTUA2022,IT03GWBISSAPTA,
206,PO015201NR0013,,,POZZO,,,,,SAN VITTORE OLONA,MI,1496458.0,5047149.0,496431.0,5047129.0,189.57,,189.57,,,,,,PTUA2022,IT03GWBISSAPTA,
207,PO0152020U0025,,,PIEZOMETRO,,,,,SAN ZENONE AL LAMBRO,MI,1528317.0,5018901.0,528291.0,5018882.0,84.866,,84.686,,,,,,PTUA2022,IT03GWBISSMPLAS,"fino al 2018 misure manuali; successiva transizione a misure con sonde automatiche, i cui dati non sono stati inseriti in quanto non validi"
208,PO0152050R0052,,0152050052,POZZO,,,,,SEGRATE,MI,,,522133.0,5034224.0,108.98,,108.98,,,,,,PTUA2022,IT03GWBISSAPTA,
209,PO0152060U0004,,0152060004,POZZO,,,,,SENAGO,MI,1510321.0,5047258.0,510294.0,5047238.0,169.78,,169.78,,,,,,PTUA2022,IT03GWBISSAPTA,"fino al 2018 misure manuali; successiva transizione a misure con sonde automatiche, i cui dati non sono stati inseriti in quanto non validi"
210,PO0152100U0004,,0152100004,POZZO,,,,,SETTALA,MI,1530941.0,5030996.0,530914.0,5030976.0,97.739,,97.739,,,,,,PTUA2022-PTUA2003-CAP,IT03GWBISSMPLAN,depuratore-depuratore-depuratore
211,PO015210NR0022,,0152100022,POZZO,,,,,SETTALA,MI,1529749.0,5030685.0,529722.0,5030665.0,98.76,,98.76,,,,,,PTUA2022,IT03GWBISSMPLAN,
212,PO015211NUP001,,0152110112,PIEZOMETRO,,,,,SETTIMO MILANESE,MI,1503725.0,5038360.0,503699.0,5038341.0,141.431,,141.341,,,,,,PTUA2022,IT03GWBISSMPTLN,"fino al 2018 misure manuali; successiva transizione a misure con sonde automatiche, i cui dati non sono stati inseriti in quanto non validi"
213,PO015219NU0009,,,PIEZOMETRO,,,,,TREZZANO ROSA,MI,1537546.0,5047790.0,537519.0,5047771.0,168.999,,170.379,,,,,,PTUA2022,IT03GWBISSAPTA,"fino al 2018 misure manuali; successiva transizione a misure con sonde automatiche, i cui dati non sono stati inseriti in quanto non validi"
214,PO0152210U0001,,,POZZO,,,,,TREZZO SULL'ADDA,MI,1540538.0,5051087.0,540511.0,5051067.0,150.393,,150.393,,,,,,PTUA2022-PTUA2003,IT03GWBISSAPTA,"fino al 2018 misure manuali; successiva transizione a misure con sonde automatiche, i cui dati non sono stati inseriti in quanto non validi-via Visconti"
215,PO015222NR0015,,0152220015,POZZO,,,,,TRIBIANO,MI,1528210.0,5028450.0,528183.0,5028430.0,95.39,,95.39,,,,,,PTUA2022,IT03GWBISSMPLAN,
216,PO0152490U0002,,,PIEZOMETRO,,,,,VANZAGHELLO,MI,1482359.0,5046739.0,482332.0,5046719.0,191.913,,191.913,,,,,,PTUA2022-PTUA2003,IT03GWBISSAPTA,"fino al 2018 misure manuali; successiva transizione a misure con sonde automatiche, i cui dati non sono stati inseriti in quanto non validi-C.La Fogna piez-c.na Fogna"
217,PO0152300U0056,,,POZZO,,,,,VAPRIO D'ADDA,MI,1541265.0,5047750.0,541236.0,5047729.0,165.55,,165.55,,,,,,PTUA2022,IT03GWBISSAPTA,
218,PO0152350U0001,,0152350001,POZZO,,,,,VERMEZZO,MI,1498620.0,5026505.0,498593.0,5026486.0,115.42,,115.42,,,,,,PTUA2022,IT03GWBISSMPTLN,"fino al 2018 misure manuali; successiva transizione a misure con sonde automatiche, i cui dati non sono stati inseriti in quanto non validi"
219,PO015243NUP001,,,PIEZOMETRO,,,,,VITTUONE,MI,1496237.0,5037337.0,496211.0,5037318.0,147.213,,146.463,,,,,,PTUA2022,IT03GWBISSAPTA,"fino al 2018 misure manuali; successiva transizione a misure con sonde automatiche, i cui dati non sono stati inseriti in quanto non validi"
220,PO015247NR0185,,,PIEZOMETRO,,,,,ZIBIDO S. GIACOMO,MI,1505622.0,5026895.0,505596.0,5026876.0,110.0,,110.0,,,,,,PTUA2022,IT03GWBISSMPTLN,
221,PO0200020R0002,,,POZZO,,,,,ASOLA,MN,1614140.0,5011190.0,614112.0,5011170.0,43.478,,43.478,,,,,,PTUA2022,IT03GWBISSMPOM,
222,PO0200030R0001,,,POZZO,,,,,BAGNOLO SAN VITO,MN,1645576.0,4995414.0,645547.0,4995394.0,18.473,,18.473,,,,,,PTUA2022,IT03GWBISSMPOM,
223,PO0200030R0002,,,POZZO,,,,,BAGNOLO SAN VITO,MN,1645256.0,4994437.0,645227.0,4994417.0,17.258,,17.258,,,,,,PTUA2022,IT03GWBISSBPPO,
224,PO020004NR0001,,,PIEZOMETRO,,,,,BIGARELLO,MN,1649445.0,5004843.0,649416.0,5004823.0,26.3,,26.3,,,,,,PTUA2022,IT03GWBISSMPBM,
225,PO0200710U0001,,,POZZO,,,,,BORGO VIRGILIO,MN,1637385.0,4990375.0,637356.0,4990355.0,19.8,,19.8,,,,,,PTUA2022,IT03GWBISSBPPO,
226,PO0200150R0001,,,POZZO,,,,,CASTEL GOFFREDO,MN,1612194.0,5017637.0,612166.0,5017617.0,51.5,,51.5,,,,,,PTUA2022,IT03GWBISSMPOM,
227,PO0200150R0002,,,PIEZOMETRO,,,,,CASTEL GOFFREDO,MN,1612186.0,5017592.0,612158.0,5017572.0,51.5,,51.5,,,,,,PTUA2022,IT03GWBISSMPOM,
228,PO0200170R0001,,,PIEZOMETRO,,,,,CASTIGLIONE DELLE STIVIERE,MN,1615395.0,5028487.0,615368.0,5028467.0,105.253,,105.253,,,,,,PTUA2022,IT03GWBISSAPOM,
229,PO020017NU0005,,,PIEZOMETRO,,,,,CASTIGLIONE DELLE STIVIERE,MN,1618089.0,5027983.0,618058.0,5027963.0,112.83,,112.69,,,,,,PTUA2022,IT03GWBISSAPOM,
230,PO0200180R0037,,,POZZO,,,,,CAVRIANA,MN,1625500.0,5020470.0,625471.0,5020450.0,61.28,,61.28,,,,,,PTUA2022-PTUA2003,IT03GWBISSMPOM,Bassignani Cave s.n.c.
231,PO020018NU0004,,,PIEZOMETRO,,,,,CAVRIANA,MN,1625433.0,5021576.0,625402.0,5021557.0,76.16,,76.34,,,,,,PTUA2022,IT03GWBISSMPOM,
232,PO0200210R0045,,,POZZO,,,,,CURTATONE,MN,1639414.0,4998598.0,639385.0,4998578.0,22.963,,22.963,,,,,,PTUA2022,IT03GWBISSMPOM,
233,PO020021NRP001,,,POZZO,,,,,CURTATONE,MN,1633547.0,4994891.0,633518.0,4994872.0,20.444,,21.694,,,,,,PTUA2022,IT03GWBISSBPPO,
234,PO020023NUP001,,,PIEZOMETRO,,,,,FELONICA,MN,1685874.0,4983503.0,685844.0,4983484.0,8.7,,8.7,,,,,,PTUA2022,IT03GWBISSBPPO,
235,PO0200240R0001,,,PIEZOMETRO,,,,,GAZOLDO DEGLI IPPOLITI,MN,1624059.0,5006866.0,624030.0,5006846.0,34.614,,34.614,,,,,,PTUA2022,IT03GWBISSMPOM,
236,PO0200260R0001,,,POZZO,,,,,GOITO,MN,1631563.0,5012419.0,631534.0,5012399.0,31.75,,31.75,,,,,,PTUA2022,IT03GWBISSMPBM,
237,PO0200270R0053,,,POZZO,,,,,GONZAGA,MN,1646282.0,4978469.0,646253.0,4978449.0,17.841,,17.841,,,,,,PTUA2022,IT03GWBISSBPPO,
238,PO020027NR0004,,,POZZO,,,,,GONZAGA,MN,1641600.0,4982258.0,641569.0,4982239.0,17.85,,17.85,,,,,,PTUA2022,IT03GWBISSBPPO,
239,PO0200280R0056,,,POZZO,,,,,GUIDIZZOLO,MN,1624093.0,5020113.0,624064.0,5020093.0,65.27,,65.27,,,,,,PTUA2022,IT03GWBISSMPOM,
240,PO0200290R0002,,,PIEZOMETRO,,,,,MAGNACAVALLO,MN,1668136.0,4985315.0,668106.0,4985295.0,13.0,,13.0,,,,,,PTUA2022,IT03GWBISSBPPO,
241,PO020030NU0002,,,POZZO,,,,,MANTOVA,MN,1637331.0,5000823.0,637302.0,5000803.0,24.728,,24.728,,,,,,PTUA2022,IT03GWBISSMPOM,
242,PO020030NU0004,,,PIEZOMETRO,,,,,MANTOVA,MN,1640787.0,5001200.0,640758.0,5001180.0,17.9,,17.9,,,,,,PTUA2022,IT03GWBISSMPOM,
243,PO0200310R0062,,,POZZO,,,,,MARCARIA,MN,1627768.0,4991897.0,627739.0,4991877.0,21.824,,21.824,,,,,,PTUA2022-PTUA2003,IT03GWBISSBPPO,Trofelli Giudo
244,PO020032NR0001,,,PIEZOMETRO,,,,,MARIANA MANTOVANA,MN,1616398.0,5003336.0,616370.0,5003316.0,33.008,,33.008,,,,,,PTUA2022,IT03GWBISSMPOM,
245,PO0200330R0002,,,POZZO,,,,,MARMIROLO,MN,1639094.0,5008536.0,639065.0,5008516.0,31.883,,31.883,,,,,,PTUA2022,IT03GWBISSMPBM,
246,PO0200340R0001,,,POZZO,,,,,MEDOLE,MN,1618552.0,5022295.0,618524.0,5022275.0,71.5,,71.5,,,,,,PTUA2022,IT03GWBISSMPOM,
247,PO020034NU0002,,,PIEZOMETRO,,,,,MEDOLE,MN,1620141.0,5022665.0,620111.0,5022646.0,83.11,,83.16,,,,,,PTUA2022,IT03GWBISSMPOM,
248,PO0200370R0002,,,PIEZOMETRO,,,,,MOTTEGGIANA,MN,1634467.0,4988270.0,634438.0,4988250.0,18.0,,18.0,,,,,,PTUA2022,IT03GWBISSBPPO,
249,PO0200400R0001,,,PIEZOMETRO,,,,,PIEVE DI CORIANO,MN,1664204.0,4988439.0,664174.0,4988419.0,11.817,,11.817,,,,,,PTUA2022,IT03GWBISSBPPO,HA PRESO NOME BORGO MANTOVANO
250,PO0200720R0001,,,PIEZOMETRO,,,,,BORGO MANTOVANO,MN,1664204.0,4988439.0,664174.0,4988419.0,11.817,,11.817,,,,,,PTUA2022,IT03GWBISSBPPO,
251,PO0200420R0001,,,POZZO,,,,,POGGIO RUSCO,MN,1669005.0,4982270.0,668975.0,4982250.0,10.859,,10.859,,,,,,PTUA2022,IT03GWBISSBPPO,
252,PO0200450R0001,,,POZZO,,,,,PORTO MANTOVANO,MN,1641311.0,5006839.0,641282.0,5006819.0,29.869,,29.869,,,,,,PTUA2022,IT03GWBISSMPBM,
253,PO0200470R0001,,,POZZO,,,,,QUISTELLO,MN,1658417.0,4988381.0,658387.0,4988361.0,15.0,,15.0,,,,,,PTUA2022,IT03GWBISSBPPO,
254,PO0200490R0085,,,POZZO,,,,,REVERE,MN,1667680.0,4989800.0,667650.0,4989780.0,12.883,,12.883,,,,,,PTUA2022-PTUA2003,IT03GWBISSBPPO,via Smerrieri 4
255,PO0200720R0002,,,POZZO,,,,,BORGO MANTOVANO,MN,1667680.0,4989800.0,667650.0,4989780.0,12.883,,12.883,,,,,,PTUA2022,IT03GWBISSBPPO,
256,PO0200510R0001,,,POZZO,,,,,RODIGO,MN,1631128.0,5005164.0,631099.0,5005144.0,32.6,,32.6,,,,,,PTUA2022,IT03GWBISSMPOM,
257,PO0200510R0002,,,PIEZOMETRO,,,,,RODIGO,MN,1631201.0,5004984.0,631172.0,5004964.0,31.0,,31.0,,,,,,PTUA2022,IT03GWBISSMPOM,
258,PO0200520U0001,,,POZZO,,,,,RONCOFERRARO,MN,1653458.0,4999211.0,653428.0,4999191.0,17.144,,17.144,,,,,,PTUA2022,IT03GWBISSMPBM,
259,PO0200530R0089,,,POZZO,,,,,ROVERBELLA,MN,1641735.0,5013604.0,641706.0,5013584.0,35.415,,35.415,,,,,,PTUA2022-PTUA2003,IT03GWBISSMPBM,via Giulio Romano 12
260,PO0200530U0001,,,POZZO,,,,,ROVERBELLA,MN,,,638912.0,5014612.0,44.0,,44.0,,,,,,PTUA2022,IT03GWBISSMPBM,
261,PO0200540R0001,,,POZZO,,,,,SABBIONETA,MN,1619450.0,4984070.0,619421.0,4984050.0,21.426,,21.426,,,,,,PTUA2022,IT03GWBISSBPPO,
262,PO0200550R0002,,,POZZO,,,,,SAN BENEDETTO PO,MN,1647354.0,4989921.0,647325.0,4989901.0,19.172,,19.172,,,,,,PTUA2022,IT03GWBISSBPPO,
263,PO0200570R0001,,,POZZO,,,,,SAN GIORGIO DI MANTOVA,MN,1645227.0,5002860.0,645198.0,5002840.0,23.94,,23.94,,,,,,PTUA2022,IT03GWBISSMPBM,
264,PO0200570U0002,,,POZZO,,,,,SAN GIORGIO DI MANTOVA,MN,1645860.0,5002560.0,645831.0,5002540.0,23.443,,23.443,,,,,,PTUA2022,IT03GWBISSMPBM,
265,PO020061NR0001,,,PIEZOMETRO,,,,,SERMIDE,MN,1677827.0,4988216.0,677797.0,4988196.0,10.65,,10.65,,,,,,PTUA2022,IT03GWBISSBPPO,
266,PO020061NUP001,,,PIEZOMETRO,,,,,SERMIDE,MN,1680954.0,4986633.0,680924.0,4986614.0,11.66,,11.66,,,,,,PTUA2022,IT03GWBISSBPPO,
267,PO020063NU0002,,,PIEZOMETRO,,,,,SOLFERINO,MN,1622298.0,5023921.0,622268.0,5023902.0,105.62,,105.76,,,,,,PTUA2022,IT03GWBISSMPOM,
268,PO0200650R0001,,,POZZO,,,,,SUZZARA,MN,1635950.0,4986070.0,635921.0,4986050.0,19.409,,19.409,,,,,,PTUA2022,IT03GWBISSBPPO,
269,PO0200650R0002,,,PIEZOMETRO,,,,,SUZZARA,MN,1636053.0,4984924.0,636024.0,4984904.0,19.42,,19.42,,,,,,PTUA2022,IT03GWBISSBPPO,
270,PO0200660R0003,,,POZZO,,,,,VIADANA,MN,1619629.0,4976840.0,619600.0,4976821.0,22.064,,22.064,,,,,,PTUA2022,IT03GWBISSBPPO,
271,PO020066NU0004,,,POZZO,,,,,VIADANA,MN,1630250.0,4984869.0,630221.0,4984849.0,18.499,,18.499,,,,,,PTUA2022,IT03GWBISSBPPO,
272,PO0200700R0002,,,PIEZOMETRO,,,,,VOLTA MANTOVANA,MN,1628694.0,5019389.0,628665.0,5019369.0,57.05,,57.05,,,,,,PTUA2022,IT03GWBISSMPOM,
273,PO018003NR0009,,,PIEZOMETRO,,,,,ALBONESE,PV,1477825.0,5014790.0,477798.0,5014771.0,113.49,,113.49,,,,,,PTUA2022,IT03GWBISSMPP,
274,PO0180130U0005,,,POZZO,,,,,BELGIOIOSO,PV,1523791.0,5000857.0,523764.0,5000838.0,74.964,,74.964,,,,,,PTUA2022-PTUA2003,IT03GWBISSMPTLS,5-via Dante
275,PO0180130U0006,,,POZZO,,,,,BELGIOIOSO,PV,1523793.0,5000869.0,523766.0,5000850.0,73.99,,74.96,,,,,,PTUA2022,IT03GWBISSMPTLS,NON CI SONO ANCORA VALORI
276,PO018014NRP001,,,POZZO,,,,,BEREGUARDO,PV,1501219.0,5013371.0,501192.0,5013352.0,96.11,,97.18,,,,,,PTUA2022,IT03GWBISSMPTLS,
277,PO018032NR0001,,,PIEZOMETRO,,,,,CASATISMA,PV,1508594.0,4988343.0,508567.0,4988324.0,75.728,,75.728,,,,,,PTUA2022,IT03GWBISSMPOP,
278,PO0180350U0002,,,POZZO,,,,,CASSOLNOVO,PV,1485430.0,5022640.0,485404.0,5022621.0,117.58,,117.36,,,,,,PTUA2022,IT03GWBISSMPP,
279,PO018039NRP001,,,POZZO,,,,,CASTELLO D'AGOGNA,PV,1474648.0,5007966.0,474622.0,5007947.0,107.215,,108.345,,,,,,PTUA2022,IT03GWBISSMPP,
280,PO018039NR0001,,,POZZO,,,,,CASTELLO D'AGOGNA,PV,1476520.0,5010591.0,476494.0,5010571.0,108.154,,107.906,,,,,,PTUA2022,IT03GWBISSMPP,
281,PO018043NUP001,,,PIEZOMETRO,,,,,CERANOVA,PV,1518454.0,5011562.0,518427.0,5011543.0,82.743,,82.303,,,,,,PTUA2022,IT03GWBISSMPTLS,
282,PO0180470U0001,,,POZZO,,,,,CERVESINA,PV,1501315.0,4989892.0,501288.0,4989873.0,71.908,,71.718,,,,,,PTUA2022,IT03GWBISSBPPO,
283,PO018047NR0001,,,PIEZOMETRO,,,,,CERVESINA,PV,1499984.0,4986746.0,499957.0,4986727.0,74.589,,74.089,,,,,,PTUA2022,IT03GWBISSMPOP,
284,PO0180480U0004,,,POZZO,,,,,CHIGNOLO PO,PV,1539670.0,5000573.0,539643.0,5000554.0,58.81,,57.66,,,,,,PTUA2022,IT03GWBISSMPTLS,
285,PO018048NRP001,,,POZZO,,,,,CHIGNOLO PO,PV,1522307.0,5003738.0,522280.0,5003719.0,74.871,,75.341,,,,,,PTUA2022,IT03GWBISSMPTLS,
286,PO0180490U0003,,,POZZO,,,,,CIGOGNOLA,PV,1520368.0,4986395.0,520341.0,4986376.0,107.259,,107.259,,,,,,PTUA2022,IT03GWBISSMPOP,
287,PO0180500U0002,,,POZZO,,,,,CILAVEGNA,PV,1480201.0,5017506.0,480174.0,5017487.0,115.897,,115.897,,,,,,PTUA2022-PTUA2003,IT03GWBISSMPP,ASM - 2-via Petrarca
288,PO018062NRD002,,,POZZO,,,,,FERRERA ERBOGNONE,PV,1489220.0,4993828.0,489193.0,4993809.0,86.799,,86.459,,,,,,PTUA2022,IT03GWBISSMPP,
289,PO018065NRG001,,,PIEZOMETRO,,,,,FRASCAROLO,PV,1476436.0,4987921.0,476409.0,4987902.0,86.66,,86.66,,,,,,PTUA2022,IT03GWBISSMPP,
290,PO018068NRP001,,,PIEZOMETRO,,,,,GAMBOLO',PV,1492884.0,5011602.0,492857.0,5011583.0,100.934,,100.934,,,,,,PTUA2022,IT03GWBISSMPP,
291,PO0180690U0002,,,POZZO,,,,,GARLASCO,PV,1494040.0,5004979.0,494013.0,5004960.0,92.741,,92.741,,,,,,PTUA2022-PTUA2003,IT03GWBISSMPP,3-via Bozzola - Palazzeto
292,PO018072NUP001,,,PIEZOMETRO,,,,,GIUSSAGO,PV,1512591.0,5011176.0,512564.0,5011157.0,87.134,,87.134,,,,,,PTUA2022,IT03GWBISSMPTLS,
293,PO0180810U0111,,,PIEZOMETRO,,,,,LINAROLO,PV,1521158.0,5000567.0,521130.0,5000547.0,74.97,,74.45,,,,,,PTUA2022,IT03GWBISSMPTLS,
294,PO018083NR0001,,,PIEZOMETRO,,,,,LOMELLO,PV,1483026.0,4995682.0,482999.0,4995663.0,91.17,,91.17,,,,,,PTUA2022,IT03GWBISSMPP,
295,PO018083NR0005,,,PIEZOMETRO,,,,,LOMELLO,PV,1482994.0,4995759.0,,,91.17,,91.17,,,,,,PTUA2022,IT03GWBISSMPP,
296,PO0180880U0001,,,POZZO,,,,,MEDE,PV,1479576.0,4993826.0,479549.0,4993807.0,92.936,,92.936,,,,,,PTUA2022,IT03GWBISSMPP,
297,PO0180930U0006,,,POZZO,,,,,MIRADOLO TERME,PV,1535401.0,5001695.0,535374.0,5001676.0,67.74,,67.74,,,,,,PTUA2022,IT03GWBISSMPTLS,
298,PO0181070U0003,,,POZZO,,,,,PALESTRO,PV,1464846.0,5015880.0,464819.0,5015860.0,121.04,,120.32,,,,,,PTUA2022,IT03GWBISSMPP,
299,PO0181100U0111,,,PIEZOMETRO,,,,,PAVIA,PV,1511166.0,5006866.0,511138.0,5006846.0,83.4,,83.05,,,,,,PTUA2022,IT03GWBISSMPTLS,
300,PO0181140U0002,,,POZZO,,,,,PIEVE PORTO MORONE,PV,1534773.0,4995264.0,534746.0,4995245.0,55.383,,55.383,,,,,,PTUA2022-PTUA2003,IT03GWBISSBPPO,ASM - 2
301,PO0181150U0006,,,POZZO,,,,,PINAROLO PO,PV,1512407.0,4989947.0,512380.0,4989928.0,67.287,,66.637,,,,,,PTUA2022,IT03GWBISSMPOP,
302,PO0181180U0019,,,POZZO,,,,,PORTALBERA,PV,1524348.0,4993153.0,524321.0,4993134.0,68.079,,67.559,,,,,,PTUA2022-PTUA2003,IT03GWBISSMPOP,ASM - 5-Cassinassa
303,PO0181220U0001,,,POZZO,,,,,RIVANAZZANO TERME,PV,1501755.0,4974277.0,501728.0,4974258.0,151.09,,151.09,,,,,,PTUA2022,IT03GWBISSMPOP,
304,PO018146NRP001,,,POZZO,,,,,SARTIRANA LOMELLINA,PV,1473609.0,4995777.0,473583.0,4995758.0,99.039,,99.039,,,,,,PTUA2022,IT03GWBISSMPP,
305,PO018147NUP001,,,POZZO,,,,,SCALDASOLE,PV,1492524.0,4996534.0,492497.0,4996515.0,86.584,,87.544,,,,,,PTUA2022,IT03GWBISSMPP,
306,PO0181550U0001,,,POZZO,,,,,TORRAZZA COSTE,PV,1505683.0,4980511.0,505656.0,4980492.0,116.616,,116.616,,,,,,PTUA2022-PTUA2003,IT03GWBISSMPOP,S. Giorgio
307,PO018162NUP001,,,PIEZOMETRO,,,,,TRAVACO' SICCOMARIO,PV,1512870.0,4999724.0,512843.0,4999705.0,61.197,,60.482,,,,,,PTUA2022,IT03GWBISSBPPO,
308,PO018164NR0001,,,PIEZOMETRO,,,,,TROMELLO,PV,1487640.0,5004425.0,487613.0,5004406.0,96.62,,96.62,,,,,,PTUA2022,IT03GWBISSMPP,
309,PO018173NUP001,,,PIEZOMETRO,,,,,VELLEZZO BELLINI,PV,1507693.0,5013321.0,507666.0,5013302.0,92.877,,92.357,,,,,,PTUA2022,IT03GWBISSMPTLS,
310,PO018176NUP001,,,PIEZOMETRO,,,,,VIDIGULFO,PV,1518073.0,5015918.0,518046.0,5015899.0,88.252,,88.252,,,,,,PTUA2022,IT03GWBISSMPTLS,
311,PO0181770U0020,,,POZZO,,,,,VIGEVANO,PV,1488880.0,5017041.0,488853.0,5017022.0,103.06,,102.99,,,,,,PTUA2022-PTUA2003,IT03GWBISSMPP,20-via S. Maria
312,PO018180NUP001,,,POZZO,,,,,VILLANTERIO,PV,1528191.0,5007176.0,528164.0,5007157.0,73.02,,73.82,,,,,,PTUA2022,IT03GWBISSMPTLS,
313,PO0181870U0001,,,POZZO,,,,,ZENEVREDO,PV,1527591.0,4990614.0,527564.0,4990595.0,103.72,,103.72,,,,,,PTUA2022,IT03GWBISSMPOP,
314,PO0181870U0005,,,POZZO,,,,,ZENEVREDO,PV,,,527494.0,4990361.0,103.72,,103.72,,,,,,PTUA2022,IT03GWBISSMPOP,
315,PO012002NU0008,,,POZZO,,,,,ALBIZZATE,VA,1485028.0,5065335.0,485002.0,5065315.0,313.8,,315.12,,,,,,PTUA2022-PTUA2003,IT03GWBISSAPTA,Gestore spegne pozzo al massimo per 30'-via G. Rossa 8
316,PO012026NU0023,,,POZZO ATTREZZATO CON PIEZOMETRO,,,,,BUSTO ARSIZIO,VA,1486480.0,5052900.0,486453.0,5052880.0,231.0,,231.0,,,,,,PTUA2022,IT03GWBISSAPTA,
317,PO012026NU3021,,,POZZO ATTREZZATO CON PIEZOMETRO,,,,,BUSTO ARSIZIO,VA,1486410.0,5048290.0,486383.0,5048270.0,201.672,,204.682,,,,,,PTUA2022-OLONA,IT03GWBISSAPTA,Gestore spegne pozzo al massimo per 30'-via Marco Polo
318,PO012026NU3023,,,POZZO,,,,,BUSTO ARSIZIO,VA,1487361.0,5046761.0,487335.0,5046742.0,243.0,,243.0,,,,,,PTUA2022,IT03GWBISSAPTA,
319,PO012042NR9077,,,POZZO,,,,,CASTELLANZA,VA,1491231.0,5050708.0,491204.0,5050688.0,223.0,,223.0,,,,,,PTUA2022,IT03GWBISSAPTA,
320,PO0120500RZ001,,,PIEZOMETRO,,,,,CISLAGO,VA,1495407.0,5054852.0,495380.0,5054832.0,207.042,,207.752,,,,,,PTUA2022,IT03GWBISSAPTA,
321,PO012050NU0004,,,POZZO,,,,,CISLAGO,VA,1497100.0,5054880.0,497073.0,5054860.0,235.84,,235.84,,,,,,PTUA2022,IT03GWBISSAPTA,
322,PO012067NU0012,,,POZZO,,,,,FAGNANO OLONA,VA,1488440.0,5055840.0,488413.0,5055820.0,254.0,,254.0,,,,,,PTUA2022,IT03GWBISSAPTA,
323,PO0120700R1085,,,POZZO,,,,,GALLARATE,VA,1483318.0,5055375.0,483292.0,5055355.0,234.0,,234.0,,,,,,PTUA2022,IT03GWBISSAPTA,
324,PO012070NU1007,,,POZZO,,,,,GALLARATE,VA,1482417.0,5056423.0,482391.0,5056403.0,252.806,,254.856,,,,,,PTUA2022,IT03GWBISSAPTA,Gestore spegne pozzo al massimo per 30'
325,PO0120750R2020,,,POZZO,,,,,GERENZANO,VA,1498270.0,5052550.0,498243.0,5052530.0,220.926,,220.626,,,,,,PTUA2022,IT03GWBISSAPTA,
326,PO0120790RZ001,,,PIEZOMETRO,,,,,GORLA MINORE,VA,1494784.0,5054465.0,494757.0,5054445.0,241.321,,241.521,,,,,,PTUA2022,IT03GWBISSAPTA,
327,PO012090NU2009,,,POZZO,,,,,LONATE POZZOLO,VA,1477650.0,5050147.0,477623.0,5050127.0,208.446,,207.946,,,,,,PTUA2022,IT03GWBISSAPTA,Gestore spegne pozzo al massimo per 30'
328,PO0121180U0005,,,POZZO,,,,,SAMARATE,VA,1481069.0,5052907.0,481042.0,5052887.0,223.767,,226.067,,,,,,PTUA2022-PTUA2003,IT03GWBISSAPTA,Gestore spegne pozzo al massimo per 30'-via Mezzomonte - C. Costa
329,PO012119NUP001,,,PIEZOMETRO,,,,,SARONNO,VA,1504078.0,5054393.0,504052.0,5054374.0,225.874,,225.614,,,,,,PTUA2022,IT03GWBISSAPTA,
330,PO012123NU2007,,,POZZO,,,,,SOMMA LOMBARDO,VA,1472410.0,5058810.0,472384.0,5058790.0,229.0,,229.0,,,,,,PTUA2022,IT03GWBISSAPTA,
331,PO012123NUP001,,,POZZO,,,,,SOMMA LOMBARDO,VA,1477421.0,5053964.0,477395.0,5053945.0,228.186,,231.736,,,,,,PTUA2022,IT03GWBISSAPTA,Gestore spegne pozzo al massimo per 30'
332,PO0121300RZ001,,,PIEZOMETRO,,,,,UBOLDO,VA,1497841.0,5049232.0,497814.0,5049212.0,203.65,,204.2,,,,,,PTUA2022,IT03GWBISSAPTA,
333,PO012136NU0001,,,POZZO,,,,,VENEGONO INFERIORE,VA,1492370.0,5064980.0,492344.0,5064960.0,324.0,,324.0,,,,,,PTUA2022-PTUA2003-OLONA,IT03GWBISSAPTA,via Sordelli 1-via Sordelli 1
334,PO012136NUZ001,,,PIEZOMETRO,,,,,VENEGONO INFERIORE,VA,1493256.0,5064410.0,493230.0,5064390.0,315.709,,316.009,,,,,,PTUA2022,IT03GWBISSAPTA,
335,PO0151750U0003,,0151750003,,,,,,PIOLTELLO                                                                                                                                                                                                                                                     ,MI,,,525254.740105599,5036562.589968897,113.76,,,,,,,,CAP,IT03GWBISSAPTA,
336,CAP-0151750289,,0151750289,,,,,,PIOLTELLO                                                                                                                                                                                                                                                     ,MI,,,524996.8078820193,5036104.996545999,113.01,,,,,,,,CAP-Idroscalo2005,IT03GWBISSAPTA,FEM Limito
337,PO0152050U0004,,0152050004,,,,,,SEGRATE                                                                                                                                                                                                                                                       ,MI,,,523904.1863247951,5035430.230752269,111.25,,,,,,,,CAP,IT03GWBISSAPTA,
338,PO0152050U0138,,0152050138,,,,,,SEGRATE                                                                                                                                                                                                                                                       ,MI,,,523036.110199785,5035074.31086532,111.21,,,,,,,,CAP,IT03GWBISSAPTA,Idroscalo
339,CAP-0152050140,,0152050140,,,,,,SEGRATE                                                                                                                                                                                                                                                       ,MI,,,523026.8493925885,5035070.007908097,111.21,,,,,,,,CAP-Idroscalo2005,IT03GWBISSAPTA,Idroscalo
340,CAP-0151910009,,0151910009,,,,,,SAN COLOMBANO AL LAMBRO                                                                                                                                                                                                                                       ,MI,,,539936.6705359794,5001275.717460201,66.78,,,,,,,,CAP,IT03GWBISSMPTLS,
341,CAP-0150500002,,0150500002,,,,,,CARPIANO                                                                                                                                                                                                                                                      ,MI,,,521192.5389624792,5020684.327313403,88.49,,,,,,,,CAP,IT03GWBISSMPTLS,delle Arti
342,CAP-0151150001,,0151150001,,,,,,LACCHIARELLA                                                                                                                                                                                                                                                  ,MI,,,510721.0196967169,5019026.431030868,95.22,,,,,,,,CAP,IT03GWBISSMPTLS,Via Trento
343,CAP-0152020001,,0152020001,,,,,,SAN ZENONE AL LAMBRO                                                                                                                                                                                                                                          ,MI,,,528021.6508386207,5019031.160016311,82.63,,,,,,,,CAP,IT03GWBISSMPLAS,
344,CAP-0152020002,,0152020002,,,,,,SAN ZENONE AL LAMBRO                                                                                                                                                                                                                                          ,MI,,,528008.4800375291,5019043.149734716,83.09,,,,,,,,CAP,IT03GWBISSMPLAS,
345,PO0150150U0005,,0150150005,,,,,,BASIGLIO                                                                                                                                                                                                                                                      ,MI,,,512090.0752990085,5023710.911131381,102.23,,,,,,,,CAP,IT03GWBISSMPTLN,Vivaldi
346,CAP-0151250001,,0151250001,,,,,,LOCATE DI TRIULZI                                                                                                                                                                                                                                             ,MI,,,517386.8666115865,5022662.551040866,94.84,,,,,,,,CAP,IT03GWBISSMPTLN,Piazza Gramsci
347,PO0151250U0004,,0151250004,,,,,,LOCATE DI TRIULZI                                                                                                                                                                                                                                             ,MI,,,517823.8520170621,5022264.13739753,94.99,,,,,,,,CAP,IT03GWBISSMPTLN,Via Nenni
348,CAP-0151400003,,0151400003,,,,,,MELEGNANO                                                                                                                                                                                                                                                     ,MI,,,525270.8562340838,5023251.240747944,92.47,,,,,,,,CAP,IT03GWBISSMPTLN,
349,PO0151590U0002,,0151590002,,,,,,OPERA                                                                                                                                                                                                                                                         ,MI,,,516449.0137381384,5024963.432614381,98.41,,,,,,,,CAP,IT03GWBISSMPTLN,
350,PO0151590U0004,,0151590004,,,,,,OPERA                                                                                                                                                                                                                                                         ,MI,,,516883.6851334436,5026977.433336375,103.52,,,,,,,,CAP,IT03GWBISSMPTLN,Mirasole
351,CAP-0151890001,,0151890001,,,,,,ROZZANO                                                                                                                                                                                                                                                       ,MI,,,511414.884760842,5024740.265846566,101.91,,,,,,,,CAP,IT03GWBISSMPTLN,
352,PO0151920U0002,,0151920002,,,,,,SAN DONATO MILANESE                                                                                                                                                                                                                                           ,MI,,,520298.9500894893,5029506.28974576,101.61,,,,,,,,CAP,IT03GWBISSMPTLN,
353,PO0151920U0005,,0151920005,,,,,,SAN DONATO MILANESE                                                                                                                                                                                                                                           ,MI,,,520810.5515548909,5030675.67376439,103.18,,,,,,,,CAP-Idroscalo2005,IT03GWBISSMPTLN,Via A.Moro
354,CAP-0151920023,,0151920023,,,,,,SAN DONATO MILANESE                                                                                                                                                                                                                                           ,MI,,,519806.9330744676,5029580.098299815,102.63,,,,,,,,CAP,IT03GWBISSMPTLN,
355,CAP-0151920024,,0151920024,,,,,,SAN DONATO MILANESE                                                                                                                                                                                                                                           ,MI,,,520361.919405224,5030345.086146387,103.35,,,,,,,,CAP,IT03GWBISSMPTLN,
356,CAP-0151950005,,0151950005,,,,,,SAN GIULIANO MILANESE                                                                                                                                                                                                                                         ,MI,,,522038.9018134639,5026965.15704984,96.74,,,,,,,,CAP,IT03GWBISSMPTLN,
357,CAP-0151950006,,0151950006,,,,,,SAN GIULIANO MILANESE                                                                                                                                                                                                                                         ,MI,,,523598.8752771868,5026262.176841951,94.44,,,,,,,,CAP,IT03GWBISSMPTLN,
358,PO0151950U0007,,0151950007,,,,,,SAN GIULIANO MILANESE                                                                                                                                                                                                                                         ,MI,,,519334.68959453,5026796.061981088,100.01,,,,,,,,CAP,IT03GWBISSMPTLN,
359,PO0151950U0012,,0151950012,,,,,,SAN GIULIANO MILANESE                                                                                                                                                                                                                                         ,MI,,,520768.0459415672,5027415.3072424885,98.68,,,,,,,,CAP,IT03GWBISSMPTLN,Via Liberazione
360,PO0151950U0015,,0151950015,,,,,,SAN GIULIANO MILANESE                                                                                                                                                                                                                                         ,MI,,,523842.79992397566,5025480.823634571,93.46,,,,,,,,CAP,IT03GWBISSMPTLN,Via Tolstoy
361,PO0152470UA202,,0152470001,,,,,,ZIBIDO SAN GIACOMO                                                                                                                                                                                                                                            ,MI,,,508808.31067835743,5023858.26265676,103.48,,,,,,,,CAP,IT03GWBISSMPTLN,
362,CAP-0152220001,,0152220001,,,,,,TRIBIANO                                                                                                                                                                                                                                                      ,MI,,,528797.7700656902,5027948.166605384,94.58,,,,,,,,CAP,IT03GWBISSMPLAN,
363,CAP-0152230001,,0152230001,,,,,,TRIBIANO                                                                                                                                                                                                                                                      ,MI,,,528797.7700656902,5027948.166605384,94.58,,,,,,,,CAP,IT03GWBISSMPLAN,Puccini
364,PO0151220U0001,,0151220001,,,,,,LISCATE                                                                                                                                                                                                                                                       ,MI,,,531919.9819920035,5036624.75054607,112.44,,,,,,,,CAP,IT03GWBISSMPLAN,
365,PO0151390U0001,,0151390001,,,,,,MEDIGLIA                                                                                                                                                                                                                                                      ,MI,,,526586.4905159579,5028743.890352231,96.34,,,,,,,,CAP,IT03GWBISSMPLAN,Via Stephenson
366,CAP-01080310001,,01080310001,,,,,,MEDIGLIA                                                                                                                                                                                                                                                      ,MI,,,526586.4905159579,5028743.890352231,96.34,,,,,,,,CAP,IT03GWBISSMPLAN,
367,PO0151670U0001,,0151670001,,,,,,PANTIGLIATE                                                                                                                                                                                                                                                   ,MI,,,527780.7423593218,5032011.055545497,102.37,,,,,,,,CAP,IT03GWBISSMPLAN,
368,PO0151710U0001,,0151710001,,,,,,PESCHIERA BORROMEO                                                                                                                                                                                                                                            ,MI,,,524563.621657495,5031160.180237381,100.3,,,,,,,,CAP,IT03GWBISSMPLAN,
369,CAP-0151710024,,0151710024,,,,,,PESCHIERA BORROMEO                                                                                                                                                                                                                                            ,MI,,,523266.73362634255,5029845.374697794,96.75,,,,,,,,CAP,IT03GWBISSMPLAN,Depuratore
370,CAP-0151710197,,0151710197,,,,,,PESCHIERA BORROMEO                                                                                                                                                                                                                                            ,MI,,,522917.87265375775,5029980.103696898,98.53,,,,,,,,CAP,IT03GWBISSMPLAN,FEM Mezzate
371,PO0151850U0001,,0151850001,,,,,,RODANO                                                                                                                                                                                                                                                        ,MI,,,528044.0599491434,5035478.740077,110.41,,,,,,,,CAP,IT03GWBISSMPLAN,
372,CAP-0151850004,,0151850004,,,,,,RODANO                                                                                                                                                                                                                                                        ,MI,,,528115.1505007466,5035504.199891653,110.26,,,,,,,,CAP,IT03GWBISSMPLAN,via S.Pellico
373,PO0152100U0001,,0152100001,,,,,,SETTALA                                                                                                                                                                                                                                                       ,MI,,,529815.4332975318,5035287.336070785,109.11,,,,,,,,CAP,IT03GWBISSMPLAN,
374,CAP-0980130001,,0980130001,,,,,,CASTELNUOVO BOCCA D'ADDA                                                                                                                                                                                                                                      ,LO,,,568173.1611725632,4995430.945148125,45.24,,,,,,,,CAP,IT03GWBISSBPPO,via Cairoli serb.
375,CAP-0980290001,,0980290001,,,,,,GUARDAMIGLIO                                                                                                                                                                                                                                                  ,LO,,,553566.437605391,4995335.886426196,47.29,,,,,,,,CAP,IT03GWBISSBPPO,
376,CAP-0980290003,,0980290003,,,,,,GUARDAMIGLIO                                                                                                                                                                                                                                                  ,LO,,,553633.4352238366,4995604.881613837,47.46,,,,,,,,CAP,IT03GWBISSBPPO,
377,CAP-0980490001,,0980490001,,,,,,SAN ROCCO AL PORTO                                                                                                                                                                                                                                            ,LO,,,554741.4283956187,4992200.95062282,51.92,,,,,,,,CAP,IT03GWBISSBPPO,via Acquedotto
378,CAP-0980150003,,0980150003,,,,,,CASTIRAGA VIDARDO                                                                                                                                                                                                                                             ,LO,,,530760.7986433454,5012168.473228633,75.53,,,,,,,,CAP,IT03GWBISSMPTLS,Cascina Pollarana
379,CAP-0980280001,,0980280001,,,,,,GRAFFIGNANA                                                                                                                                                                                                                                                   ,LO,,,535442.7329986357,5006680.5965210805,69.13,,,,,,,,CAP,IT03GWBISSMPTLS,via Milano - serb.
380,CAP-0980500005,,0980500005,,,,,,SANT'ANGELO LODIGIANO                                                                                                                                                                                                                                         ,LO,,,532012.7963636792,5007028.5756765455,74.38,,,,,,,,CAP,IT03GWBISSMPTLS,fraz.Ranera
381,CAP-0980590001,,0980590001,,,,,,VALERA FRATTA                                                                                                                                                                                                                                                 ,LO,,,526374.8842656376,5011506.467503513,77.81,,,,,,,,CAP,IT03GWBISSMPTLS,serb. scuola materna
382,CAP-0980040003,,0980040003,,,,,,BORGHETTO LODIGIANO                                                                                                                                                                                                                                           ,LO,,,538815.6681348551,5006952.605393158,67.66,,,,,,,,CAP,IT03GWBISSMPLAS,
383,CAP-0980040007,,0980040007,,,,,,BORGHETTO LODIGIANO                                                                                                                                                                                                                                           ,LO,,,539079.6727313151,5004645.6501371,60.63,,,,,,,,CAP,IT03GWBISSMPLAS,Casoni 3
384,CAP-0980050002,,0980050002,,,,,,BORGO SAN GIOVANNI                                                                                                                                                                                                                                            ,LO,,,533392.7428121524,5013636.456405661,77.78,,,,,,,,CAP,IT03GWBISSMPLAS,
385,CAP-0980050003,,0980050003,,,,,,BORGO SAN GIOVANNI                                                                                                                                                                                                                                            ,LO,,,533445.7417235344,5013657.456228823,77.76,,,,,,,,CAP,IT03GWBISSMPLAS,
386,CAP-0980070001,,0980070001,,,,,,CAMAIRAGO                                                                                                                                                                                                                                                     ,LO,,,556951.3292749213,5006036.698001108,60.4,,,,,,,,CAP,IT03GWBISSMPLAS,via 4 novembre
387,CAP-0980140001,,0980140001,,,,,,CASTIGLIONE D'ADDA                                                                                                                                                                                                                                            ,LO,,,554416.3702598354,5007702.655972789,60.31,,,,,,,,CAP,IT03GWBISSMPLAS,
388,CAP-0980140003,,0980140003,,,,,,CASTIGLIONE D'ADDA                                                                                                                                                                                                                                            ,LO,,,554274.3763725475,5006875.671027907,62.79,,,,,,,,CAP,IT03GWBISSMPLAS,Astronauti
389,CAP-0980170000,,0980170000,,,,,,CAVENAGO D'ADDA                                                                                                                                                                                                                                               ,LO,,,544781.5230703503,5014740.482855335,69.28,,,,,,,,CAP,IT03GWBISSMPLAS,
390,CAP-0980170003,,0980170003,,,,,,CAVENAGO D'ADDA                                                                                                                                                                                                                                               ,LO,,,547212.4774221085,5014674.494198988,67.66,,,,,,,,CAP,IT03GWBISSMPLAS,Via Valsecchi serb.
391,CAP-0980170012,,0980170012,,,,,,CAVENAGO D'ADDA                                                                                                                                                                                                                                               ,LO,,,544781.5230703503,5014740.482855335,69.28,,,,,,,,CAP,IT03GWBISSMPLAS,Soltarico
392,CAP-0980230001,,0980230001,,,,,,CORNOVECCHIO                                                                                                                                                                                                                                                  ,LO,,,562763.2508970874,4998450.865604838,52.67,,,,,,,,CAP,IT03GWBISSMPLAS,Municipio
393,CAP-0980260001,,0980260001,,,,,,FOMBIO                                                                                                                                                                                                                                                        ,LO,,,554170.411430108,4998895.821569299,56.85,,,,,,,,CAP,IT03GWBISSMPLAS,
394,CAP-0980260002,,0980260002,,,,,,FOMBIO                                                                                                                                                                                                                                                        ,LO,,,554263.4098178208,4998860.822617182,55.57,,,,,,,,CAP,IT03GWBISSMPLAS,via Giovanni XXIII
395,CAP-0980330001,,0980330001,,,,,,MACCASTORNA                                                                                                                                                                                                                                                   ,LO,,,567270.1610681966,4999577.862949289,40.28,,,,,,,,CAP,IT03GWBISSMPLAS,via Roma
396,CAP-0980350002,,0980350002,,,,,,MALEO                                                                                                                                                                                                                                                         ,LO,,,560071.28746969,5001900.789178868,57.44,,,,,,,,CAP,IT03GWBISSMPLAS,Piazza 25 Aprile
397,CAP-0980370001,,0980370001,,,,,,MASSALENGO                                                                                                                                                                                                                                                    ,LO,,,538685.6492206226,5012095.507559845,73.35,,,,,,,,CAP,IT03GWBISSMPLAS,
398,CAP-0980370002,,0980370002,,,,,,MASSALENGO                                                                                                                                                                                                                                                    ,LO,,,539092.6411782003,5012180.507643368,74.14,,,,,,,,CAP,IT03GWBISSMPLAS,
399,CAP-0980400001,,0980400001,,,,,,MONTANASO LOMBARDO                                                                                                                                                                                                                                            ,LO,,,535848.670170593,5019948.347230227,82.67,,,,,,,,CAP,IT03GWBISSMPLAS,Comune
400,CAP-0980420003,,0980420003,,,,,,ORIO LITTA                                                                                                                                                                                                                                                    ,LO,,,543791.5991110007,5000932.739960029,65.02,,,,,,,,CAP,IT03GWBISSMPLAS,via Pio Rossi
401,CAP-0980450001,,0980450001,,,,,,PIEVE FISSIRAGA                                                                                                                                                                                                                                               ,LO,,,535519.7022750586,5013721.463642029,78.92,,,,,,,,CAP,IT03GWBISSMPLAS,Cascina S.Antonio
402,CAP-0980480003,,0980480003,,,,,,SAN MARTINO IN STRADA                                                                                                                                                                                                                                         ,LO,,,541484.5909405352,5013395.494599944,73.19,,,,,,,,CAP,IT03GWBISSMPLAS,via F.Aporti-serb.
403,CAP-0980480004,,0980480004,,,,,,SAN MARTINO IN STRADA                                                                                                                                                                                                                                         ,LO,,,541511.5907835882,5013310.496319925,73.24,,,,,,,,CAP,IT03GWBISSMPLAS,via F.Aporti-serb.
404,CAP-0980560001,,0980560001,,,,,,TAVAZZANO CON VILLAVESCO                                                                                                                                                                                                                                      ,LO,,,531842.7454748387,5020036.328904375,82.34,,,,,,,,CAP,IT03GWBISSMPLAS,
405,CAP-0980580002,,0980580002,,,,,,TURANO LODIGIANO                                                                                                                                                                                                                                              ,LO,,,548730.4647816786,5010811.573569096,65.49,,,,,,,,CAP,IT03GWBISSMPLAS,via 25 Aprile
406,CAP-0980020001,,0980020001,,,,,,BERTONICO                                                                                                                                                                                                                                                     ,LO,,,552805.3940213227,5009311.618853627,62.65,,,,,,,,CAP,IT03GWBISSMPLAS,via Garibaldi
407,CAP-0980020002,,0980020002,,,,,,BERTONICO                                                                                                                                                                                                                                                     ,LO,,,552829.3938458583,5009244.620220566,62.29,,,,,,,,CAP,IT03GWBISSMPLAS,via Garibaldi
408,CAP-0980060001,,0980060001,,,,,,BREMBIO                                                                                                                                                                                                                                                       ,LO,,,545012.551493864,5006844.633176843,66.42,,,,,,,,CAP,IT03GWBISSMPLAS,
409,CAP-0980090001,,0980090001,,,,,,CASALMAIOCCO                                                                                                                                                                                                                                                  ,LO,,,528883.7924430014,5022181.276024025,87.02,,,,,,,,CAP,IT03GWBISSMPLAN,
410,CAP-0980200001,,0980200001,,,,,,COMAZZO                                                                                                                                                                                                                                                       ,LO,,,536505.6071784581,5032112.119943524,90.77,,,,,,,,CAP,IT03GWBISSMPLAN,Piazza Caduti
411,CAP-0980390001,,0980390001,,,,,,MERLINO                                                                                                                                                                                                                                                       ,LO,,,533581.6665536158,5031112.126686993,97.92,,,,,,,,CAP,IT03GWBISSMPLAN,
412,CAP-0980410001,,0980410001,,,,,,MULAZZANO                                                                                                                                                                                                                                                     ,LO,,,531385.7355938233,5024486.242843741,90.43,,,,,,,,CAP,IT03GWBISSMPLAN,via Lago Maggiore
413,CAP-0181140002,,0181140002,,,,,,PIEVE PORTO MORONE                                                                                                                                                                                                                                            ,PV,,,534761.7928098906,4995385.807417155,54.68,,,,,,,,CAP,IT03GWBISSBPPO,
414,CAP-0180700001,,0180700001,,,,,,GENZONE                                                                                                                                                                                                                                                       ,PV,,,527546.8980923276,5002860.635963813,73.99,,,,,,,,CAP,IT03GWBISSMPTLS,via Cairoli
415,CAP-0180780001,,0180780001,,,,,,LANDRIANO                                                                                                                                                                                                                                                     ,PV,,,520446.97066793154,5017654.3265213305,85.63,,,,,,,,CAP,IT03GWBISSMPTLS,Piazza Marconi
416,CAP-0181800003,,0181800003,,,,,,VILLANTERIO                                                                                                                                                                                                                                                   ,PV,,,526941.8800481178,5009945.499394754,75.96,,,,,,,,CAP,IT03GWBISSMPTLS,fraz.Bolognola
417,CAP-0180930002,,0180930002,,,,,,MIRADOLO TERME                                                                                                                                                                                                                                                ,PV,,,535621.7492332057,5001960.686570022,68.88,,,,,,,,CAP,IT03GWBISSMPTLS,
418,CAP-0181390002,,0181390002,,,,,,SANTA CRISTINA E BISSONE                                                                                                                                                                                                                                      ,PV,,,531066.8405941405,5000690.691665744,68.79,,,,,,,,CAP,IT03GWBISSMPTLS,via Milano
419,CAP-0181500002,,0181500002,,,,,,SIZIANO                                                                                                                                                                                                                                                       ,PV,,,515638.0605535984,5017886.302096831,90.06,,,,,,,,CAP,IT03GWBISSMPTLS,I Maggio
420,CAP-0181570001,,0181570001,,,,,,TORRE D'ARESE                                                                                                                                                                                                                                                 ,PV,,,525126.9149543066,5009798.494622491,77.34,,,,,,,,CAP,IT03GWBISSMPTLS,Morivione
421,idroscalo,,,,,,,,PESCHIERA BORROMEO,MI,,,522422.3263583233,5033299.731368452,105.95,,,,,,,,Citt Metropolitana Milano,IT03GWBISSMPLAN,"rilevamenti del livello dell'Idroscalo, affioramento della falda"
422,FOG14,,0151461312,,,,,,MILANO,MI,518932.920616568,5036529.963244154,1518961.0,5036550.0,118.65,,,,,,,,FOG,IT03GWBISSAPTA,SCUOLE LAMBRATE - VIA CONTE ROSSO
423,FOG16,,0151461161,,,,,,MILANO,MI,515853.9946343197,5032722.022410121,1515882.0,5032742.0,114.38,,,,,,,,FOG,IT03GWBISSAPTA,VIA CREMA
424,FOG24,,0151461535,,,,,,MILANO,MI,509374.09124799183,5038896.878626455,1509402.0,5038917.0,135.53,,,,,,,,FOG,IT03GWBISSAPTA,CIMITERO MUSOCCO
425,FOG27,,0151461119,,,,,,MILANO,MI,513824.03009837685,5033411.000917559,1513852.0,5033431.0,115.87,,,,,,,,FOG,IT03GWBISSAPTA,VIA ARENA 17
426,FOG34,,0151461162,,,,,,MILANO,MI,513622.0348764663,5033180.004443144,1513650.0,5033200.0,115.23,,,,,,,,FOG,IT03GWBISSAPTA,SCUOLA ALZAIA NAVIGLIO GRANDE 22
427,FOG41,,0151461121,,,,,,MILANO,MI,513320.0336862312,5034832.971927784,1513348.0,5034853.0,119.56,,,,,,,,FOG,IT03GWBISSAPTA,SCUOLA VIA RUFFINI  4-6
428,FOG50,,0151461353,,,,,,MILANO,MI,519793.91581863246,5033780.0188278295,1519822.0,5033800.0,109.14,,,,,,,,FOG,IT03GWBISSAPTA,SCUOLA VIA MONLUE' 65 (FOG)
429,FOG56,,0151461495,,,,,,MILANO,MI,508244.1179025242,5037622.897998509,1508272.0,5037643.0,132.7,,,,,,,,FOG,IT03GWBISSAPTA,SCUOLA VIA LAMPUGNANO 145
430,FOG72,,0151461354,,,,,,MILANO,MI,519229.9327454951,5032274.044953425,1519258.0,5032294.0,108.03,,,,,,,,FOG,IT03GWBISSAPTA,SCUOLA VIA SORDELLO 7
431,FOG9,,,,,,,,MILANO,MI,516496.9695051595,5035836.966191967,1516525.0,5035857.0,110.79,,,,,,,,FOG,IT03GWBISSAPTA,Scuola Via Stoppani
432,FOG17,,0151461374,,,,,,MILANO,MI,517441.9689004675,5031701.04833617,1517470.0,5031721.0,110.44,,,,,,,,FOG,IT03GWBISSMPTLN,VIA POLESINE
433,FOG18,,0151461375,,,,,,MILANO,MI,519317.9369593701,5030864.071982008,1519346.0,5030884.0,105.12,,,,,,,,FOG,IT03GWBISSMPTLN,VIA M.PIANA
434,FOG21,,0151461376,,,,,,MILANO,MI,517495.9677972882,5031721.048183067,1517524.0,5031741.0,108.8,,,,,,,,FOG,IT03GWBISSMPTLN,VIALE MARTINI 4 - CENTRALE AP
435,FOG31,,0151461486,,,,,,MILANO,MI,510155.09551707,5034338.968066586,1510183.0,5034359.0,122.07,,,,,,,,FOG,IT03GWBISSMPTLN,Scuola di Via delle Forze armate n.65
436,FOG32,,0151461462,,,,,,MILANO,MI,511149.08250182704,5032958.998307749,1511177.0,5032979.0,116.77,,,,,,,,FOG,IT03GWBISSMPTLN,VIA VESPRI.SICILIANI 75
437,FOG33,,0151461417,,,,,,MILANO,MI,513766.0376655159,5031859.030022811,1513794.0,5031879.0,114.89,,,,,,,,FOG,IT03GWBISSMPTLN,VIA SFORZA 91 - CENTRALE AP
438,FOG38,,0151461377,,,,,,MILANO,MI,515717.0048591106,5030890.056480987,1515745.0,5030910.0,108.91,,,,,,,,FOG,IT03GWBISSMPTLN,SCUOLA VIA NOTO 4
439,FOG55,,0151461487,,,,,,MILANO,MI,506807.15797692665,5034522.950616933,1506835.0,5034543.0,125.17,,,,,,,,FOG,IT03GWBISSMPTLN,"VIA ANSELMO DA BAGGIO 60
"
440,FOG58,,0151461488,,,,,,MILANO,MI,506935.1493660837,5036006.923090616,1506963.0,5036027.0,129.66,,,,,,,,FOG,IT03GWBISSMPTLN,SCUOLA VIA CAIO MARIO 18
441,PO015209NR0264,,0152090264,,,,,,SESTO SAN GIOVANNI,MI,,,518578.77552852826,5041753.683009028,137.51,,,,,,,,SSGiovanni,IT03GWBISSAPTA,PIE-VITTORIA_A
442,CM.PS.002,,0152090284,,,,,,SESTO SAN GIOVANNI,MI,,,520492.0233070304,5043216.663328315,142.81,,,,,,,,SSGiovanni,IT03GWBISSAPTA,PIE-CAVA_MELZI
443,PO015209NR0336,,0152090336,,,,,,SESTO SAN GIOVANNI,MI,,,519283.32765881234,5042849.28523466,142.55,,,,,,,,SSGiovanni,IT03GWBISSAPTA,PIE-UNIONE
444,PO015209NRA683,,0152090340,,,,,,SESTO SAN GIOVANNI,MI,,,518988.4312938887,5043312.885241416,142.08,,,,,,,,SSGiovanni,IT03GWBISSAPTA,PIE-UNIONE
